source_path,repository_path,sha256,bytes,category,evidence_class,version,note
TFM/Entrega_final/reproducibilidad/v2/bess_final/historico_der/energia_bess_pre_simulacion.csv,archive/v2-planning/bess/historico_der/energia_bess_pre_simulacion.csv,6ff869c141c9f39ccdd117ca0cd0bacf005722c178c4ec2271938d18f53f95d4,369,planning-archive,historical-derived-or-planned,v2,Artefacto histórico de planificación o cálculo intermedio; no es el resultado final gobernante.
TFM/Entrega_final/reproducibilidad/v2/bess_final/historico_der/matriz_resultados_bess_pre_simulacion.csv,archive/v2-planning/bess/historico_der/matriz_resultados_bess_pre_simulacion.csv,ae32c6a6a72efe7122b49f337ab7ff4f02a03e8028af900ba41ba2d782a0bb08,602,planning-archive,historical-derived-or-planned,v2,Artefacto histórico de planificación o cálculo intermedio; no es el resultado final gobernante.
TFM/Entrega_final/reproducibilidad/v2/bess_final/historico_planificacion/matriz_resultados_bess_v23_vacia.csv,archive/v2-planning/bess/historico_planificacion/matriz_resultados_bess_v23_vacia.csv,8edd991c9639083def15bff1d9abd8e5a17a1db084a256189968161c78f5a00a,827,planning-archive,historical-derived-or-planned,v2,Artefacto histórico de planificación o cálculo intermedio; no es el resultado final gobernante.
TFM/Entrega_final/reproducibilidad/v2/manifest_campana.csv,archive/v2-planning/manifest_campana.csv,f216f6dbe0efe4e1d7359731dcbcdd72ec26ba3bf227c09742c7bad20c63a840,439619,planning-archive,planned-not-executed,v2,Plan de campaña con status=planned; no demuestra ejecución de 4.400 corridas.
TFM/Entrega_final/reproducibilidad/v2/resumen_manifest_campana.json,archive/v2-planning/resumen_manifest_campana.json,e42f2cb11fb523db1a3ff87bf457adb4cc0c316623bf76447ff13fe19fa3a67b,1007,planning-archive,planned-not-executed,v2,Plan de campaña con status=planned; no demuestra ejecución de 4.400 corridas.
TFM/Entrega_final/reproducibilidad/v2/EVIDENCIA_POWERWORLD_BASE.md,data/provenance/v2/EVIDENCIA_POWERWORLD_BASE.md,d9501f16669f6bc062000eaaed054784e5fff79a45f31fc23339ebb39e2ebbc4,4633,provenance,mixed-see-data-dictionary,v2,"Contiene observaciones documentales, especificaciones, proxies, hipótesis o derivados según sus campos."
TFM/Entrega_final/reproducibilidad/v2/aux_schema_validado.json,data/provenance/v2/aux_schema_validado.json,e408903465af2f354d4e19198939687ec5da4f44a762b7a09d147ef7f94857c9,3505,provenance,mixed-see-data-dictionary,v2,"Contiene observaciones documentales, especificaciones, proxies, hipótesis o derivados según sus campos."
TFM/Entrega_final/reproducibilidad/v2/casos_v2_validacion.json,data/provenance/v2/casos_v2_validacion.json,8ab70c2483b8b221226b729339866fd58ac47bed8ae3bb95a06f746887546c55,4046,provenance,mixed-see-data-dictionary,v2,"Contiene observaciones documentales, especificaciones, proxies, hipótesis o derivados según sus campos."
TFM/Entrega_final/reproducibilidad/v2/hashes_originales.csv,data/provenance/v2/hashes_originales.csv,fdeef26d2da9e9911d5804eb97eedc12c81e993e90a12afe0750d27104f2d31b,655,provenance,mixed-see-data-dictionary,v2,"Contiene observaciones documentales, especificaciones, proxies, hipótesis o derivados según sus campos."
TFM/Entrega_final/reproducibilidad/v2/registro_parametros.csv,data/provenance/v2/registro_parametros.csv,aa826ff936248395879fff0329f9643aa02d998cecfcd7943999d41c66d8b519,1989,provenance,mixed-see-data-dictionary,v2,"Contiene observaciones documentales, especificaciones, proxies, hipótesis o derivados según sus campos."
TFM/Entrega_final/Informe_auditoria_TFM_San_Andres_v2.md,deliverables/v2/Informe_auditoria_TFM_San_Andres_v2.md,ddf42e95dc48d0b4a469afa471eaa1b5ead8685a98df438620c45ea72e69e14a,12273,academic-deliverable,document,v2,Versión académica y auditoría canónica; no sustituye la aprobación institucional.
TFM/Entrega_final/TFM_San_Andres_APA_VIU_Diomar_Andres_Pacheco_D_FINAL_V2.docx,deliverables/v2/TFM_San_Andres_APA_VIU_Diomar_Andres_Pacheco_D_FINAL_V2.docx,bee726bf2481d6fa47189705f2271ef4cd021522b33b091177e16203fdf0509c,675364,academic-deliverable,document,v2,Versión académica y auditoría canónica; no sustituye la aprobación institucional.
TFM/Entrega_final/Informe_auditoria_TFM_San_Andres_v3.md,deliverables/v3/Informe_auditoria_TFM_San_Andres_v3.md,f56eb8775ae18edd01c1276bfdd37804104697f0f731a5a0d9308712cafdfbb9,11564,academic-deliverable,document,v3,Versión académica y auditoría canónica; no sustituye la aprobación institucional.
TFM/Entrega_final/TFM_San_Andres_APA_VIU_Diomar_Andres_Pacheco_D_FINAL_V3.docx,deliverables/v3/TFM_San_Andres_APA_VIU_Diomar_Andres_Pacheco_D_FINAL_V3.docx,0a3c30d07306897bda86d708d252a9cbbc1bc8895663248834a193b940b8ab95,896781,academic-deliverable,document,v3,Versión académica y auditoría canónica; no sustituye la aprobación institucional.
TFM/Entrega_final/TFM_San_Andres_APA_VIU_Diomar_Andres_Pacheco_D_FINAL_V3.pdf,deliverables/v3/TFM_San_Andres_APA_VIU_Diomar_Andres_Pacheco_D_FINAL_V3.pdf,96884ea9d99c781d623a6090937e73432a6a7ad78b6aee5c3f6492bb60812230,1148562,academic-deliverable,document,v3,Versión académica y auditoría canónica; no sustituye la aprobación institucional.
TFM/Entrega_final/Informe_auditoria_TFM_San_Andres_v4.md,deliverables/v4/Informe_auditoria_TFM_San_Andres_v4.md,9ce500622ecc46423d52515fb1570275ba892d0dedd108504278b41ff9ee6dab,11998,academic-deliverable,document,v4,Versión académica y auditoría canónica; no sustituye la aprobación institucional.
TFM/Entrega_final/TFM_San_Andres_APA_VIU_Diomar_Andres_Pacheco_D_FINAL_V4.docx,deliverables/v4/TFM_San_Andres_APA_VIU_Diomar_Andres_Pacheco_D_FINAL_V4.docx,11c7843d51824fdf5084cf2b432b028836c61be95d1ec045d1e2d507a13ef43e,896817,academic-deliverable,document,v4,Versión académica y auditoría canónica; no sustituye la aprobación institucional.
TFM/Entrega_final/TFM_San_Andres_APA_VIU_Diomar_Andres_Pacheco_D_FINAL_V4.pdf,deliverables/v4/TFM_San_Andres_APA_VIU_Diomar_Andres_Pacheco_D_FINAL_V4.pdf,5978e1bd8beb3175b35eb11d025dae4e5a618a7ecd41f1ace335f4a1d2abd4ef,1134348,academic-deliverable,document,v4,Versión académica y auditoría canónica; no sustituye la aprobación institucional.
"TFM/Entrega_final/reproducibilidad/v2/evidencias_manual/GMD_0p9144m/Base A — GMD 0,9144 m.PWB","models/powerworld/v2/GMD_0p9144m/Base A — GMD 0,9144 m.PWB",70540e14498e47664fa151a01f291fc8787914ab41cf6aab1cb9e569509c97ba,40926,powerworld-model-and-manual-evidence,model-or-observed-interface-export,v2,Archivos del modelo y exportaciones manuales de PowerWorld Simulator 24 Evaluation.
TFM/Entrega_final/reproducibilidad/v2/evidencias_manual/GMD_0p9144m/SA_AC_v2_GMD_0p9144m_MANUAL_WORKING.PWB,models/powerworld/v2/GMD_0p9144m/SA_AC_v2_GMD_0p9144m_MANUAL_WORKING.PWB,50cdd05829908202c5e91aaa96a0dedb8e7584f5866340c7daf24eb929992271,42327,powerworld-model-and-manual-evidence,model-or-observed-interface-export,v2,Archivos del modelo y exportaciones manuales de PowerWorld Simulator 24 Evaluation.
TFM/Entrega_final/reproducibilidad/v2/evidencias_manual/GMD_0p9144m/SA_AC_v2_GMD_1p2192m_manual.PWB,models/powerworld/v2/GMD_0p9144m/SA_AC_v2_GMD_1p2192m_manual.PWB,cd92f5d7c42cc0b8015acdc05fd5c9522f7ef17ff1f2d0b5defbc8c4b0e1873d,44076,powerworld-model-and-manual-evidence,model-or-observed-interface-export,v2,Archivos del modelo y exportaciones manuales de PowerWorld Simulator 24 Evaluation.
TFM/Entrega_final/reproducibilidad/v2/evidencias_manual/GMD_0p9144m/Simulacion1.pwd,models/powerworld/v2/GMD_0p9144m/Simulacion1.pwd,ee2fd6c463afa95750044d561d7b9814c2e90c67d5c5783c9f86838ee7d429c4,14340,powerworld-model-and-manual-evidence,model-or-observed-interface-export,v2,Archivos del modelo y exportaciones manuales de PowerWorld Simulator 24 Evaluation.
TFM/Entrega_final/reproducibilidad/v2/evidencias_manual/GMD_0p9144m/manual_GMD_0p9144m_buses_base.aux,models/powerworld/v2/GMD_0p9144m/manual_GMD_0p9144m_buses_base.aux,fdf8cca60759528e1705cc1c524e101796c53719e9ef4ab0dd8a37272eea295f,1019,powerworld-model-and-manual-evidence,model-or-observed-interface-export,v2,Archivos del modelo y exportaciones manuales de PowerWorld Simulator 24 Evaluation.
TFM/Entrega_final/reproducibilidad/v2/evidencias_manual/GMD_0p9144m/manual_GMD_0p9144m_buses_base.csv,models/powerworld/v2/GMD_0p9144m/manual_GMD_0p9144m_buses_base.csv,6e2de39d4a1ec237e61291dc3afdee8c6c3b44d4d1ba8caac90abc2044229b24,818,powerworld-model-and-manual-evidence,model-or-observed-interface-export,v2,Archivos del modelo y exportaciones manuales de PowerWorld Simulator 24 Evaluation.
TFM/Entrega_final/reproducibilidad/v2/evidencias_manual/GMD_0p9144m/manual_GMD_0p9144m_cargas_base.aux,models/powerworld/v2/GMD_0p9144m/manual_GMD_0p9144m_cargas_base.aux,22a71721fdff3fd6cd035ab2a3bd8aaab75cf5a6d655b1f653451a4f6ccc5ea1,355,powerworld-model-and-manual-evidence,model-or-observed-interface-export,v2,Archivos del modelo y exportaciones manuales de PowerWorld Simulator 24 Evaluation.
TFM/Entrega_final/reproducibilidad/v2/evidencias_manual/GMD_0p9144m/manual_GMD_0p9144m_cargas_base.csv,models/powerworld/v2/GMD_0p9144m/manual_GMD_0p9144m_cargas_base.csv,89e4985f99922b305b19f575ec4c3ee89dfeb8485ecc0be588e06c764de61db5,315,powerworld-model-and-manual-evidence,model-or-observed-interface-export,v2,Archivos del modelo y exportaciones manuales de PowerWorld Simulator 24 Evaluation.
TFM/Entrega_final/reproducibilidad/v2/evidencias_manual/GMD_0p9144m/manual_GMD_0p9144m_contingencias_base.aux,models/powerworld/v2/GMD_0p9144m/manual_GMD_0p9144m_contingencias_base.aux,34b2011a20e79973add81d7e28c81d96b45abb809d69cf1f76a31aef2bd0b68e,2594,powerworld-model-and-manual-evidence,model-or-observed-interface-export,v2,Archivos del modelo y exportaciones manuales de PowerWorld Simulator 24 Evaluation.
TFM/Entrega_final/reproducibilidad/v2/evidencias_manual/GMD_0p9144m/manual_GMD_0p9144m_contingencias_base.csv,models/powerworld/v2/GMD_0p9144m/manual_GMD_0p9144m_contingencias_base.csv,e062bf65f4e8f53d1446c8633bcf1a72164e721d7d3830dba57256f4d37c5736,994,powerworld-model-and-manual-evidence,model-or-observed-interface-export,v2,Archivos del modelo y exportaciones manuales de PowerWorld Simulator 24 Evaluation.
TFM/Entrega_final/reproducibilidad/v2/evidencias_manual/GMD_0p9144m/manual_GMD_0p9144m_contingency_Branch.aux,models/powerworld/v2/GMD_0p9144m/manual_GMD_0p9144m_contingency_Branch.aux,f98ece35dd8926cb362096712dc380e6dd652e9913a53258d37b12fe19cef95c,11448,powerworld-model-and-manual-evidence,model-or-observed-interface-export,v2,Archivos del modelo y exportaciones manuales de PowerWorld Simulator 24 Evaluation.
TFM/Entrega_final/reproducibilidad/v2/evidencias_manual/GMD_0p9144m/manual_GMD_0p9144m_contingency_Bus.aux,models/powerworld/v2/GMD_0p9144m/manual_GMD_0p9144m_contingency_Bus.aux,7014f681390d932bd3f26e0fff7d0fa9955fb19bc3868a1e79a35ede38f06f2b,7360,powerworld-model-and-manual-evidence,model-or-observed-interface-export,v2,Archivos del modelo y exportaciones manuales de PowerWorld Simulator 24 Evaluation.
TFM/Entrega_final/reproducibilidad/v2/evidencias_manual/GMD_0p9144m/manual_GMD_0p9144m_contingency_ViolationCTG.aux,models/powerworld/v2/GMD_0p9144m/manual_GMD_0p9144m_contingency_ViolationCTG.aux,932a43fc0b77720acc4e1e336b225519a46f1ca8da4fa0d0648027554efd9292,16557,powerworld-model-and-manual-evidence,model-or-observed-interface-export,v2,Archivos del modelo y exportaciones manuales de PowerWorld Simulator 24 Evaluation.
TFM/Entrega_final/reproducibilidad/v2/evidencias_manual/GMD_0p9144m/manual_GMD_0p9144m_contingency_options.aux,models/powerworld/v2/GMD_0p9144m/manual_GMD_0p9144m_contingency_options.aux,b497c9d813d77489f783a4a7e82034497daa810324588a4cc767177dda04b649,11421,powerworld-model-and-manual-evidence,model-or-observed-interface-export,v2,Archivos del modelo y exportaciones manuales de PowerWorld Simulator 24 Evaluation.
TFM/Entrega_final/reproducibilidad/v2/evidencias_manual/GMD_0p9144m/manual_GMD_0p9144m_generadores_base.aux,models/powerworld/v2/GMD_0p9144m/manual_GMD_0p9144m_generadores_base.aux,d60dd3e0c54377a664e2f950f62b8034e25394712b85ece83bae5c3e5a43bcb5,472,powerworld-model-and-manual-evidence,model-or-observed-interface-export,v2,Archivos del modelo y exportaciones manuales de PowerWorld Simulator 24 Evaluation.
TFM/Entrega_final/reproducibilidad/v2/evidencias_manual/GMD_0p9144m/manual_GMD_0p9144m_generadores_base.csv,models/powerworld/v2/GMD_0p9144m/manual_GMD_0p9144m_generadores_base.csv,282df1a020e67ec3981afbe750aa0060ea03e08a33599b045dd0f7953d9b2a9b,417,powerworld-model-and-manual-evidence,model-or-observed-interface-export,v2,Archivos del modelo y exportaciones manuales de PowerWorld Simulator 24 Evaluation.
TFM/Entrega_final/reproducibilidad/v2/evidencias_manual/GMD_0p9144m/manual_GMD_0p9144m_islas_base.aux,models/powerworld/v2/GMD_0p9144m/manual_GMD_0p9144m_islas_base.aux,158bfdcea0eb584e2171f12ad84cede6e94e410f6beb9382426b3634e6fda233,254,powerworld-model-and-manual-evidence,model-or-observed-interface-export,v2,Archivos del modelo y exportaciones manuales de PowerWorld Simulator 24 Evaluation.
TFM/Entrega_final/reproducibilidad/v2/evidencias_manual/GMD_0p9144m/manual_GMD_0p9144m_islas_base.csv,models/powerworld/v2/GMD_0p9144m/manual_GMD_0p9144m_islas_base.csv,d8bb44e638331217f5c89d5d71975268386e0d1df991b3aa7b4a6c7329de3e61,229,powerworld-model-and-manual-evidence,model-or-observed-interface-export,v2,Archivos del modelo y exportaciones manuales de PowerWorld Simulator 24 Evaluation.
TFM/Entrega_final/reproducibilidad/v2/evidencias_manual/GMD_0p9144m/manual_GMD_0p9144m_limit_branches_raw.csv,models/powerworld/v2/GMD_0p9144m/manual_GMD_0p9144m_limit_branches_raw.csv,b286a263d7ba145785666fc152d71d8b29b45828893acdddd26035f49e522e41,1261,powerworld-model-and-manual-evidence,model-or-observed-interface-export,v2,Archivos del modelo y exportaciones manuales de PowerWorld Simulator 24 Evaluation.
TFM/Entrega_final/reproducibilidad/v2/evidencias_manual/GMD_0p9144m/manual_GMD_0p9144m_limit_buses_raw.csv,models/powerworld/v2/GMD_0p9144m/manual_GMD_0p9144m_limit_buses_raw.csv,8620aefe6adf80afae61bc73099a191a71dae1f66e2899e474a6065e67881f2a,662,powerworld-model-and-manual-evidence,model-or-observed-interface-export,v2,Archivos del modelo y exportaciones manuales de PowerWorld Simulator 24 Evaluation.
TFM/Entrega_final/reproducibilidad/v2/evidencias_manual/GMD_0p9144m/manual_GMD_0p9144m_limit_monitoring.aux,models/powerworld/v2/GMD_0p9144m/manual_GMD_0p9144m_limit_monitoring.aux,b3fc38683037e22a1d63eb97ee6d212cc1c47491312c1f6db3e8afa9a9d8fbbd,2092,powerworld-model-and-manual-evidence,model-or-observed-interface-export,v2,Archivos del modelo y exportaciones manuales de PowerWorld Simulator 24 Evaluation.
TFM/Entrega_final/reproducibilidad/v2/evidencias_manual/GMD_0p9144m/manual_GMD_0p9144m_mismatches_base.aux,models/powerworld/v2/GMD_0p9144m/manual_GMD_0p9144m_mismatches_base.aux,7638c18c43d01f7f4452c36726b659c4e457f82aa7c3de31b4da3041284457c9,428,powerworld-model-and-manual-evidence,model-or-observed-interface-export,v2,Archivos del modelo y exportaciones manuales de PowerWorld Simulator 24 Evaluation.
TFM/Entrega_final/reproducibilidad/v2/evidencias_manual/GMD_0p9144m/manual_GMD_0p9144m_mismatches_base.csv,models/powerworld/v2/GMD_0p9144m/manual_GMD_0p9144m_mismatches_base.csv,a3fa2fcba0852567291d2baa766af05eecad2ee2dd6a01f5e9b695dd149e31c1,330,powerworld-model-and-manual-evidence,model-or-observed-interface-export,v2,Archivos del modelo y exportaciones manuales de PowerWorld Simulator 24 Evaluation.
TFM/Entrega_final/reproducibilidad/v2/evidencias_manual/GMD_0p9144m/manual_GMD_0p9144m_ramas_base.aux,models/powerworld/v2/GMD_0p9144m/manual_GMD_0p9144m_ramas_base.aux,6511b4ffb0f604b22b172c7573f11caef19ec59462c3729bbf9b1e32a4005b23,1394,powerworld-model-and-manual-evidence,model-or-observed-interface-export,v2,Archivos del modelo y exportaciones manuales de PowerWorld Simulator 24 Evaluation.
TFM/Entrega_final/reproducibilidad/v2/evidencias_manual/GMD_0p9144m/manual_GMD_0p9144m_ramas_base.csv,models/powerworld/v2/GMD_0p9144m/manual_GMD_0p9144m_ramas_base.csv,fca6ef67709a9d34824e0720ffd277689d651811782214678ced6520b5dd6add,1260,powerworld-model-and-manual-evidence,model-or-observed-interface-export,v2,Archivos del modelo y exportaciones manuales de PowerWorld Simulator 24 Evaluation.
TFM/Entrega_final/reproducibilidad/v2/evidencias_manual/GMD_0p9144m/manual_GMD_0p9144m_solution_options.aux,models/powerworld/v2/GMD_0p9144m/manual_GMD_0p9144m_solution_options.aux,6e39d365ad1e1ec00cf42e6684757a7d0a937e1c861c4059958671d12f55cd58,9429,powerworld-model-and-manual-evidence,model-or-observed-interface-export,v2,Archivos del modelo y exportaciones manuales de PowerWorld Simulator 24 Evaluation.
TFM/Entrega_final/reproducibilidad/v2/evidencias_manual/GMD_1p2192m/SA_AC_v2_GMD_1p2192m_MANUAL_WORKING.PWB,models/powerworld/v2/GMD_1p2192m/SA_AC_v2_GMD_1p2192m_MANUAL_WORKING.PWB,17825139802d956f7385ee05584eab27e1bcd7e8fa9cea9bce45e7a0cc0abb16,42482,powerworld-model-and-manual-evidence,model-or-observed-interface-export,v2,Archivos del modelo y exportaciones manuales de PowerWorld Simulator 24 Evaluation.
TFM/Entrega_final/reproducibilidad/v2/evidencias_manual/GMD_1p2192m/Simulacion1.pwd,models/powerworld/v2/GMD_1p2192m/Simulacion1.pwd,ee2fd6c463afa95750044d561d7b9814c2e90c67d5c5783c9f86838ee7d429c4,14340,powerworld-model-and-manual-evidence,model-or-observed-interface-export,v2,Archivos del modelo y exportaciones manuales de PowerWorld Simulator 24 Evaluation.
TFM/Entrega_final/reproducibilidad/v2/evidencias_manual/GMD_1p2192m/manual_GMD_1p2192m_contingencias_base.aux,models/powerworld/v2/GMD_1p2192m/manual_GMD_1p2192m_contingencias_base.aux,34b2011a20e79973add81d7e28c81d96b45abb809d69cf1f76a31aef2bd0b68e,2594,powerworld-model-and-manual-evidence,model-or-observed-interface-export,v2,Archivos del modelo y exportaciones manuales de PowerWorld Simulator 24 Evaluation.
TFM/Entrega_final/reproducibilidad/v2/evidencias_manual/GMD_1p2192m/manual_GMD_1p2192m_contingencias_base.csv,models/powerworld/v2/GMD_1p2192m/manual_GMD_1p2192m_contingencias_base.csv,e062bf65f4e8f53d1446c8633bcf1a72164e721d7d3830dba57256f4d37c5736,994,powerworld-model-and-manual-evidence,model-or-observed-interface-export,v2,Archivos del modelo y exportaciones manuales de PowerWorld Simulator 24 Evaluation.
TFM/Entrega_final/reproducibilidad/v2/evidencias_manual/GMD_1p2192m/manual_GMD_1p2192m_contingency_options.aux,models/powerworld/v2/GMD_1p2192m/manual_GMD_1p2192m_contingency_options.aux,5543d0bbfad4a95e5dc3454cb5480e55a547f9d5d785caaba536837d5128a6d0,10997,powerworld-model-and-manual-evidence,model-or-observed-interface-export,v2,Archivos del modelo y exportaciones manuales de PowerWorld Simulator 24 Evaluation.
TFM/Entrega_final/reproducibilidad/v2/zotero_backup_antes_final.bib,references/v2/zotero_backup_antes_final.bib,148c76c7de0a5e6c5f9f459c08dc64fcf7cbfd11e881001b13b7c0fc072f69cf,12579,bibliography,reference-metadata,v2,Exportación bibliográfica de apoyo; validar contra las citas dinámicas del DOCX.
TFM/Entrega_final/reproducibilidad/v2/zotero_items_csl.json,references/v2/zotero_items_csl.json,b0d499245379676915d1e02e9d239f72f597520023adbfec594adc45b651939a,19065,bibliography,reference-metadata,v2,Exportación bibliográfica de apoyo; validar contra las citas dinámicas del DOCX.
TFM/Entrega_final/reproducibilidad/v3/fuentes_nuevas_apa_v3.json,references/v3/fuentes_nuevas_apa_v3.json,e9e77f5062c2f49284d2389f679fa534ba873e901df4fbb6f0933cda5c39458d,8753,bibliography,reference-metadata,v3,"Control editorial, trazabilidad o referencia correspondiente a V3."
TFM/Entrega_final/reproducibilidad/v3/fuentes_nuevas_v3.bib,references/v3/fuentes_nuevas_v3.bib,2b7be0045663aecb4398560101bdd7274d6c1a39d59415ef7b49e0cfbc567f50,5811,bibliography,reference-metadata,v3,"Control editorial, trazabilidad o referencia correspondiente a V3."
TFM/Entrega_final/reproducibilidad/v3/inventario_bibliografia_v3.csv,references/v3/inventario_bibliografia_v3.csv,9058ec1f0befa9f683e1feb0cb05ef1621fcfec458880d08470f7d88449af629,8716,bibliography,reference-metadata,v3,"Control editorial, trazabilidad o referencia correspondiente a V3."
TFM/Entrega_final/reproducibilidad/v3/inventario_citas_v3.csv,references/v3/inventario_citas_v3.csv,8b84e0ce34106b14b466e78d61cfdfd7b1648711048ae59fa0faa5cd6e964d12,3676,bibliography,reference-metadata,v3,"Control editorial, trazabilidad o referencia correspondiente a V3."
TFM/Entrega_final/reproducibilidad/v3/zotero_items_csl_v3.json,references/v3/zotero_items_csl_v3.json,d0ffe44255de1f6ad6d11a88a64c87b0c54ee3c744e90ecc7df74ad98889c2ca,30392,bibliography,reference-metadata,v3,"Control editorial, trazabilidad o referencia correspondiente a V3."
TFM/Entrega_final/reproducibilidad/v4/fuentes_nuevas_v4.bib,references/v4/fuentes_nuevas_v4.bib,2b7be0045663aecb4398560101bdd7274d6c1a39d59415ef7b49e0cfbc567f50,5811,bibliography,reference-metadata,v4,"Control editorial, trazabilidad o referencia correspondiente a V4."
TFM/Entrega_final/reproducibilidad/v4/inventario_bibliografia_v4.csv,references/v4/inventario_bibliografia_v4.csv,9058ec1f0befa9f683e1feb0cb05ef1621fcfec458880d08470f7d88449af629,8716,bibliography,reference-metadata,v4,"Control editorial, trazabilidad o referencia correspondiente a V4."
TFM/Entrega_final/reproducibilidad/v4/inventario_citas_v4.csv,references/v4/inventario_citas_v4.csv,8b84e0ce34106b14b466e78d61cfdfd7b1648711048ae59fa0faa5cd6e964d12,3676,bibliography,reference-metadata,v4,"Control editorial, trazabilidad o referencia correspondiente a V4."
TFM/Entrega_final/reproducibilidad/v4/zotero_items_csl_v4.json,references/v4/zotero_items_csl_v4.json,d0ffe44255de1f6ad6d11a88a64c87b0c54ee3c744e90ecc7df74ad98889c2ca,30392,bibliography,reference-metadata,v4,"Control editorial, trazabilidad o referencia correspondiente a V4."
TFM/Entrega_final/reproducibilidad/v2/matriz_afirmaciones_finales.csv,results/quality/v2/matriz_afirmaciones_finales.csv,61899a73c88eab7ca09826d6ae44c297b09894f6bf6636eed67770f38831b97a,16747,quality-and-traceability,derived-or-curated,v2,Matriz o resumen derivado de la campaña y de la edición V2.
TFM/Entrega_final/reproducibilidad/v2/registro_tablas_figuras_documento_v2.csv,results/quality/v2/registro_tablas_figuras_documento_v2.csv,b7af62cdf698dbd0ed95021f1ced12981d5c0ceb66316c81e3eded739e66018c,1157,quality-and-traceability,derived-or-curated,v2,Matriz o resumen derivado de la campaña y de la edición V2.
TFM/Entrega_final/reproducibilidad/v2/resultados_barras.csv,results/quality/v2/resultados_barras.csv,9d1dcaa4942cc8a255fe3631bd16d322230713b2ebb27a2bc1089d9cfabf748c,56,quality-and-traceability,derived-or-curated,v2,Matriz o resumen derivado de la campaña y de la edición V2.
TFM/Entrega_final/reproducibilidad/v2/resultados_ramas.csv,results/quality/v2/resultados_ramas.csv,252d17d325ca425d8619deaaaf487bbca5c4b745bcf30333f08c01ea260719f6,119,quality-and-traceability,derived-or-curated,v2,Matriz o resumen derivado de la campaña y de la edición V2.
TFM/Entrega_final/reproducibilidad/v2/resultados_runs.csv,results/quality/v2/resultados_runs.csv,0914a0c02bf05a64d8f86b79e3427b595782eff7970b1e0d6dca1568fb68d5cc,145,quality-and-traceability,derived-or-curated,v2,Matriz o resumen derivado de la campaña y de la edición V2.
TFM/Entrega_final/reproducibilidad/v2/trazabilidad_cierre.csv,results/quality/v2/trazabilidad_cierre.csv,aee93d1d2c8adf30034cccca298e72c96501e0c4314d419a5560274b431bb8f8,6970,quality-and-traceability,derived-or-curated,v2,Matriz o resumen derivado de la campaña y de la edición V2.
TFM/Entrega_final/reproducibilidad/v3/manifest_final_v3.json,results/quality/v3/manifest_final_v3.json,1127ff5bfb6ebb1ba9f4a9e2ff59fd9746a3e0f624fbdba7b01b2f27ee0b6ad7,2160,quality-and-traceability,derived-or-curated,v3,"Control editorial, trazabilidad o referencia correspondiente a V3."
TFM/Entrega_final/reproducibilidad/v3/matriz_afirmaciones_finales_v3.csv,results/quality/v3/matriz_afirmaciones_finales_v3.csv,aa7b89f29f362eacfe58f96149e652c66a62df88eec609f6f75a9d2bfd241ed8,33029,quality-and-traceability,derived-or-curated,v3,"Control editorial, trazabilidad o referencia correspondiente a V3."
TFM/Entrega_final/reproducibilidad/v3/registro_tablas_figuras_documento_v3.csv,results/quality/v3/registro_tablas_figuras_documento_v3.csv,cae37e05b4ab8e73981eb1546d66b9576e14c9286c805cee46e216656b8cd98b,1417,quality-and-traceability,derived-or-curated,v3,"Control editorial, trazabilidad o referencia correspondiente a V3."
TFM/Entrega_final/reproducibilidad/v4/acta_revision_visual_v4.csv,results/quality/v4/acta_revision_visual_v4.csv,8a4d607b8224c4d650380b3e73261f005a825c42d7ffae76345f340210288c18,13475,quality-and-traceability,derived-or-curated,v4,"Control editorial, trazabilidad o referencia correspondiente a V4."
TFM/Entrega_final/reproducibilidad/v4/control_atribucion_local_v4.json,results/quality/v4/control_atribucion_local_v4.json,1523f40ae21c69292afc21ecb813fcd58a9c02612fc8fe5fd08b56930a9a92d6,404,quality-and-traceability,derived-or-curated,v4,"Control editorial, trazabilidad o referencia correspondiente a V4."
TFM/Entrega_final/reproducibilidad/v4/controles_automaticos_v4.json,results/quality/v4/controles_automaticos_v4.json,6910b9239d7478dd2f47c4dd2225773c1257125031f7a73c50236761477fd30e,1107,quality-and-traceability,derived-or-curated,v4,"Control editorial, trazabilidad o referencia correspondiente a V4."
TFM/Entrega_final/reproducibilidad/v4/hashes_finales_v4.json,results/quality/v4/hashes_finales_v4.json,ee2eb883eaecabafaeb85f28e3b576765822aeb8b080cb7d51ea2d487dad7ad6,595,quality-and-traceability,derived-or-curated,v4,"Control editorial, trazabilidad o referencia correspondiente a V4."
TFM/Entrega_final/reproducibilidad/v4/manifest_final_v4.json,results/quality/v4/manifest_final_v4.json,478169aed0c4580c667880073e424c092dba01be30969c2f9e07f0512c117126,5612,quality-and-traceability,derived-or-curated,v4,"Control editorial, trazabilidad o referencia correspondiente a V4."
TFM/Entrega_final/reproducibilidad/v4/matriz_afirmaciones_finales_v4.csv,results/quality/v4/matriz_afirmaciones_finales_v4.csv,aa7b89f29f362eacfe58f96149e652c66a62df88eec609f6f75a9d2bfd241ed8,33029,quality-and-traceability,derived-or-curated,v4,"Control editorial, trazabilidad o referencia correspondiente a V4."
TFM/Entrega_final/reproducibilidad/v4/matriz_coherencia_v4.csv,results/quality/v4/matriz_coherencia_v4.csv,ba1015440bc230b5e045a083d4cf17c0fc8f23e6fcda364283beb61ac8d9809f,3363,quality-and-traceability,derived-or-curated,v4,"Control editorial, trazabilidad o referencia correspondiente a V4."
TFM/Entrega_final/reproducibilidad/v4/matriz_requisitos_viu_v4.csv,results/quality/v4/matriz_requisitos_viu_v4.csv,677a691ab41cacfd11697c5eb7a099d1446a5fa2f83b5ac4abd86ab6198873b0,3104,quality-and-traceability,derived-or-curated,v4,"Control editorial, trazabilidad o referencia correspondiente a V4."
TFM/Entrega_final/reproducibilidad/v4/protected_hashes_v4.json,results/quality/v4/protected_hashes_v4.json,b1e8ba8e420c73a78e72789e47119b33313afad4955af68d1898e485eaacc128,1425,quality-and-traceability,derived-or-curated,v4,"Control editorial, trazabilidad o referencia correspondiente a V4."
TFM/Entrega_final/reproducibilidad/v4/registro_cambios_v3_v4.csv,results/quality/v4/registro_cambios_v3_v4.csv,916a63a01acd3154b5a33f9ed7a58bc5d3d25374378c4efecbab21acd6bef397,1873,quality-and-traceability,derived-or-curated,v4,"Control editorial, trazabilidad o referencia correspondiente a V4."
TFM/Entrega_final/reproducibilidad/v4/registro_tablas_figuras_documento_v4.csv,results/quality/v4/registro_tablas_figuras_documento_v4.csv,cae37e05b4ab8e73981eb1546d66b9576e14c9286c805cee46e216656b8cd98b,1417,quality-and-traceability,derived-or-curated,v4,"Control editorial, trazabilidad o referencia correspondiente a V4."
TFM/Entrega_final/reproducibilidad/v4/turnitin_status_v4.json,results/quality/v4/turnitin_status_v4.json,55e4fff17b5286de5fe51713f6255f892093514a51a9a061571c8e6f59fdf305,376,quality-and-traceability,derived-or-curated,v4,"Control editorial, trazabilidad o referencia correspondiente a V4."
TFM/Entrega_final/reproducibilidad/v2/bess_final/GMD_0p9144m_B5/manual_GMD_0p9144m_BESS_01_Branches.csv,results/simulations/v2/bess/GMD_0p9144m_B5/manual_GMD_0p9144m_BESS_01_Branches.csv,df6fe581ad5303df89ac249da64988bd4a77bfeb0d991011fd8599984a78c447,1260,simulation-output,simulated-or-derived,v2,"Resultados BESS estacionarios, contingencias y cálculos energéticos derivados."
TFM/Entrega_final/reproducibilidad/v2/bess_final/GMD_0p9144m_B5/manual_GMD_0p9144m_BESS_01_Buses.csv,results/simulations/v2/bess/GMD_0p9144m_B5/manual_GMD_0p9144m_BESS_01_Buses.csv,bc85f11155ea9e61629d7376637447174884221dc506d58ec908098c1be256a1,838,simulation-output,simulated-or-derived,v2,"Resultados BESS estacionarios, contingencias y cálculos energéticos derivados."
TFM/Entrega_final/reproducibilidad/v2/bess_final/GMD_0p9144m_B5/manual_GMD_0p9144m_BESS_01_Contingencies.csv,results/simulations/v2/bess/GMD_0p9144m_B5/manual_GMD_0p9144m_BESS_01_Contingencies.csv,e062bf65f4e8f53d1446c8633bcf1a72164e721d7d3830dba57256f4d37c5736,994,simulation-output,simulated-or-derived,v2,"Resultados BESS estacionarios, contingencias y cálculos energéticos derivados."
TFM/Entrega_final/reproducibilidad/v2/bess_final/GMD_0p9144m_B5/manual_GMD_0p9144m_BESS_01_Generators.csv,results/simulations/v2/bess/GMD_0p9144m_B5/manual_GMD_0p9144m_BESS_01_Generators.csv,8875782943e8e55d30ebd0691bfb278faaf2dcd3c01f7000ce7e925f865ccb13,676,simulation-output,simulated-or-derived,v2,"Resultados BESS estacionarios, contingencias y cálculos energéticos derivados."
TFM/Entrega_final/reproducibilidad/v2/bess_final/GMD_0p9144m_B5/manual_GMD_0p9144m_BESS_01_Islands.csv,results/simulations/v2/bess/GMD_0p9144m_B5/manual_GMD_0p9144m_BESS_01_Islands.csv,5c7f6494a712d8364d6b750856f3ec04f3feb018a2f8f1f674b78e7f046918a5,229,simulation-output,simulated-or-derived,v2,"Resultados BESS estacionarios, contingencias y cálculos energéticos derivados."
TFM/Entrega_final/reproducibilidad/v2/bess_final/GMD_0p9144m_B5/manual_GMD_0p9144m_BESS_01_Loads.csv,results/simulations/v2/bess/GMD_0p9144m_B5/manual_GMD_0p9144m_BESS_01_Loads.csv,89e4985f99922b305b19f575ec4c3ee89dfeb8485ecc0be588e06c764de61db5,315,simulation-output,simulated-or-derived,v2,"Resultados BESS estacionarios, contingencias y cálculos energéticos derivados."
TFM/Entrega_final/reproducibilidad/v2/bess_final/GMD_0p9144m_B5/manual_GMD_0p9144m_BESS_01_Mismatches.csv,results/simulations/v2/bess/GMD_0p9144m_B5/manual_GMD_0p9144m_BESS_01_Mismatches.csv,b6d8b0d8f96fba109d19a8d5bde4023f5d9ff0c0c3d7449f95c2e2450803a105,330,simulation-output,simulated-or-derived,v2,"Resultados BESS estacionarios, contingencias y cálculos energéticos derivados."
TFM/Entrega_final/reproducibilidad/v2/bess_final/GMD_0p9144m_B5/manual_GMD_0p9144m_BESS_01_Transformer.csv,results/simulations/v2/bess/GMD_0p9144m_B5/manual_GMD_0p9144m_BESS_01_Transformer.csv,d0069ae30c54241cd6b2c1d0cfce86573f625e335bd72b98da72d1f32b7f69ed,697,simulation-output,simulated-or-derived,v2,"Resultados BESS estacionarios, contingencias y cálculos energéticos derivados."
TFM/Entrega_final/reproducibilidad/v2/bess_final/GMD_0p9144m_B5/manual_GMD_0p9144m_Bess_01_Branch.aux,results/simulations/v2/bess/GMD_0p9144m_B5/manual_GMD_0p9144m_Bess_01_Branch.aux,bde65b4b20daba082e62e84c3221cdf2f2b894cb02b6f552adeae394ae5d3f60,11346,simulation-output,simulated-or-derived,v2,"Resultados BESS estacionarios, contingencias y cálculos energéticos derivados."
TFM/Entrega_final/reproducibilidad/v2/bess_final/GMD_0p9144m_B5/manual_GMD_0p9144m_Bess_01_Bus.aux,results/simulations/v2/bess/GMD_0p9144m_B5/manual_GMD_0p9144m_Bess_01_Bus.aux,fa0296b0b8e3bb4815d4bac49055915a2a42adefd1cd21d979cad24a8144f0d2,6344,simulation-output,simulated-or-derived,v2,"Resultados BESS estacionarios, contingencias y cálculos energéticos derivados."
TFM/Entrega_final/reproducibilidad/v2/bess_final/GMD_0p9144m_B5/manual_GMD_0p9144m_Bess_01_ViolationCTG.aux,results/simulations/v2/bess/GMD_0p9144m_B5/manual_GMD_0p9144m_Bess_01_ViolationCTG.aux,5db7d8c2848c61780b352ad364a5c5daebec7175cff53fe3862c84a2c9ec23f0,15622,simulation-output,simulated-or-derived,v2,"Resultados BESS estacionarios, contingencias y cálculos energéticos derivados."
TFM/Entrega_final/reproducibilidad/v2/bess_final/GMD_0p9144m_B6/manual_GMD_0p9144m_BESS_02_Branches.csv,results/simulations/v2/bess/GMD_0p9144m_B6/manual_GMD_0p9144m_BESS_02_Branches.csv,d34255bcd6740f64cffcddbcfbba6da8d70f83e758012b44bce51ad17e8ad8a2,1260,simulation-output,simulated-or-derived,v2,"Resultados BESS estacionarios, contingencias y cálculos energéticos derivados."
TFM/Entrega_final/reproducibilidad/v2/bess_final/GMD_0p9144m_B6/manual_GMD_0p9144m_BESS_02_Buses.csv,results/simulations/v2/bess/GMD_0p9144m_B6/manual_GMD_0p9144m_BESS_02_Buses.csv,6aaa0a89120bf7ec72827028cc1dfd32542b7532d61d1cadbc12025573f3a14a,838,simulation-output,simulated-or-derived,v2,"Resultados BESS estacionarios, contingencias y cálculos energéticos derivados."
TFM/Entrega_final/reproducibilidad/v2/bess_final/GMD_0p9144m_B6/manual_GMD_0p9144m_BESS_02_Contingencies.csv,results/simulations/v2/bess/GMD_0p9144m_B6/manual_GMD_0p9144m_BESS_02_Contingencies.csv,9977a681561fd9b0d9ac05b203484d3ddd7dcad7647bdb6c806bfaf445df49ab,1004,simulation-output,simulated-or-derived,v2,"Resultados BESS estacionarios, contingencias y cálculos energéticos derivados."
TFM/Entrega_final/reproducibilidad/v2/bess_final/GMD_0p9144m_B6/manual_GMD_0p9144m_BESS_02_Generators.csv,results/simulations/v2/bess/GMD_0p9144m_B6/manual_GMD_0p9144m_BESS_02_Generators.csv,347e8943af7ea4628dfdf50a15ddf646930dd99dda7239b1ebc83944c5e2178d,676,simulation-output,simulated-or-derived,v2,"Resultados BESS estacionarios, contingencias y cálculos energéticos derivados."
TFM/Entrega_final/reproducibilidad/v2/bess_final/GMD_0p9144m_B6/manual_GMD_0p9144m_BESS_02_Islands.csv,results/simulations/v2/bess/GMD_0p9144m_B6/manual_GMD_0p9144m_BESS_02_Islands.csv,9be1f6cbf3246ea3eccdaf4745bf14633cc9e775b3b5d2324565c962ed3d3841,229,simulation-output,simulated-or-derived,v2,"Resultados BESS estacionarios, contingencias y cálculos energéticos derivados."
TFM/Entrega_final/reproducibilidad/v2/bess_final/GMD_0p9144m_B6/manual_GMD_0p9144m_BESS_02_Loads.csv,results/simulations/v2/bess/GMD_0p9144m_B6/manual_GMD_0p9144m_BESS_02_Loads.csv,89e4985f99922b305b19f575ec4c3ee89dfeb8485ecc0be588e06c764de61db5,315,simulation-output,simulated-or-derived,v2,"Resultados BESS estacionarios, contingencias y cálculos energéticos derivados."
TFM/Entrega_final/reproducibilidad/v2/bess_final/GMD_0p9144m_B6/manual_GMD_0p9144m_BESS_02_Mismatches.csv,results/simulations/v2/bess/GMD_0p9144m_B6/manual_GMD_0p9144m_BESS_02_Mismatches.csv,b6d8b0d8f96fba109d19a8d5bde4023f5d9ff0c0c3d7449f95c2e2450803a105,330,simulation-output,simulated-or-derived,v2,"Resultados BESS estacionarios, contingencias y cálculos energéticos derivados."
TFM/Entrega_final/reproducibilidad/v2/bess_final/GMD_0p9144m_B6/manual_GMD_0p9144m_BESS_02_Transformer.csv,results/simulations/v2/bess/GMD_0p9144m_B6/manual_GMD_0p9144m_BESS_02_Transformer.csv,d0069ae30c54241cd6b2c1d0cfce86573f625e335bd72b98da72d1f32b7f69ed,697,simulation-output,simulated-or-derived,v2,"Resultados BESS estacionarios, contingencias y cálculos energéticos derivados."
TFM/Entrega_final/reproducibilidad/v2/bess_final/GMD_0p9144m_B6/manual_GMD_0p9144m_Bess_02_Branch.aux,results/simulations/v2/bess/GMD_0p9144m_B6/manual_GMD_0p9144m_Bess_02_Branch.aux,ae337a0659efc3c6f6a6b1f14e1251a25c2fad79305d04df60a12eb6f9a6f577,11380,simulation-output,simulated-or-derived,v2,"Resultados BESS estacionarios, contingencias y cálculos energéticos derivados."
TFM/Entrega_final/reproducibilidad/v2/bess_final/GMD_0p9144m_B6/manual_GMD_0p9144m_Bess_02_Bus.aux,results/simulations/v2/bess/GMD_0p9144m_B6/manual_GMD_0p9144m_Bess_02_Bus.aux,33825fd1dfacb49e47d682f9910c4d8e78dea9a985f034813a29e0ab515ae35d,6149,simulation-output,simulated-or-derived,v2,"Resultados BESS estacionarios, contingencias y cálculos energéticos derivados."
TFM/Entrega_final/reproducibilidad/v2/bess_final/GMD_0p9144m_B6/manual_GMD_0p9144m_Bess_02_ViolationCTG.aux,results/simulations/v2/bess/GMD_0p9144m_B6/manual_GMD_0p9144m_Bess_02_ViolationCTG.aux,0bb2b5b952c5089f3db019b90c7191699f3e9a2d8933694d1f49371aee10ffab,15468,simulation-output,simulated-or-derived,v2,"Resultados BESS estacionarios, contingencias y cálculos energéticos derivados."
TFM/Entrega_final/reproducibilidad/v2/bess_final/GMD_1p2192m_B5/manual_GMD_1p2192m_BESS_03_Branches.csv,results/simulations/v2/bess/GMD_1p2192m_B5/manual_GMD_1p2192m_BESS_03_Branches.csv,ad32321c9ae7da960c014260dfc519e047d3be5b9def8a88aa39fe53cc924e02,1260,simulation-output,simulated-or-derived,v2,"Resultados BESS estacionarios, contingencias y cálculos energéticos derivados."
TFM/Entrega_final/reproducibilidad/v2/bess_final/GMD_1p2192m_B5/manual_GMD_1p2192m_BESS_03_Buses.csv,results/simulations/v2/bess/GMD_1p2192m_B5/manual_GMD_1p2192m_BESS_03_Buses.csv,44043a69213e65625935c183c0781eccfe9d2a2c56d674a54c0b935b67dc88e3,892,simulation-output,simulated-or-derived,v2,"Resultados BESS estacionarios, contingencias y cálculos energéticos derivados."
TFM/Entrega_final/reproducibilidad/v2/bess_final/GMD_1p2192m_B5/manual_GMD_1p2192m_BESS_03_Contingencies.csv,results/simulations/v2/bess/GMD_1p2192m_B5/manual_GMD_1p2192m_BESS_03_Contingencies.csv,e062bf65f4e8f53d1446c8633bcf1a72164e721d7d3830dba57256f4d37c5736,994,simulation-output,simulated-or-derived,v2,"Resultados BESS estacionarios, contingencias y cálculos energéticos derivados."
TFM/Entrega_final/reproducibilidad/v2/bess_final/GMD_1p2192m_B5/manual_GMD_1p2192m_BESS_03_Generators.csv,results/simulations/v2/bess/GMD_1p2192m_B5/manual_GMD_1p2192m_BESS_03_Generators.csv,98fa483d0129b75686f81459b5a6e465e71ef16cec0890f6f7ee3c8679b2e1aa,676,simulation-output,simulated-or-derived,v2,"Resultados BESS estacionarios, contingencias y cálculos energéticos derivados."
TFM/Entrega_final/reproducibilidad/v2/bess_final/GMD_1p2192m_B5/manual_GMD_1p2192m_BESS_03_Islands.csv,results/simulations/v2/bess/GMD_1p2192m_B5/manual_GMD_1p2192m_BESS_03_Islands.csv,5c7f6494a712d8364d6b750856f3ec04f3feb018a2f8f1f674b78e7f046918a5,229,simulation-output,simulated-or-derived,v2,"Resultados BESS estacionarios, contingencias y cálculos energéticos derivados."
TFM/Entrega_final/reproducibilidad/v2/bess_final/GMD_1p2192m_B5/manual_GMD_1p2192m_BESS_03_Loads.csv,results/simulations/v2/bess/GMD_1p2192m_B5/manual_GMD_1p2192m_BESS_03_Loads.csv,89e4985f99922b305b19f575ec4c3ee89dfeb8485ecc0be588e06c764de61db5,315,simulation-output,simulated-or-derived,v2,"Resultados BESS estacionarios, contingencias y cálculos energéticos derivados."
TFM/Entrega_final/reproducibilidad/v2/bess_final/GMD_1p2192m_B5/manual_GMD_1p2192m_BESS_03_Mismatches.csv,results/simulations/v2/bess/GMD_1p2192m_B5/manual_GMD_1p2192m_BESS_03_Mismatches.csv,f05549526258285a338f4eda3617acf4baa68fdc86728e981c00d92ceb67e57a,330,simulation-output,simulated-or-derived,v2,"Resultados BESS estacionarios, contingencias y cálculos energéticos derivados."
TFM/Entrega_final/reproducibilidad/v2/bess_final/GMD_1p2192m_B5/manual_GMD_1p2192m_BESS_03_Transformer.csv,results/simulations/v2/bess/GMD_1p2192m_B5/manual_GMD_1p2192m_BESS_03_Transformer.csv,d0069ae30c54241cd6b2c1d0cfce86573f625e335bd72b98da72d1f32b7f69ed,697,simulation-output,simulated-or-derived,v2,"Resultados BESS estacionarios, contingencias y cálculos energéticos derivados."
TFM/Entrega_final/reproducibilidad/v2/bess_final/GMD_1p2192m_B5/manual_GMD_1p2192m_Bess_03_Branch.aux,results/simulations/v2/bess/GMD_1p2192m_B5/manual_GMD_1p2192m_Bess_03_Branch.aux,e8318e5d28218350ecacf0d56ca5e90c78d9de89a761722ebabf2cd94ea8ec0c,11346,simulation-output,simulated-or-derived,v2,"Resultados BESS estacionarios, contingencias y cálculos energéticos derivados."
TFM/Entrega_final/reproducibilidad/v2/bess_final/GMD_1p2192m_B5/manual_GMD_1p2192m_Bess_03_Bus.aux,results/simulations/v2/bess/GMD_1p2192m_B5/manual_GMD_1p2192m_Bess_03_Bus.aux,5d98dfc95cdbb2ce811b6ff92ff8160a4c671db477d39bf545ad8c213b45e25d,6344,simulation-output,simulated-or-derived,v2,"Resultados BESS estacionarios, contingencias y cálculos energéticos derivados."
TFM/Entrega_final/reproducibilidad/v2/bess_final/GMD_1p2192m_B5/manual_GMD_1p2192m_Bess_03_ViolationCTG.aux,results/simulations/v2/bess/GMD_1p2192m_B5/manual_GMD_1p2192m_Bess_03_ViolationCTG.aux,d8561af9cffbeb39312776950d58fe55d4850f821cbab8bab47b6f03fe43f509,15622,simulation-output,simulated-or-derived,v2,"Resultados BESS estacionarios, contingencias y cálculos energéticos derivados."
TFM/Entrega_final/reproducibilidad/v2/bess_final/GMD_1p2192m_B6/manual_GMD_1p2192m_BESS_04_Branches.csv,results/simulations/v2/bess/GMD_1p2192m_B6/manual_GMD_1p2192m_BESS_04_Branches.csv,32795fde0a7ad0141b881cde6ff5bbf3dad14a38943015d6163de8a15e0f7a7f,1260,simulation-output,simulated-or-derived,v2,"Resultados BESS estacionarios, contingencias y cálculos energéticos derivados."
TFM/Entrega_final/reproducibilidad/v2/bess_final/GMD_1p2192m_B6/manual_GMD_1p2192m_BESS_04_Buses.csv,results/simulations/v2/bess/GMD_1p2192m_B6/manual_GMD_1p2192m_BESS_04_Buses.csv,387458c91f9cd8f5d92786787d3a8acce15f53c56300fd170a54c255987c2dd2,838,simulation-output,simulated-or-derived,v2,"Resultados BESS estacionarios, contingencias y cálculos energéticos derivados."
TFM/Entrega_final/reproducibilidad/v2/bess_final/GMD_1p2192m_B6/manual_GMD_1p2192m_BESS_04_Contingencies.csv,results/simulations/v2/bess/GMD_1p2192m_B6/manual_GMD_1p2192m_BESS_04_Contingencies.csv,9977a681561fd9b0d9ac05b203484d3ddd7dcad7647bdb6c806bfaf445df49ab,1004,simulation-output,simulated-or-derived,v2,"Resultados BESS estacionarios, contingencias y cálculos energéticos derivados."
TFM/Entrega_final/reproducibilidad/v2/bess_final/GMD_1p2192m_B6/manual_GMD_1p2192m_BESS_04_Generators.csv,results/simulations/v2/bess/GMD_1p2192m_B6/manual_GMD_1p2192m_BESS_04_Generators.csv,9361b1c1626225b55de26479d11af15291e51afb0e7766d485e236cf4e5bda07,676,simulation-output,simulated-or-derived,v2,"Resultados BESS estacionarios, contingencias y cálculos energéticos derivados."
TFM/Entrega_final/reproducibilidad/v2/bess_final/GMD_1p2192m_B6/manual_GMD_1p2192m_BESS_04_Islands.csv,results/simulations/v2/bess/GMD_1p2192m_B6/manual_GMD_1p2192m_BESS_04_Islands.csv,f8e6f2117db2b3ca4e86b306562e96fbb3f1a2f7f5d452ba93fbe983e6185006,229,simulation-output,simulated-or-derived,v2,"Resultados BESS estacionarios, contingencias y cálculos energéticos derivados."
TFM/Entrega_final/reproducibilidad/v2/bess_final/GMD_1p2192m_B6/manual_GMD_1p2192m_BESS_04_Loads.csv,results/simulations/v2/bess/GMD_1p2192m_B6/manual_GMD_1p2192m_BESS_04_Loads.csv,89e4985f99922b305b19f575ec4c3ee89dfeb8485ecc0be588e06c764de61db5,315,simulation-output,simulated-or-derived,v2,"Resultados BESS estacionarios, contingencias y cálculos energéticos derivados."
TFM/Entrega_final/reproducibilidad/v2/bess_final/GMD_1p2192m_B6/manual_GMD_1p2192m_BESS_04_Mismatches.csv,results/simulations/v2/bess/GMD_1p2192m_B6/manual_GMD_1p2192m_BESS_04_Mismatches.csv,d97f063ab9aaed30e40a96bc921f33098c901b5575ce1ddc25d0b731f07b042f,330,simulation-output,simulated-or-derived,v2,"Resultados BESS estacionarios, contingencias y cálculos energéticos derivados."
TFM/Entrega_final/reproducibilidad/v2/bess_final/GMD_1p2192m_B6/manual_GMD_1p2192m_BESS_04_Transformer.csv,results/simulations/v2/bess/GMD_1p2192m_B6/manual_GMD_1p2192m_BESS_04_Transformer.csv,d0069ae30c54241cd6b2c1d0cfce86573f625e335bd72b98da72d1f32b7f69ed,697,simulation-output,simulated-or-derived,v2,"Resultados BESS estacionarios, contingencias y cálculos energéticos derivados."
TFM/Entrega_final/reproducibilidad/v2/bess_final/GMD_1p2192m_B6/manual_GMD_1p2192m_Bess_04_Branch.aux,results/simulations/v2/bess/GMD_1p2192m_B6/manual_GMD_1p2192m_Bess_04_Branch.aux,59de09228dc7a42392b47a66916efddf24fde4d8aa12aac59953b33562136205,11380,simulation-output,simulated-or-derived,v2,"Resultados BESS estacionarios, contingencias y cálculos energéticos derivados."
TFM/Entrega_final/reproducibilidad/v2/bess_final/GMD_1p2192m_B6/manual_GMD_1p2192m_Bess_04_Bus.aux,results/simulations/v2/bess/GMD_1p2192m_B6/manual_GMD_1p2192m_Bess_04_Bus.aux,6d15dac5784a375a0a52cc127f7736659739c0ace922c90051635196548e2d5f,6149,simulation-output,simulated-or-derived,v2,"Resultados BESS estacionarios, contingencias y cálculos energéticos derivados."
TFM/Entrega_final/reproducibilidad/v2/bess_final/GMD_1p2192m_B6/manual_GMD_1p2192m_Bess_04_ViolationCTG.aux,results/simulations/v2/bess/GMD_1p2192m_B6/manual_GMD_1p2192m_Bess_04_ViolationCTG.aux,f0d5bb9487f6181a26cb5b26d460931d4d81bcdfb99f7f47963f4259b6a3d94e,15468,simulation-output,simulated-or-derived,v2,"Resultados BESS estacionarios, contingencias y cálculos energéticos derivados."
TFM/Entrega_final/reproducibilidad/v2/bess_final/consolidado_bess_final.xlsx,results/simulations/v2/bess/consolidado_bess_final.xlsx,59b75aef0961db7d8d91f94c7627964cac33a1b8f4ce634e46f98b77026c942d,18564,simulation-output,simulated-or-derived,v2,"Resultados BESS estacionarios, contingencias y cálculos energéticos derivados."
TFM/Entrega_final/reproducibilidad/v2/bess_final/energia_bess.csv,results/simulations/v2/bess/energia_bess.csv,f20b0ff3e2ce96b65a196a13bfebcc86bb54cdbae27b7608b3f381d5cd562e2f,787,simulation-output,simulated-or-derived,v2,"Resultados BESS estacionarios, contingencias y cálculos energéticos derivados."
TFM/Entrega_final/reproducibilidad/v2/bess_final/matriz_resultados_bess.csv,results/simulations/v2/bess/matriz_resultados_bess.csv,f40c80509ad1a1e71b4c46480d9331d5f9a9bcadeea962c65043b7b89169a92c,1236,simulation-output,simulated-or-derived,v2,"Resultados BESS estacionarios, contingencias y cálculos energéticos derivados."
TFM/Entrega_final/reproducibilidad/v2/bess_final/matriz_resultados_bess_v23.csv,results/simulations/v2/bess/matriz_resultados_bess_v23.csv,f16cb589bad202183f6190b094247bb03d54023df562f48260d165a30a90e34c,2465,simulation-output,simulated-or-derived,v2,"Resultados BESS estacionarios, contingencias y cálculos energéticos derivados."
TFM/Entrega_final/reproducibilidad/v2/bess_final/resultados_bess_por_contingencia.csv,results/simulations/v2/bess/resultados_bess_por_contingencia.csv,0877f2c23840c4aa96088db890c886eab8b6b1098b9fb34b0f4802687217bed4,11539,simulation-output,simulated-or-derived,v2,"Resultados BESS estacionarios, contingencias y cálculos energéticos derivados."
TFM/Entrega_final/reproducibilidad/v2/fv_final/GMD_0p9144/manual_GMD_0p9144m_B1_FV15_Branch.aux,results/simulations/v2/photovoltaic/GMD_0p9144/manual_GMD_0p9144m_B1_FV15_Branch.aux,f98ece35dd8926cb362096712dc380e6dd652e9913a53258d37b12fe19cef95c,11448,simulation-output,simulated,v2,Escenarios fotovoltaicos estacionarios y contingencias; no son mediciones de campo.
TFM/Entrega_final/reproducibilidad/v2/fv_final/GMD_0p9144/manual_GMD_0p9144m_B1_FV15_Branches.csv,results/simulations/v2/photovoltaic/GMD_0p9144/manual_GMD_0p9144m_B1_FV15_Branches.csv,0fe2900f236fd5b545c352d26a8655179ade928dea2d6eec85133291a31011c3,1260,simulation-output,simulated,v2,Escenarios fotovoltaicos estacionarios y contingencias; no son mediciones de campo.
TFM/Entrega_final/reproducibilidad/v2/fv_final/GMD_0p9144/manual_GMD_0p9144m_B1_FV15_Bus.aux,results/simulations/v2/photovoltaic/GMD_0p9144/manual_GMD_0p9144m_B1_FV15_Bus.aux,7014f681390d932bd3f26e0fff7d0fa9955fb19bc3868a1e79a35ede38f06f2b,7360,simulation-output,simulated,v2,Escenarios fotovoltaicos estacionarios y contingencias; no son mediciones de campo.
TFM/Entrega_final/reproducibilidad/v2/fv_final/GMD_0p9144/manual_GMD_0p9144m_B1_FV15_Buses.csv,results/simulations/v2/photovoltaic/GMD_0p9144/manual_GMD_0p9144m_B1_FV15_Buses.csv,4b084666661bd77068551f5638881a8a462d4d201c51d62f0222affde0b61d1d,818,simulation-output,simulated,v2,Escenarios fotovoltaicos estacionarios y contingencias; no son mediciones de campo.
TFM/Entrega_final/reproducibilidad/v2/fv_final/GMD_0p9144/manual_GMD_0p9144m_B1_FV15_Contingencies.csv,results/simulations/v2/photovoltaic/GMD_0p9144/manual_GMD_0p9144m_B1_FV15_Contingencies.csv,e062bf65f4e8f53d1446c8633bcf1a72164e721d7d3830dba57256f4d37c5736,994,simulation-output,simulated,v2,Escenarios fotovoltaicos estacionarios y contingencias; no son mediciones de campo.
TFM/Entrega_final/reproducibilidad/v2/fv_final/GMD_0p9144/manual_GMD_0p9144m_B1_FV15_Generators.csv,results/simulations/v2/photovoltaic/GMD_0p9144/manual_GMD_0p9144m_B1_FV15_Generators.csv,2797cac7e1dd7152a5c45d080c72d05b3062849b9102ccc0d0dc4784638d5843,550,simulation-output,simulated,v2,Escenarios fotovoltaicos estacionarios y contingencias; no son mediciones de campo.
TFM/Entrega_final/reproducibilidad/v2/fv_final/GMD_0p9144/manual_GMD_0p9144m_B1_FV15_Islands.csv,results/simulations/v2/photovoltaic/GMD_0p9144/manual_GMD_0p9144m_B1_FV15_Islands.csv,d8bb44e638331217f5c89d5d71975268386e0d1df991b3aa7b4a6c7329de3e61,229,simulation-output,simulated,v2,Escenarios fotovoltaicos estacionarios y contingencias; no son mediciones de campo.
TFM/Entrega_final/reproducibilidad/v2/fv_final/GMD_0p9144/manual_GMD_0p9144m_B1_FV15_Loads.csv,results/simulations/v2/photovoltaic/GMD_0p9144/manual_GMD_0p9144m_B1_FV15_Loads.csv,89e4985f99922b305b19f575ec4c3ee89dfeb8485ecc0be588e06c764de61db5,315,simulation-output,simulated,v2,Escenarios fotovoltaicos estacionarios y contingencias; no son mediciones de campo.
TFM/Entrega_final/reproducibilidad/v2/fv_final/GMD_0p9144/manual_GMD_0p9144m_B1_FV15_Mismatches.csv,results/simulations/v2/photovoltaic/GMD_0p9144/manual_GMD_0p9144m_B1_FV15_Mismatches.csv,114adb3a9df6b763bd5faf1fa58c2006bd2e48577b33124a80ddfa17a8676541,330,simulation-output,simulated,v2,Escenarios fotovoltaicos estacionarios y contingencias; no son mediciones de campo.
TFM/Entrega_final/reproducibilidad/v2/fv_final/GMD_0p9144/manual_GMD_0p9144m_B1_FV15_Transformer.csv,results/simulations/v2/photovoltaic/GMD_0p9144/manual_GMD_0p9144m_B1_FV15_Transformer.csv,d0069ae30c54241cd6b2c1d0cfce86573f625e335bd72b98da72d1f32b7f69ed,697,simulation-output,simulated,v2,Escenarios fotovoltaicos estacionarios y contingencias; no son mediciones de campo.
TFM/Entrega_final/reproducibilidad/v2/fv_final/GMD_0p9144/manual_GMD_0p9144m_B1_FV15_ViolationCTG.aux,results/simulations/v2/photovoltaic/GMD_0p9144/manual_GMD_0p9144m_B1_FV15_ViolationCTG.aux,932a43fc0b77720acc4e1e336b225519a46f1ca8da4fa0d0648027554efd9292,16557,simulation-output,simulated,v2,Escenarios fotovoltaicos estacionarios y contingencias; no son mediciones de campo.
TFM/Entrega_final/reproducibilidad/v2/fv_final/GMD_0p9144/manual_GMD_0p9144m_B1_FV30_Branch.aux,results/simulations/v2/photovoltaic/GMD_0p9144/manual_GMD_0p9144m_B1_FV30_Branch.aux,f98ece35dd8926cb362096712dc380e6dd652e9913a53258d37b12fe19cef95c,11448,simulation-output,simulated,v2,Escenarios fotovoltaicos estacionarios y contingencias; no son mediciones de campo.
TFM/Entrega_final/reproducibilidad/v2/fv_final/GMD_0p9144/manual_GMD_0p9144m_B1_FV30_Branches.csv,results/simulations/v2/photovoltaic/GMD_0p9144/manual_GMD_0p9144m_B1_FV30_Branches.csv,fca6ef67709a9d34824e0720ffd277689d651811782214678ced6520b5dd6add,1260,simulation-output,simulated,v2,Escenarios fotovoltaicos estacionarios y contingencias; no son mediciones de campo.
TFM/Entrega_final/reproducibilidad/v2/fv_final/GMD_0p9144/manual_GMD_0p9144m_B1_FV30_Bus.aux,results/simulations/v2/photovoltaic/GMD_0p9144/manual_GMD_0p9144m_B1_FV30_Bus.aux,7014f681390d932bd3f26e0fff7d0fa9955fb19bc3868a1e79a35ede38f06f2b,7360,simulation-output,simulated,v2,Escenarios fotovoltaicos estacionarios y contingencias; no son mediciones de campo.
TFM/Entrega_final/reproducibilidad/v2/fv_final/GMD_0p9144/manual_GMD_0p9144m_B1_FV30_Buses.csv,results/simulations/v2/photovoltaic/GMD_0p9144/manual_GMD_0p9144m_B1_FV30_Buses.csv,6e2de39d4a1ec237e61291dc3afdee8c6c3b44d4d1ba8caac90abc2044229b24,818,simulation-output,simulated,v2,Escenarios fotovoltaicos estacionarios y contingencias; no son mediciones de campo.
TFM/Entrega_final/reproducibilidad/v2/fv_final/GMD_0p9144/manual_GMD_0p9144m_B1_FV30_Contingencies.csv,results/simulations/v2/photovoltaic/GMD_0p9144/manual_GMD_0p9144m_B1_FV30_Contingencies.csv,e062bf65f4e8f53d1446c8633bcf1a72164e721d7d3830dba57256f4d37c5736,994,simulation-output,simulated,v2,Escenarios fotovoltaicos estacionarios y contingencias; no son mediciones de campo.
TFM/Entrega_final/reproducibilidad/v2/fv_final/GMD_0p9144/manual_GMD_0p9144m_B1_FV30_Generators.csv,results/simulations/v2/photovoltaic/GMD_0p9144/manual_GMD_0p9144m_B1_FV30_Generators.csv,91c7baecdc70c27f03ce1632f6228299873d410f47a1b9999a0c177869d06dfd,550,simulation-output,simulated,v2,Escenarios fotovoltaicos estacionarios y contingencias; no son mediciones de campo.
TFM/Entrega_final/reproducibilidad/v2/fv_final/GMD_0p9144/manual_GMD_0p9144m_B1_FV30_Islands.csv,results/simulations/v2/photovoltaic/GMD_0p9144/manual_GMD_0p9144m_B1_FV30_Islands.csv,d8bb44e638331217f5c89d5d71975268386e0d1df991b3aa7b4a6c7329de3e61,229,simulation-output,simulated,v2,Escenarios fotovoltaicos estacionarios y contingencias; no son mediciones de campo.
TFM/Entrega_final/reproducibilidad/v2/fv_final/GMD_0p9144/manual_GMD_0p9144m_B1_FV30_Loads.csv,results/simulations/v2/photovoltaic/GMD_0p9144/manual_GMD_0p9144m_B1_FV30_Loads.csv,89e4985f99922b305b19f575ec4c3ee89dfeb8485ecc0be588e06c764de61db5,315,simulation-output,simulated,v2,Escenarios fotovoltaicos estacionarios y contingencias; no son mediciones de campo.
TFM/Entrega_final/reproducibilidad/v2/fv_final/GMD_0p9144/manual_GMD_0p9144m_B1_FV30_Mismatches.csv,results/simulations/v2/photovoltaic/GMD_0p9144/manual_GMD_0p9144m_B1_FV30_Mismatches.csv,34a2a4398b241b78abb4d65d4c56f722a33b71df901cbe4fd2b36f14078e8f07,330,simulation-output,simulated,v2,Escenarios fotovoltaicos estacionarios y contingencias; no son mediciones de campo.
TFM/Entrega_final/reproducibilidad/v2/fv_final/GMD_0p9144/manual_GMD_0p9144m_B1_FV30_Transformer.csv,results/simulations/v2/photovoltaic/GMD_0p9144/manual_GMD_0p9144m_B1_FV30_Transformer.csv,d0069ae30c54241cd6b2c1d0cfce86573f625e335bd72b98da72d1f32b7f69ed,697,simulation-output,simulated,v2,Escenarios fotovoltaicos estacionarios y contingencias; no son mediciones de campo.
TFM/Entrega_final/reproducibilidad/v2/fv_final/GMD_0p9144/manual_GMD_0p9144m_B1_FV30_ViolationCTG.aux,results/simulations/v2/photovoltaic/GMD_0p9144/manual_GMD_0p9144m_B1_FV30_ViolationCTG.aux,932a43fc0b77720acc4e1e336b225519a46f1ca8da4fa0d0648027554efd9292,16557,simulation-output,simulated,v2,Escenarios fotovoltaicos estacionarios y contingencias; no son mediciones de campo.
TFM/Entrega_final/reproducibilidad/v2/fv_final/GMD_0p9144/manual_GMD_0p9144m_B1_FV50_Branch.aux,results/simulations/v2/photovoltaic/GMD_0p9144/manual_GMD_0p9144m_B1_FV50_Branch.aux,f98ece35dd8926cb362096712dc380e6dd652e9913a53258d37b12fe19cef95c,11448,simulation-output,simulated,v2,Escenarios fotovoltaicos estacionarios y contingencias; no son mediciones de campo.
TFM/Entrega_final/reproducibilidad/v2/fv_final/GMD_0p9144/manual_GMD_0p9144m_B1_FV50_Branches.csv,results/simulations/v2/photovoltaic/GMD_0p9144/manual_GMD_0p9144m_B1_FV50_Branches.csv,fca6ef67709a9d34824e0720ffd277689d651811782214678ced6520b5dd6add,1260,simulation-output,simulated,v2,Escenarios fotovoltaicos estacionarios y contingencias; no son mediciones de campo.
TFM/Entrega_final/reproducibilidad/v2/fv_final/GMD_0p9144/manual_GMD_0p9144m_B1_FV50_Bus.aux,results/simulations/v2/photovoltaic/GMD_0p9144/manual_GMD_0p9144m_B1_FV50_Bus.aux,7014f681390d932bd3f26e0fff7d0fa9955fb19bc3868a1e79a35ede38f06f2b,7360,simulation-output,simulated,v2,Escenarios fotovoltaicos estacionarios y contingencias; no son mediciones de campo.
TFM/Entrega_final/reproducibilidad/v2/fv_final/GMD_0p9144/manual_GMD_0p9144m_B1_FV50_Buses.csv,results/simulations/v2/photovoltaic/GMD_0p9144/manual_GMD_0p9144m_B1_FV50_Buses.csv,6e2de39d4a1ec237e61291dc3afdee8c6c3b44d4d1ba8caac90abc2044229b24,818,simulation-output,simulated,v2,Escenarios fotovoltaicos estacionarios y contingencias; no son mediciones de campo.
TFM/Entrega_final/reproducibilidad/v2/fv_final/GMD_0p9144/manual_GMD_0p9144m_B1_FV50_Contingencies.csv,results/simulations/v2/photovoltaic/GMD_0p9144/manual_GMD_0p9144m_B1_FV50_Contingencies.csv,e062bf65f4e8f53d1446c8633bcf1a72164e721d7d3830dba57256f4d37c5736,994,simulation-output,simulated,v2,Escenarios fotovoltaicos estacionarios y contingencias; no son mediciones de campo.
TFM/Entrega_final/reproducibilidad/v2/fv_final/GMD_0p9144/manual_GMD_0p9144m_B1_FV50_Generators.csv,results/simulations/v2/photovoltaic/GMD_0p9144/manual_GMD_0p9144m_B1_FV50_Generators.csv,d4d409bb2b17f14c20cecf982fba3442706832226ae4febe94cc3a2c4f0253f0,550,simulation-output,simulated,v2,Escenarios fotovoltaicos estacionarios y contingencias; no son mediciones de campo.
TFM/Entrega_final/reproducibilidad/v2/fv_final/GMD_0p9144/manual_GMD_0p9144m_B1_FV50_Islands.csv,results/simulations/v2/photovoltaic/GMD_0p9144/manual_GMD_0p9144m_B1_FV50_Islands.csv,d8bb44e638331217f5c89d5d71975268386e0d1df991b3aa7b4a6c7329de3e61,229,simulation-output,simulated,v2,Escenarios fotovoltaicos estacionarios y contingencias; no son mediciones de campo.
TFM/Entrega_final/reproducibilidad/v2/fv_final/GMD_0p9144/manual_GMD_0p9144m_B1_FV50_Loads.csv,results/simulations/v2/photovoltaic/GMD_0p9144/manual_GMD_0p9144m_B1_FV50_Loads.csv,89e4985f99922b305b19f575ec4c3ee89dfeb8485ecc0be588e06c764de61db5,315,simulation-output,simulated,v2,Escenarios fotovoltaicos estacionarios y contingencias; no son mediciones de campo.
TFM/Entrega_final/reproducibilidad/v2/fv_final/GMD_0p9144/manual_GMD_0p9144m_B1_FV50_Mismatches.csv,results/simulations/v2/photovoltaic/GMD_0p9144/manual_GMD_0p9144m_B1_FV50_Mismatches.csv,34a2a4398b241b78abb4d65d4c56f722a33b71df901cbe4fd2b36f14078e8f07,330,simulation-output,simulated,v2,Escenarios fotovoltaicos estacionarios y contingencias; no son mediciones de campo.
TFM/Entrega_final/reproducibilidad/v2/fv_final/GMD_0p9144/manual_GMD_0p9144m_B1_FV50_Transformer.csv,results/simulations/v2/photovoltaic/GMD_0p9144/manual_GMD_0p9144m_B1_FV50_Transformer.csv,d0069ae30c54241cd6b2c1d0cfce86573f625e335bd72b98da72d1f32b7f69ed,697,simulation-output,simulated,v2,Escenarios fotovoltaicos estacionarios y contingencias; no son mediciones de campo.
TFM/Entrega_final/reproducibilidad/v2/fv_final/GMD_0p9144/manual_GMD_0p9144m_B1_FV50_ViolationCTG.aux,results/simulations/v2/photovoltaic/GMD_0p9144/manual_GMD_0p9144m_B1_FV50_ViolationCTG.aux,932a43fc0b77720acc4e1e336b225519a46f1ca8da4fa0d0648027554efd9292,16557,simulation-output,simulated,v2,Escenarios fotovoltaicos estacionarios y contingencias; no son mediciones de campo.
TFM/Entrega_final/reproducibilidad/v2/fv_final/GMD_0p9144/manual_GMD_0p9144m_B5_FV15_Branch.aux,results/simulations/v2/photovoltaic/GMD_0p9144/manual_GMD_0p9144m_B5_FV15_Branch.aux,56da6f1a70524b98564fa6f09f49d6cda772634e30c197d8a13b59bc7f81a196,11366,simulation-output,simulated,v2,Escenarios fotovoltaicos estacionarios y contingencias; no son mediciones de campo.
TFM/Entrega_final/reproducibilidad/v2/fv_final/GMD_0p9144/manual_GMD_0p9144m_B5_FV15_Branches.csv,results/simulations/v2/photovoltaic/GMD_0p9144/manual_GMD_0p9144m_B5_FV15_Branches.csv,fc5a357a7ec1623711c867aec576f3fc1b8f1118edefaf75c35ded8f7302a574,1260,simulation-output,simulated,v2,Escenarios fotovoltaicos estacionarios y contingencias; no son mediciones de campo.
TFM/Entrega_final/reproducibilidad/v2/fv_final/GMD_0p9144/manual_GMD_0p9144m_B5_FV15_Bus.aux,results/simulations/v2/photovoltaic/GMD_0p9144/manual_GMD_0p9144m_B5_FV15_Bus.aux,ebf24db9fd401b28ec33bd29384e726f698728068da6cb00146ac0db46636a4d,6534,simulation-output,simulated,v2,Escenarios fotovoltaicos estacionarios y contingencias; no son mediciones de campo.
TFM/Entrega_final/reproducibilidad/v2/fv_final/GMD_0p9144/manual_GMD_0p9144m_B5_FV15_Buses.csv,results/simulations/v2/photovoltaic/GMD_0p9144/manual_GMD_0p9144m_B5_FV15_Buses.csv,c6e9ba38ca0b766f28dbb713bf488592fc11787d647b6426bc4085a42cbb85b6,838,simulation-output,simulated,v2,Escenarios fotovoltaicos estacionarios y contingencias; no son mediciones de campo.
TFM/Entrega_final/reproducibilidad/v2/fv_final/GMD_0p9144/manual_GMD_0p9144m_B5_FV15_Contingencies.csv,results/simulations/v2/photovoltaic/GMD_0p9144/manual_GMD_0p9144m_B5_FV15_Contingencies.csv,e062bf65f4e8f53d1446c8633bcf1a72164e721d7d3830dba57256f4d37c5736,994,simulation-output,simulated,v2,Escenarios fotovoltaicos estacionarios y contingencias; no son mediciones de campo.
TFM/Entrega_final/reproducibilidad/v2/fv_final/GMD_0p9144/manual_GMD_0p9144m_B5_FV15_Generators.csv,results/simulations/v2/photovoltaic/GMD_0p9144/manual_GMD_0p9144m_B5_FV15_Generators.csv,4bfbda9307f9f28e901510d4bad96956757e2826e539c5e7f07c87a79e9337fd,542,simulation-output,simulated,v2,Escenarios fotovoltaicos estacionarios y contingencias; no son mediciones de campo.
TFM/Entrega_final/reproducibilidad/v2/fv_final/GMD_0p9144/manual_GMD_0p9144m_B5_FV15_Islands.csv,results/simulations/v2/photovoltaic/GMD_0p9144/manual_GMD_0p9144m_B5_FV15_Islands.csv,9be1f6cbf3246ea3eccdaf4745bf14633cc9e775b3b5d2324565c962ed3d3841,229,simulation-output,simulated,v2,Escenarios fotovoltaicos estacionarios y contingencias; no son mediciones de campo.
TFM/Entrega_final/reproducibilidad/v2/fv_final/GMD_0p9144/manual_GMD_0p9144m_B5_FV15_Loads.csv,results/simulations/v2/photovoltaic/GMD_0p9144/manual_GMD_0p9144m_B5_FV15_Loads.csv,89e4985f99922b305b19f575ec4c3ee89dfeb8485ecc0be588e06c764de61db5,315,simulation-output,simulated,v2,Escenarios fotovoltaicos estacionarios y contingencias; no son mediciones de campo.
TFM/Entrega_final/reproducibilidad/v2/fv_final/GMD_0p9144/manual_GMD_0p9144m_B5_FV15_Mismatches.csv,results/simulations/v2/photovoltaic/GMD_0p9144/manual_GMD_0p9144m_B5_FV15_Mismatches.csv,1a975642b5cff2d358b6e63797e21784c523d4fabb5d1a1fa13bee3b7980d5bc,330,simulation-output,simulated,v2,Escenarios fotovoltaicos estacionarios y contingencias; no son mediciones de campo.
TFM/Entrega_final/reproducibilidad/v2/fv_final/GMD_0p9144/manual_GMD_0p9144m_B5_FV15_Transformer.csv,results/simulations/v2/photovoltaic/GMD_0p9144/manual_GMD_0p9144m_B5_FV15_Transformer.csv,d0069ae30c54241cd6b2c1d0cfce86573f625e335bd72b98da72d1f32b7f69ed,697,simulation-output,simulated,v2,Escenarios fotovoltaicos estacionarios y contingencias; no son mediciones de campo.
TFM/Entrega_final/reproducibilidad/v2/fv_final/GMD_0p9144/manual_GMD_0p9144m_B5_FV15_ViolationCTG.aux,results/simulations/v2/photovoltaic/GMD_0p9144/manual_GMD_0p9144m_B5_FV15_ViolationCTG.aux,1c23a4c9c0b4cf3d3a2db0e010f7148af91f420a39ab7660f7f62f06b48c223d,15798,simulation-output,simulated,v2,Escenarios fotovoltaicos estacionarios y contingencias; no son mediciones de campo.
TFM/Entrega_final/reproducibilidad/v2/fv_final/GMD_0p9144/manual_GMD_0p9144m_B5_FV30_Branch.aux,results/simulations/v2/photovoltaic/GMD_0p9144/manual_GMD_0p9144m_B5_FV30_Branch.aux,f7c82db797424f89b3d9feac2c226328e0adb0b3e6c1204444bd50f22b8de352,11346,simulation-output,simulated,v2,Escenarios fotovoltaicos estacionarios y contingencias; no son mediciones de campo.
TFM/Entrega_final/reproducibilidad/v2/fv_final/GMD_0p9144/manual_GMD_0p9144m_B5_FV30_Branches.csv,results/simulations/v2/photovoltaic/GMD_0p9144/manual_GMD_0p9144m_B5_FV30_Branches.csv,350aeac3b73965c8451ea80bfd8139a5211578915ab8c7d428602cf558faadb6,1260,simulation-output,simulated,v2,Escenarios fotovoltaicos estacionarios y contingencias; no son mediciones de campo.
TFM/Entrega_final/reproducibilidad/v2/fv_final/GMD_0p9144/manual_GMD_0p9144m_B5_FV30_Bus.aux,results/simulations/v2/photovoltaic/GMD_0p9144/manual_GMD_0p9144m_B5_FV30_Bus.aux,adf1c06f5a5e0c7de4795d4a1b49d72c533ed7fc6db8665621fa48d2bf890a0c,6248,simulation-output,simulated,v2,Escenarios fotovoltaicos estacionarios y contingencias; no son mediciones de campo.
TFM/Entrega_final/reproducibilidad/v2/fv_final/GMD_0p9144/manual_GMD_0p9144m_B5_FV30_Buses.csv,results/simulations/v2/photovoltaic/GMD_0p9144/manual_GMD_0p9144m_B5_FV30_Buses.csv,fa3b63b6c0240e82343046a8265ce73f013332ca64206f74bf128a6f580fbf7d,892,simulation-output,simulated,v2,Escenarios fotovoltaicos estacionarios y contingencias; no son mediciones de campo.
TFM/Entrega_final/reproducibilidad/v2/fv_final/GMD_0p9144/manual_GMD_0p9144m_B5_FV30_Contingencies.csv,results/simulations/v2/photovoltaic/GMD_0p9144/manual_GMD_0p9144m_B5_FV30_Contingencies.csv,e062bf65f4e8f53d1446c8633bcf1a72164e721d7d3830dba57256f4d37c5736,994,simulation-output,simulated,v2,Escenarios fotovoltaicos estacionarios y contingencias; no son mediciones de campo.
TFM/Entrega_final/reproducibilidad/v2/fv_final/GMD_0p9144/manual_GMD_0p9144m_B5_FV30_Generators.csv,results/simulations/v2/photovoltaic/GMD_0p9144/manual_GMD_0p9144m_B5_FV30_Generators.csv,46d0d919b3e3f41374e0bf6400f79d53bdf77359a53465e0f2680d34559592b4,542,simulation-output,simulated,v2,Escenarios fotovoltaicos estacionarios y contingencias; no son mediciones de campo.
TFM/Entrega_final/reproducibilidad/v2/fv_final/GMD_0p9144/manual_GMD_0p9144m_B5_FV30_Islands.csv,results/simulations/v2/photovoltaic/GMD_0p9144/manual_GMD_0p9144m_B5_FV30_Islands.csv,619cd06de65f96dfe966ede70ea31e32b43e567f980abb31d75b5df2bd903734,229,simulation-output,simulated,v2,Escenarios fotovoltaicos estacionarios y contingencias; no son mediciones de campo.
TFM/Entrega_final/reproducibilidad/v2/fv_final/GMD_0p9144/manual_GMD_0p9144m_B5_FV30_Loads.csv,results/simulations/v2/photovoltaic/GMD_0p9144/manual_GMD_0p9144m_B5_FV30_Loads.csv,89e4985f99922b305b19f575ec4c3ee89dfeb8485ecc0be588e06c764de61db5,315,simulation-output,simulated,v2,Escenarios fotovoltaicos estacionarios y contingencias; no son mediciones de campo.
TFM/Entrega_final/reproducibilidad/v2/fv_final/GMD_0p9144/manual_GMD_0p9144m_B5_FV30_Mismatches.csv,results/simulations/v2/photovoltaic/GMD_0p9144/manual_GMD_0p9144m_B5_FV30_Mismatches.csv,6929ad80eb3fa91405c3e5c2ca2496d67ce7362dc6c61184ea9cf64c979a077f,330,simulation-output,simulated,v2,Escenarios fotovoltaicos estacionarios y contingencias; no son mediciones de campo.
TFM/Entrega_final/reproducibilidad/v2/fv_final/GMD_0p9144/manual_GMD_0p9144m_B5_FV30_Transformer.csv,results/simulations/v2/photovoltaic/GMD_0p9144/manual_GMD_0p9144m_B5_FV30_Transformer.csv,d0069ae30c54241cd6b2c1d0cfce86573f625e335bd72b98da72d1f32b7f69ed,697,simulation-output,simulated,v2,Escenarios fotovoltaicos estacionarios y contingencias; no son mediciones de campo.
TFM/Entrega_final/reproducibilidad/v2/fv_final/GMD_0p9144/manual_GMD_0p9144m_B5_FV30_ViolationCTG.aux,results/simulations/v2/photovoltaic/GMD_0p9144/manual_GMD_0p9144m_B5_FV30_ViolationCTG.aux,91ca6f082bb2dc7c790f6a3df355e2158a204256abb292d5a05c5954aeb8b4c0,15538,simulation-output,simulated,v2,Escenarios fotovoltaicos estacionarios y contingencias; no son mediciones de campo.
TFM/Entrega_final/reproducibilidad/v2/fv_final/GMD_0p9144/manual_GMD_0p9144m_B5_FV50_Branch.aux,results/simulations/v2/photovoltaic/GMD_0p9144/manual_GMD_0p9144m_B5_FV50_Branch.aux,b56bcf065aa26faf3d9ff1b7440b2e07aa70991f39f79c45e29ae7b3c22f0f55,11318,simulation-output,simulated,v2,Escenarios fotovoltaicos estacionarios y contingencias; no son mediciones de campo.
TFM/Entrega_final/reproducibilidad/v2/fv_final/GMD_0p9144/manual_GMD_0p9144m_B5_FV50_Branches.csv,results/simulations/v2/photovoltaic/GMD_0p9144/manual_GMD_0p9144m_B5_FV50_Branches.csv,1d792375cebd033cf05304f2088e4f1674051710d4934f56797045ed871170c5,1260,simulation-output,simulated,v2,Escenarios fotovoltaicos estacionarios y contingencias; no son mediciones de campo.
TFM/Entrega_final/reproducibilidad/v2/fv_final/GMD_0p9144/manual_GMD_0p9144m_B5_FV50_Bus.aux,results/simulations/v2/photovoltaic/GMD_0p9144/manual_GMD_0p9144m_B5_FV50_Bus.aux,7a8aa463670e051055ce1742d00e59f65b837b1c81196651b6184b936400c49f,6149,simulation-output,simulated,v2,Escenarios fotovoltaicos estacionarios y contingencias; no son mediciones de campo.
TFM/Entrega_final/reproducibilidad/v2/fv_final/GMD_0p9144/manual_GMD_0p9144m_B5_FV50_Buses.csv,results/simulations/v2/photovoltaic/GMD_0p9144/manual_GMD_0p9144m_B5_FV50_Buses.csv,4499240f7f9109951b73f8c88cfa87dc28c341a7f266a2d294199c6339942985,838,simulation-output,simulated,v2,Escenarios fotovoltaicos estacionarios y contingencias; no son mediciones de campo.
TFM/Entrega_final/reproducibilidad/v2/fv_final/GMD_0p9144/manual_GMD_0p9144m_B5_FV50_Contingencies.csv,results/simulations/v2/photovoltaic/GMD_0p9144/manual_GMD_0p9144m_B5_FV50_Contingencies.csv,e062bf65f4e8f53d1446c8633bcf1a72164e721d7d3830dba57256f4d37c5736,994,simulation-output,simulated,v2,Escenarios fotovoltaicos estacionarios y contingencias; no son mediciones de campo.
TFM/Entrega_final/reproducibilidad/v2/fv_final/GMD_0p9144/manual_GMD_0p9144m_B5_FV50_Generators.csv,results/simulations/v2/photovoltaic/GMD_0p9144/manual_GMD_0p9144m_B5_FV50_Generators.csv,0b7f2d9ca1cc5d2ba85f56abb752e9dbecb173026a8f88ecf7d455e5116e3b6c,542,simulation-output,simulated,v2,Escenarios fotovoltaicos estacionarios y contingencias; no son mediciones de campo.
TFM/Entrega_final/reproducibilidad/v2/fv_final/GMD_0p9144/manual_GMD_0p9144m_B5_FV50_Islands.csv,results/simulations/v2/photovoltaic/GMD_0p9144/manual_GMD_0p9144m_B5_FV50_Islands.csv,506f38d841a819a5d0288705767d59956dfcfa587d855e7c0fbbe0cde174ef42,229,simulation-output,simulated,v2,Escenarios fotovoltaicos estacionarios y contingencias; no son mediciones de campo.
TFM/Entrega_final/reproducibilidad/v2/fv_final/GMD_0p9144/manual_GMD_0p9144m_B5_FV50_Loads.csv,results/simulations/v2/photovoltaic/GMD_0p9144/manual_GMD_0p9144m_B5_FV50_Loads.csv,89e4985f99922b305b19f575ec4c3ee89dfeb8485ecc0be588e06c764de61db5,315,simulation-output,simulated,v2,Escenarios fotovoltaicos estacionarios y contingencias; no son mediciones de campo.
TFM/Entrega_final/reproducibilidad/v2/fv_final/GMD_0p9144/manual_GMD_0p9144m_B5_FV50_Mismatches.csv,results/simulations/v2/photovoltaic/GMD_0p9144/manual_GMD_0p9144m_B5_FV50_Mismatches.csv,f05549526258285a338f4eda3617acf4baa68fdc86728e981c00d92ceb67e57a,330,simulation-output,simulated,v2,Escenarios fotovoltaicos estacionarios y contingencias; no son mediciones de campo.
TFM/Entrega_final/reproducibilidad/v2/fv_final/GMD_0p9144/manual_GMD_0p9144m_B5_FV50_Transformer.csv,results/simulations/v2/photovoltaic/GMD_0p9144/manual_GMD_0p9144m_B5_FV50_Transformer.csv,d0069ae30c54241cd6b2c1d0cfce86573f625e335bd72b98da72d1f32b7f69ed,697,simulation-output,simulated,v2,Escenarios fotovoltaicos estacionarios y contingencias; no son mediciones de campo.
TFM/Entrega_final/reproducibilidad/v2/fv_final/GMD_0p9144/manual_GMD_0p9144m_B5_FV50_ViolationCTG.aux,results/simulations/v2/photovoltaic/GMD_0p9144/manual_GMD_0p9144m_B5_FV50_ViolationCTG.aux,108450d421d3083139c965078475b0c8c4419e76e70ab26de454ff1e1abefcc7,15437,simulation-output,simulated,v2,Escenarios fotovoltaicos estacionarios y contingencias; no son mediciones de campo.
TFM/Entrega_final/reproducibilidad/v2/fv_final/GMD_0p9144/manual_GMD_0p9144m_B6_FV15_Branch.aux,results/simulations/v2/photovoltaic/GMD_0p9144/manual_GMD_0p9144m_B6_FV15_Branch.aux,d8adf949050fc4e5d2b909e03eeb89a1e61969ea606b0fb67fc6aabb34b1ca67,11380,simulation-output,simulated,v2,Escenarios fotovoltaicos estacionarios y contingencias; no son mediciones de campo.
TFM/Entrega_final/reproducibilidad/v2/fv_final/GMD_0p9144/manual_GMD_0p9144m_B6_FV15_Branches.csv,results/simulations/v2/photovoltaic/GMD_0p9144/manual_GMD_0p9144m_B6_FV15_Branches.csv,97284f411dce34f6dff6e98baae4493e58c43b36636728f867936b651d097ce0,1260,simulation-output,simulated,v2,Escenarios fotovoltaicos estacionarios y contingencias; no son mediciones de campo.
TFM/Entrega_final/reproducibilidad/v2/fv_final/GMD_0p9144/manual_GMD_0p9144m_B6_FV15_Bus.aux,results/simulations/v2/photovoltaic/GMD_0p9144/manual_GMD_0p9144m_B6_FV15_Bus.aux,164a8e69a9c68fe90f2c1702f5a7bd10adb3db76b12a28a366901805e3a2653d,6149,simulation-output,simulated,v2,Escenarios fotovoltaicos estacionarios y contingencias; no son mediciones de campo.
TFM/Entrega_final/reproducibilidad/v2/fv_final/GMD_0p9144/manual_GMD_0p9144m_B6_FV15_Buses.csv,results/simulations/v2/photovoltaic/GMD_0p9144/manual_GMD_0p9144m_B6_FV15_Buses.csv,9828baab4a78be984099fbaf0d8c0c7481e68ff3dc7f0f1a893c0ae56c6e2210,838,simulation-output,simulated,v2,Escenarios fotovoltaicos estacionarios y contingencias; no son mediciones de campo.
TFM/Entrega_final/reproducibilidad/v2/fv_final/GMD_0p9144/manual_GMD_0p9144m_B6_FV15_Contingencies.csv,results/simulations/v2/photovoltaic/GMD_0p9144/manual_GMD_0p9144m_B6_FV15_Contingencies.csv,a91a161e37ac36c23eb188bf36bfa6f43f7f98374b4f67af30c2f1e5595f8f8f,1004,simulation-output,simulated,v2,Escenarios fotovoltaicos estacionarios y contingencias; no son mediciones de campo.
TFM/Entrega_final/reproducibilidad/v2/fv_final/GMD_0p9144/manual_GMD_0p9144m_B6_FV15_Generators.csv,results/simulations/v2/photovoltaic/GMD_0p9144/manual_GMD_0p9144m_B6_FV15_Generators.csv,88bf40b843aa8d1463886ed399d10394071c2802425a63c4f40f8b24ee9814c1,542,simulation-output,simulated,v2,Escenarios fotovoltaicos estacionarios y contingencias; no son mediciones de campo.
TFM/Entrega_final/reproducibilidad/v2/fv_final/GMD_0p9144/manual_GMD_0p9144m_B6_FV15_Islands.csv,results/simulations/v2/photovoltaic/GMD_0p9144/manual_GMD_0p9144m_B6_FV15_Islands.csv,9be1f6cbf3246ea3eccdaf4745bf14633cc9e775b3b5d2324565c962ed3d3841,229,simulation-output,simulated,v2,Escenarios fotovoltaicos estacionarios y contingencias; no son mediciones de campo.
TFM/Entrega_final/reproducibilidad/v2/fv_final/GMD_0p9144/manual_GMD_0p9144m_B6_FV15_Loads.csv,results/simulations/v2/photovoltaic/GMD_0p9144/manual_GMD_0p9144m_B6_FV15_Loads.csv,89e4985f99922b305b19f575ec4c3ee89dfeb8485ecc0be588e06c764de61db5,315,simulation-output,simulated,v2,Escenarios fotovoltaicos estacionarios y contingencias; no son mediciones de campo.
TFM/Entrega_final/reproducibilidad/v2/fv_final/GMD_0p9144/manual_GMD_0p9144m_B6_FV15_Mismatches.csv,results/simulations/v2/photovoltaic/GMD_0p9144/manual_GMD_0p9144m_B6_FV15_Mismatches.csv,33ee0019e8711cc429ce946719c490190a24cd3ec31718942aedab5b7f1a0fd6,330,simulation-output,simulated,v2,Escenarios fotovoltaicos estacionarios y contingencias; no son mediciones de campo.
TFM/Entrega_final/reproducibilidad/v2/fv_final/GMD_0p9144/manual_GMD_0p9144m_B6_FV15_Transformer.csv,results/simulations/v2/photovoltaic/GMD_0p9144/manual_GMD_0p9144m_B6_FV15_Transformer.csv,d0069ae30c54241cd6b2c1d0cfce86573f625e335bd72b98da72d1f32b7f69ed,697,simulation-output,simulated,v2,Escenarios fotovoltaicos estacionarios y contingencias; no son mediciones de campo.
TFM/Entrega_final/reproducibilidad/v2/fv_final/GMD_0p9144/manual_GMD_0p9144m_B6_FV15_ViolationCTG.aux,results/simulations/v2/photovoltaic/GMD_0p9144/manual_GMD_0p9144m_B6_FV15_ViolationCTG.aux,03e6fd7447a0694e2882135ff26f83fc21f119b608cc11aa870abda389ffb2ac,15468,simulation-output,simulated,v2,Escenarios fotovoltaicos estacionarios y contingencias; no son mediciones de campo.
TFM/Entrega_final/reproducibilidad/v2/fv_final/GMD_0p9144/manual_GMD_0p9144m_B6_FV30_Branch.aux,results/simulations/v2/photovoltaic/GMD_0p9144/manual_GMD_0p9144m_B6_FV30_Branch.aux,7f526f1435713c1e608e090d74f8d7e4107589c02c2c941dbfb864ffd5aac469,11356,simulation-output,simulated,v2,Escenarios fotovoltaicos estacionarios y contingencias; no son mediciones de campo.
TFM/Entrega_final/reproducibilidad/v2/fv_final/GMD_0p9144/manual_GMD_0p9144m_B6_FV30_Branches.csv,results/simulations/v2/photovoltaic/GMD_0p9144/manual_GMD_0p9144m_B6_FV30_Branches.csv,63575cd50dfd4c711065edf58db81dcfedabeb334ce7a7cdcdfa8b1a21116d7b,1260,simulation-output,simulated,v2,Escenarios fotovoltaicos estacionarios y contingencias; no son mediciones de campo.
TFM/Entrega_final/reproducibilidad/v2/fv_final/GMD_0p9144/manual_GMD_0p9144m_B6_FV30_Bus.aux,results/simulations/v2/photovoltaic/GMD_0p9144/manual_GMD_0p9144m_B6_FV30_Bus.aux,1f5dfcb0d7c9ef24341a7097ce65262f1a5ad4eb1e9d4a6159b6b4c6249c9d80,6149,simulation-output,simulated,v2,Escenarios fotovoltaicos estacionarios y contingencias; no son mediciones de campo.
TFM/Entrega_final/reproducibilidad/v2/fv_final/GMD_0p9144/manual_GMD_0p9144m_B6_FV30_Buses.csv,results/simulations/v2/photovoltaic/GMD_0p9144/manual_GMD_0p9144m_B6_FV30_Buses.csv,582293e808e5f9c8f4f044ec36944f38c671a8b28096d651fa46253942afd4b3,838,simulation-output,simulated,v2,Escenarios fotovoltaicos estacionarios y contingencias; no son mediciones de campo.
TFM/Entrega_final/reproducibilidad/v2/fv_final/GMD_0p9144/manual_GMD_0p9144m_B6_FV30_Contingencies.csv,results/simulations/v2/photovoltaic/GMD_0p9144/manual_GMD_0p9144m_B6_FV30_Contingencies.csv,c0cf0e963609564226b97c00a8b414692feb2e0522686e4b129657e470fe0a30,1004,simulation-output,simulated,v2,Escenarios fotovoltaicos estacionarios y contingencias; no son mediciones de campo.
TFM/Entrega_final/reproducibilidad/v2/fv_final/GMD_0p9144/manual_GMD_0p9144m_B6_FV30_Generators.csv,results/simulations/v2/photovoltaic/GMD_0p9144/manual_GMD_0p9144m_B6_FV30_Generators.csv,2e3d5daaf802794e113c074cd798158ba3bcf8a94cce0d8d3790f86f4fae6fbb,542,simulation-output,simulated,v2,Escenarios fotovoltaicos estacionarios y contingencias; no son mediciones de campo.
TFM/Entrega_final/reproducibilidad/v2/fv_final/GMD_0p9144/manual_GMD_0p9144m_B6_FV30_Islands.csv,results/simulations/v2/photovoltaic/GMD_0p9144/manual_GMD_0p9144m_B6_FV30_Islands.csv,ce09e27fcc79546d4a60abdfb539e21d8b58302d8c060972a9446530e088714d,229,simulation-output,simulated,v2,Escenarios fotovoltaicos estacionarios y contingencias; no son mediciones de campo.
TFM/Entrega_final/reproducibilidad/v2/fv_final/GMD_0p9144/manual_GMD_0p9144m_B6_FV30_Loads.csv,results/simulations/v2/photovoltaic/GMD_0p9144/manual_GMD_0p9144m_B6_FV30_Loads.csv,89e4985f99922b305b19f575ec4c3ee89dfeb8485ecc0be588e06c764de61db5,315,simulation-output,simulated,v2,Escenarios fotovoltaicos estacionarios y contingencias; no son mediciones de campo.
TFM/Entrega_final/reproducibilidad/v2/fv_final/GMD_0p9144/manual_GMD_0p9144m_B6_FV30_Mismatches.csv,results/simulations/v2/photovoltaic/GMD_0p9144/manual_GMD_0p9144m_B6_FV30_Mismatches.csv,542d1e39cbcc01fee9d9a5ae8b5a1648a4ffcac919a9e89af47bde154620f856,330,simulation-output,simulated,v2,Escenarios fotovoltaicos estacionarios y contingencias; no son mediciones de campo.
TFM/Entrega_final/reproducibilidad/v2/fv_final/GMD_0p9144/manual_GMD_0p9144m_B6_FV30_Transformer.csv,results/simulations/v2/photovoltaic/GMD_0p9144/manual_GMD_0p9144m_B6_FV30_Transformer.csv,d0069ae30c54241cd6b2c1d0cfce86573f625e335bd72b98da72d1f32b7f69ed,697,simulation-output,simulated,v2,Escenarios fotovoltaicos estacionarios y contingencias; no son mediciones de campo.
TFM/Entrega_final/reproducibilidad/v2/fv_final/GMD_0p9144/manual_GMD_0p9144m_B6_FV30_ViolationCTG.aux,results/simulations/v2/photovoltaic/GMD_0p9144/manual_GMD_0p9144m_B6_FV30_ViolationCTG.aux,5002249f4b060c7e87646419a6c843e202771009df235f6c3948dc37cc62723d,15456,simulation-output,simulated,v2,Escenarios fotovoltaicos estacionarios y contingencias; no son mediciones de campo.
TFM/Entrega_final/reproducibilidad/v2/fv_final/GMD_0p9144/manual_GMD_0p9144m_B6_FV50_Branch.aux,results/simulations/v2/photovoltaic/GMD_0p9144/manual_GMD_0p9144m_B6_FV50_Branch.aux,e1007e580f8d0a016cbc1ea4ad128526809a94c982e57b074f2187b4c27eec5a,11340,simulation-output,simulated,v2,Escenarios fotovoltaicos estacionarios y contingencias; no son mediciones de campo.
TFM/Entrega_final/reproducibilidad/v2/fv_final/GMD_0p9144/manual_GMD_0p9144m_B6_FV50_Branches.csv,results/simulations/v2/photovoltaic/GMD_0p9144/manual_GMD_0p9144m_B6_FV50_Branches.csv,b01e95c2f8b6c29b1d04318e73cafadd545a66e09187af1b39da87e3c899cc8b,1260,simulation-output,simulated,v2,Escenarios fotovoltaicos estacionarios y contingencias; no son mediciones de campo.
TFM/Entrega_final/reproducibilidad/v2/fv_final/GMD_0p9144/manual_GMD_0p9144m_B6_FV50_Bus.aux,results/simulations/v2/photovoltaic/GMD_0p9144/manual_GMD_0p9144m_B6_FV50_Bus.aux,8fbc6d0b24cd224dcc62653d5005d96a2b935d3d1e02a36d9ed204aec2213f9d,6149,simulation-output,simulated,v2,Escenarios fotovoltaicos estacionarios y contingencias; no son mediciones de campo.
TFM/Entrega_final/reproducibilidad/v2/fv_final/GMD_0p9144/manual_GMD_0p9144m_B6_FV50_Buses.csv,results/simulations/v2/photovoltaic/GMD_0p9144/manual_GMD_0p9144m_B6_FV50_Buses.csv,8fb696c0f0ef18193e8872cbe14c47cf3e39cb904f77f6fbc63db483f2d57a41,838,simulation-output,simulated,v2,Escenarios fotovoltaicos estacionarios y contingencias; no son mediciones de campo.
TFM/Entrega_final/reproducibilidad/v2/fv_final/GMD_0p9144/manual_GMD_0p9144m_B6_FV50_Contingencies.csv,results/simulations/v2/photovoltaic/GMD_0p9144/manual_GMD_0p9144m_B6_FV50_Contingencies.csv,71b0f2589b5b7849950610a8e76b49032506eb9f764387471abda5bff06455bb,1004,simulation-output,simulated,v2,Escenarios fotovoltaicos estacionarios y contingencias; no son mediciones de campo.
TFM/Entrega_final/reproducibilidad/v2/fv_final/GMD_0p9144/manual_GMD_0p9144m_B6_FV50_Generators.csv,results/simulations/v2/photovoltaic/GMD_0p9144/manual_GMD_0p9144m_B6_FV50_Generators.csv,8731a6218464cc0f3da4101b02d10cd4851aff9bebd2df6c198ee609addd7409,542,simulation-output,simulated,v2,Escenarios fotovoltaicos estacionarios y contingencias; no son mediciones de campo.
TFM/Entrega_final/reproducibilidad/v2/fv_final/GMD_0p9144/manual_GMD_0p9144m_B6_FV50_Islands.csv,results/simulations/v2/photovoltaic/GMD_0p9144/manual_GMD_0p9144m_B6_FV50_Islands.csv,b3cb48f62e0bd3a28a1f83b7d04bb72261fb1c72a061493a89649b77a6550973,229,simulation-output,simulated,v2,Escenarios fotovoltaicos estacionarios y contingencias; no son mediciones de campo.
TFM/Entrega_final/reproducibilidad/v2/fv_final/GMD_0p9144/manual_GMD_0p9144m_B6_FV50_Loads.csv,results/simulations/v2/photovoltaic/GMD_0p9144/manual_GMD_0p9144m_B6_FV50_Loads.csv,89e4985f99922b305b19f575ec4c3ee89dfeb8485ecc0be588e06c764de61db5,315,simulation-output,simulated,v2,Escenarios fotovoltaicos estacionarios y contingencias; no son mediciones de campo.
TFM/Entrega_final/reproducibilidad/v2/fv_final/GMD_0p9144/manual_GMD_0p9144m_B6_FV50_Mismatches.csv,results/simulations/v2/photovoltaic/GMD_0p9144/manual_GMD_0p9144m_B6_FV50_Mismatches.csv,542d1e39cbcc01fee9d9a5ae8b5a1648a4ffcac919a9e89af47bde154620f856,330,simulation-output,simulated,v2,Escenarios fotovoltaicos estacionarios y contingencias; no son mediciones de campo.
TFM/Entrega_final/reproducibilidad/v2/fv_final/GMD_0p9144/manual_GMD_0p9144m_B6_FV50_Transformer.csv,results/simulations/v2/photovoltaic/GMD_0p9144/manual_GMD_0p9144m_B6_FV50_Transformer.csv,d0069ae30c54241cd6b2c1d0cfce86573f625e335bd72b98da72d1f32b7f69ed,697,simulation-output,simulated,v2,Escenarios fotovoltaicos estacionarios y contingencias; no son mediciones de campo.
TFM/Entrega_final/reproducibilidad/v2/fv_final/GMD_0p9144/manual_GMD_0p9144m_B6_FV50_ViolationCTG.aux,results/simulations/v2/photovoltaic/GMD_0p9144/manual_GMD_0p9144m_B6_FV50_ViolationCTG.aux,24010fa48e48715195d526e498117216f5763060aa5164a2b20c721217ca7345,15448,simulation-output,simulated,v2,Escenarios fotovoltaicos estacionarios y contingencias; no son mediciones de campo.
TFM/Entrega_final/reproducibilidad/v2/fv_final/GMD_1p2192/SA_AC_v2_GMD_1p2192m_B1_FV15_WORKING.PWB,results/simulations/v2/photovoltaic/GMD_1p2192/SA_AC_v2_GMD_1p2192m_B1_FV15_WORKING.PWB,dcc68b47c775a30d42d421c9864da83064a6a9c657f76f0d9f437c881c18b5a0,42832,simulation-output,simulated,v2,Escenarios fotovoltaicos estacionarios y contingencias; no son mediciones de campo.
TFM/Entrega_final/reproducibilidad/v2/fv_final/GMD_1p2192/Simulacion1.pwd,results/simulations/v2/photovoltaic/GMD_1p2192/Simulacion1.pwd,9427b0ec23a2fe161a8ff35ccf76732f771b04df9b8a52895f777e6951febedb,14795,simulation-output,simulated,v2,Escenarios fotovoltaicos estacionarios y contingencias; no son mediciones de campo.
TFM/Entrega_final/reproducibilidad/v2/fv_final/GMD_1p2192/manual_GMD_1p2192m_B1_FV15_Branch.aux,results/simulations/v2/photovoltaic/GMD_1p2192/manual_GMD_1p2192m_B1_FV15_Branch.aux,5e8fa702c34fabab569aa6d8562ecbecdad6494ac7ec5fa519e7408a9633b3f2,11448,simulation-output,simulated,v2,Escenarios fotovoltaicos estacionarios y contingencias; no son mediciones de campo.
TFM/Entrega_final/reproducibilidad/v2/fv_final/GMD_1p2192/manual_GMD_1p2192m_B1_FV15_Branches.aux,results/simulations/v2/photovoltaic/GMD_1p2192/manual_GMD_1p2192m_B1_FV15_Branches.aux,5d77e0aa1b5dee513cd7549a143a5cd83f611d2672ad68223057f5bd4706daf7,1394,simulation-output,simulated,v2,Escenarios fotovoltaicos estacionarios y contingencias; no son mediciones de campo.
TFM/Entrega_final/reproducibilidad/v2/fv_final/GMD_1p2192/manual_GMD_1p2192m_B1_FV15_Branches.csv,results/simulations/v2/photovoltaic/GMD_1p2192/manual_GMD_1p2192m_B1_FV15_Branches.csv,aa34902648f46605341de96aa13fe3e61abe346d7cac58736d4505fed78c0b3a,1260,simulation-output,simulated,v2,Escenarios fotovoltaicos estacionarios y contingencias; no son mediciones de campo.
TFM/Entrega_final/reproducibilidad/v2/fv_final/GMD_1p2192/manual_GMD_1p2192m_B1_FV15_Bus.aux,results/simulations/v2/photovoltaic/GMD_1p2192/manual_GMD_1p2192m_B1_FV15_Bus.aux,a65bfe1e5ec099af78e39e7b9d6f27506fc906907b113e95d391b47e762da3ef,7360,simulation-output,simulated,v2,Escenarios fotovoltaicos estacionarios y contingencias; no son mediciones de campo.
TFM/Entrega_final/reproducibilidad/v2/fv_final/GMD_1p2192/manual_GMD_1p2192m_B1_FV15_Buses.aux,results/simulations/v2/photovoltaic/GMD_1p2192/manual_GMD_1p2192m_B1_FV15_Buses.aux,9c14f0b6892631b0752fbcb7d229a6abfc02648690f660e331ac72122c47ba23,1019,simulation-output,simulated,v2,Escenarios fotovoltaicos estacionarios y contingencias; no son mediciones de campo.
TFM/Entrega_final/reproducibilidad/v2/fv_final/GMD_1p2192/manual_GMD_1p2192m_B1_FV15_Buses.csv,results/simulations/v2/photovoltaic/GMD_1p2192/manual_GMD_1p2192m_B1_FV15_Buses.csv,ce835068f12b5bb6483dac89cc5c08b52711723ddd6039b551ea00caf20740a5,818,simulation-output,simulated,v2,Escenarios fotovoltaicos estacionarios y contingencias; no son mediciones de campo.
TFM/Entrega_final/reproducibilidad/v2/fv_final/GMD_1p2192/manual_GMD_1p2192m_B1_FV15_Contingencies.aux,results/simulations/v2/photovoltaic/GMD_1p2192/manual_GMD_1p2192m_B1_FV15_Contingencies.aux,34b2011a20e79973add81d7e28c81d96b45abb809d69cf1f76a31aef2bd0b68e,2594,simulation-output,simulated,v2,Escenarios fotovoltaicos estacionarios y contingencias; no son mediciones de campo.
TFM/Entrega_final/reproducibilidad/v2/fv_final/GMD_1p2192/manual_GMD_1p2192m_B1_FV15_Contingencies.csv,results/simulations/v2/photovoltaic/GMD_1p2192/manual_GMD_1p2192m_B1_FV15_Contingencies.csv,e062bf65f4e8f53d1446c8633bcf1a72164e721d7d3830dba57256f4d37c5736,994,simulation-output,simulated,v2,Escenarios fotovoltaicos estacionarios y contingencias; no son mediciones de campo.
TFM/Entrega_final/reproducibilidad/v2/fv_final/GMD_1p2192/manual_GMD_1p2192m_B1_FV15_Generators.aux,results/simulations/v2/photovoltaic/GMD_1p2192/manual_GMD_1p2192m_B1_FV15_Generators.aux,2785464aa4e65ea79bd2e569c6a50ea49dc50e07a9f07865647760634213c99e,628,simulation-output,simulated,v2,Escenarios fotovoltaicos estacionarios y contingencias; no son mediciones de campo.
TFM/Entrega_final/reproducibilidad/v2/fv_final/GMD_1p2192/manual_GMD_1p2192m_B1_FV15_Generators.csv,results/simulations/v2/photovoltaic/GMD_1p2192/manual_GMD_1p2192m_B1_FV15_Generators.csv,a84861588bb5df8fd999ebb3d539145049ca1d3fd06a95c5364110561fcf5aac,551,simulation-output,simulated,v2,Escenarios fotovoltaicos estacionarios y contingencias; no son mediciones de campo.
TFM/Entrega_final/reproducibilidad/v2/fv_final/GMD_1p2192/manual_GMD_1p2192m_B1_FV15_Islands.aux,results/simulations/v2/photovoltaic/GMD_1p2192/manual_GMD_1p2192m_B1_FV15_Islands.aux,184e917603529db3b794382f90199f32cdfe05c3f9dd014552935d714df0ec98,254,simulation-output,simulated,v2,Escenarios fotovoltaicos estacionarios y contingencias; no son mediciones de campo.
TFM/Entrega_final/reproducibilidad/v2/fv_final/GMD_1p2192/manual_GMD_1p2192m_B1_FV15_Islands.csv,results/simulations/v2/photovoltaic/GMD_1p2192/manual_GMD_1p2192m_B1_FV15_Islands.csv,1e207067f9f57f2f26049a4712b0f5499b95677492409f11a729416e1d769f0b,229,simulation-output,simulated,v2,Escenarios fotovoltaicos estacionarios y contingencias; no son mediciones de campo.
TFM/Entrega_final/reproducibilidad/v2/fv_final/GMD_1p2192/manual_GMD_1p2192m_B1_FV15_Loads.aux,results/simulations/v2/photovoltaic/GMD_1p2192/manual_GMD_1p2192m_B1_FV15_Loads.aux,22a71721fdff3fd6cd035ab2a3bd8aaab75cf5a6d655b1f653451a4f6ccc5ea1,355,simulation-output,simulated,v2,Escenarios fotovoltaicos estacionarios y contingencias; no son mediciones de campo.
TFM/Entrega_final/reproducibilidad/v2/fv_final/GMD_1p2192/manual_GMD_1p2192m_B1_FV15_Loads.csv,results/simulations/v2/photovoltaic/GMD_1p2192/manual_GMD_1p2192m_B1_FV15_Loads.csv,89e4985f99922b305b19f575ec4c3ee89dfeb8485ecc0be588e06c764de61db5,315,simulation-output,simulated,v2,Escenarios fotovoltaicos estacionarios y contingencias; no son mediciones de campo.
TFM/Entrega_final/reproducibilidad/v2/fv_final/GMD_1p2192/manual_GMD_1p2192m_B1_FV15_Mismatches.aux,results/simulations/v2/photovoltaic/GMD_1p2192/manual_GMD_1p2192m_B1_FV15_Mismatches.aux,2e8161949c6831e1d28e9df7731e37179e58c114035d4ec97afd4679b185bc57,428,simulation-output,simulated,v2,Escenarios fotovoltaicos estacionarios y contingencias; no son mediciones de campo.
TFM/Entrega_final/reproducibilidad/v2/fv_final/GMD_1p2192/manual_GMD_1p2192m_B1_FV15_Mismatches.csv,results/simulations/v2/photovoltaic/GMD_1p2192/manual_GMD_1p2192m_B1_FV15_Mismatches.csv,34a2a4398b241b78abb4d65d4c56f722a33b71df901cbe4fd2b36f14078e8f07,330,simulation-output,simulated,v2,Escenarios fotovoltaicos estacionarios y contingencias; no son mediciones de campo.
TFM/Entrega_final/reproducibilidad/v2/fv_final/GMD_1p2192/manual_GMD_1p2192m_B1_FV15_Transformer.aux,results/simulations/v2/photovoltaic/GMD_1p2192/manual_GMD_1p2192m_B1_FV15_Transformer.aux,74c5356b5ad9008480a652cb12ef40f236b9fd4ca79b8a6dcbbe15f086c698d8,751,simulation-output,simulated,v2,Escenarios fotovoltaicos estacionarios y contingencias; no son mediciones de campo.
TFM/Entrega_final/reproducibilidad/v2/fv_final/GMD_1p2192/manual_GMD_1p2192m_B1_FV15_Transformer.csv,results/simulations/v2/photovoltaic/GMD_1p2192/manual_GMD_1p2192m_B1_FV15_Transformer.csv,d0069ae30c54241cd6b2c1d0cfce86573f625e335bd72b98da72d1f32b7f69ed,697,simulation-output,simulated,v2,Escenarios fotovoltaicos estacionarios y contingencias; no son mediciones de campo.
TFM/Entrega_final/reproducibilidad/v2/fv_final/GMD_1p2192/manual_GMD_1p2192m_B1_FV15_ViolationCTG.aux,results/simulations/v2/photovoltaic/GMD_1p2192/manual_GMD_1p2192m_B1_FV15_ViolationCTG.aux,0040bca83f464aed50a3f87fe491bcb325e4873d43aff7458a1e21b97ca15589,16557,simulation-output,simulated,v2,Escenarios fotovoltaicos estacionarios y contingencias; no son mediciones de campo.
TFM/Entrega_final/reproducibilidad/v2/fv_final/GMD_1p2192/manual_GMD_1p2192m_B1_FV30_Branches.aux,results/simulations/v2/photovoltaic/GMD_1p2192/manual_GMD_1p2192m_B1_FV30_Branches.aux,5d77e0aa1b5dee513cd7549a143a5cd83f611d2672ad68223057f5bd4706daf7,1394,simulation-output,simulated,v2,Escenarios fotovoltaicos estacionarios y contingencias; no son mediciones de campo.
TFM/Entrega_final/reproducibilidad/v2/fv_final/GMD_1p2192/manual_GMD_1p2192m_B1_FV30_Branches.csv,results/simulations/v2/photovoltaic/GMD_1p2192/manual_GMD_1p2192m_B1_FV30_Branches.csv,aa34902648f46605341de96aa13fe3e61abe346d7cac58736d4505fed78c0b3a,1260,simulation-output,simulated,v2,Escenarios fotovoltaicos estacionarios y contingencias; no son mediciones de campo.
TFM/Entrega_final/reproducibilidad/v2/fv_final/GMD_1p2192/manual_GMD_1p2192m_B1_FV30_Buses.aux,results/simulations/v2/photovoltaic/GMD_1p2192/manual_GMD_1p2192m_B1_FV30_Buses.aux,9c14f0b6892631b0752fbcb7d229a6abfc02648690f660e331ac72122c47ba23,1019,simulation-output,simulated,v2,Escenarios fotovoltaicos estacionarios y contingencias; no son mediciones de campo.
TFM/Entrega_final/reproducibilidad/v2/fv_final/GMD_1p2192/manual_GMD_1p2192m_B1_FV30_Buses.csv,results/simulations/v2/photovoltaic/GMD_1p2192/manual_GMD_1p2192m_B1_FV30_Buses.csv,ce835068f12b5bb6483dac89cc5c08b52711723ddd6039b551ea00caf20740a5,818,simulation-output,simulated,v2,Escenarios fotovoltaicos estacionarios y contingencias; no son mediciones de campo.
TFM/Entrega_final/reproducibilidad/v2/fv_final/GMD_1p2192/manual_GMD_1p2192m_B1_FV30_Contingencies.csv,results/simulations/v2/photovoltaic/GMD_1p2192/manual_GMD_1p2192m_B1_FV30_Contingencies.csv,e062bf65f4e8f53d1446c8633bcf1a72164e721d7d3830dba57256f4d37c5736,994,simulation-output,simulated,v2,Escenarios fotovoltaicos estacionarios y contingencias; no son mediciones de campo.
TFM/Entrega_final/reproducibilidad/v2/fv_final/GMD_1p2192/manual_GMD_1p2192m_B1_FV30_Generators.aux,results/simulations/v2/photovoltaic/GMD_1p2192/manual_GMD_1p2192m_B1_FV30_Generators.aux,f42ec5074e0a815526ff4dc949b581561e888d2b4c090b65ff29b5d74c0415bb,628,simulation-output,simulated,v2,Escenarios fotovoltaicos estacionarios y contingencias; no son mediciones de campo.
TFM/Entrega_final/reproducibilidad/v2/fv_final/GMD_1p2192/manual_GMD_1p2192m_B1_FV30_Generators.csv,results/simulations/v2/photovoltaic/GMD_1p2192/manual_GMD_1p2192m_B1_FV30_Generators.csv,9657e8301a53390c92a8f4b5eff2e6024bf551f173367d813a290484a8bbefa6,551,simulation-output,simulated,v2,Escenarios fotovoltaicos estacionarios y contingencias; no son mediciones de campo.
TFM/Entrega_final/reproducibilidad/v2/fv_final/GMD_1p2192/manual_GMD_1p2192m_B1_FV30_Islands.aux,results/simulations/v2/photovoltaic/GMD_1p2192/manual_GMD_1p2192m_B1_FV30_Islands.aux,184e917603529db3b794382f90199f32cdfe05c3f9dd014552935d714df0ec98,254,simulation-output,simulated,v2,Escenarios fotovoltaicos estacionarios y contingencias; no son mediciones de campo.
TFM/Entrega_final/reproducibilidad/v2/fv_final/GMD_1p2192/manual_GMD_1p2192m_B1_FV30_Islands.csv,results/simulations/v2/photovoltaic/GMD_1p2192/manual_GMD_1p2192m_B1_FV30_Islands.csv,1e207067f9f57f2f26049a4712b0f5499b95677492409f11a729416e1d769f0b,229,simulation-output,simulated,v2,Escenarios fotovoltaicos estacionarios y contingencias; no son mediciones de campo.
TFM/Entrega_final/reproducibilidad/v2/fv_final/GMD_1p2192/manual_GMD_1p2192m_B1_FV30_Loads.aux,results/simulations/v2/photovoltaic/GMD_1p2192/manual_GMD_1p2192m_B1_FV30_Loads.aux,22a71721fdff3fd6cd035ab2a3bd8aaab75cf5a6d655b1f653451a4f6ccc5ea1,355,simulation-output,simulated,v2,Escenarios fotovoltaicos estacionarios y contingencias; no son mediciones de campo.
TFM/Entrega_final/reproducibilidad/v2/fv_final/GMD_1p2192/manual_GMD_1p2192m_B1_FV30_Loads.csv,results/simulations/v2/photovoltaic/GMD_1p2192/manual_GMD_1p2192m_B1_FV30_Loads.csv,89e4985f99922b305b19f575ec4c3ee89dfeb8485ecc0be588e06c764de61db5,315,simulation-output,simulated,v2,Escenarios fotovoltaicos estacionarios y contingencias; no son mediciones de campo.
TFM/Entrega_final/reproducibilidad/v2/fv_final/GMD_1p2192/manual_GMD_1p2192m_B1_FV30_Mismatches.aux,results/simulations/v2/photovoltaic/GMD_1p2192/manual_GMD_1p2192m_B1_FV30_Mismatches.aux,2e8161949c6831e1d28e9df7731e37179e58c114035d4ec97afd4679b185bc57,428,simulation-output,simulated,v2,Escenarios fotovoltaicos estacionarios y contingencias; no son mediciones de campo.
TFM/Entrega_final/reproducibilidad/v2/fv_final/GMD_1p2192/manual_GMD_1p2192m_B1_FV30_Mismatches.csv,results/simulations/v2/photovoltaic/GMD_1p2192/manual_GMD_1p2192m_B1_FV30_Mismatches.csv,34a2a4398b241b78abb4d65d4c56f722a33b71df901cbe4fd2b36f14078e8f07,330,simulation-output,simulated,v2,Escenarios fotovoltaicos estacionarios y contingencias; no son mediciones de campo.
TFM/Entrega_final/reproducibilidad/v2/fv_final/GMD_1p2192/manual_GMD_1p2192m_B1_FV30_Transformer.aux,results/simulations/v2/photovoltaic/GMD_1p2192/manual_GMD_1p2192m_B1_FV30_Transformer.aux,74c5356b5ad9008480a652cb12ef40f236b9fd4ca79b8a6dcbbe15f086c698d8,751,simulation-output,simulated,v2,Escenarios fotovoltaicos estacionarios y contingencias; no son mediciones de campo.
TFM/Entrega_final/reproducibilidad/v2/fv_final/GMD_1p2192/manual_GMD_1p2192m_B1_FV30_Transformer.csv,results/simulations/v2/photovoltaic/GMD_1p2192/manual_GMD_1p2192m_B1_FV30_Transformer.csv,d0069ae30c54241cd6b2c1d0cfce86573f625e335bd72b98da72d1f32b7f69ed,697,simulation-output,simulated,v2,Escenarios fotovoltaicos estacionarios y contingencias; no son mediciones de campo.
TFM/Entrega_final/reproducibilidad/v2/fv_final/GMD_1p2192/manual_GMD_1p2192m_B1_FV50_Branch.aux,results/simulations/v2/photovoltaic/GMD_1p2192/manual_GMD_1p2192m_B1_FV50_Branch.aux,5e8fa702c34fabab569aa6d8562ecbecdad6494ac7ec5fa519e7408a9633b3f2,11448,simulation-output,simulated,v2,Escenarios fotovoltaicos estacionarios y contingencias; no son mediciones de campo.
TFM/Entrega_final/reproducibilidad/v2/fv_final/GMD_1p2192/manual_GMD_1p2192m_B1_FV50_Branches.aux,results/simulations/v2/photovoltaic/GMD_1p2192/manual_GMD_1p2192m_B1_FV50_Branches.aux,5d77e0aa1b5dee513cd7549a143a5cd83f611d2672ad68223057f5bd4706daf7,1394,simulation-output,simulated,v2,Escenarios fotovoltaicos estacionarios y contingencias; no son mediciones de campo.
TFM/Entrega_final/reproducibilidad/v2/fv_final/GMD_1p2192/manual_GMD_1p2192m_B1_FV50_Branches.csv,results/simulations/v2/photovoltaic/GMD_1p2192/manual_GMD_1p2192m_B1_FV50_Branches.csv,aa34902648f46605341de96aa13fe3e61abe346d7cac58736d4505fed78c0b3a,1260,simulation-output,simulated,v2,Escenarios fotovoltaicos estacionarios y contingencias; no son mediciones de campo.
TFM/Entrega_final/reproducibilidad/v2/fv_final/GMD_1p2192/manual_GMD_1p2192m_B1_FV50_Bus.aux,results/simulations/v2/photovoltaic/GMD_1p2192/manual_GMD_1p2192m_B1_FV50_Bus.aux,a65bfe1e5ec099af78e39e7b9d6f27506fc906907b113e95d391b47e762da3ef,7360,simulation-output,simulated,v2,Escenarios fotovoltaicos estacionarios y contingencias; no son mediciones de campo.
TFM/Entrega_final/reproducibilidad/v2/fv_final/GMD_1p2192/manual_GMD_1p2192m_B1_FV50_Buses.aux,results/simulations/v2/photovoltaic/GMD_1p2192/manual_GMD_1p2192m_B1_FV50_Buses.aux,9c14f0b6892631b0752fbcb7d229a6abfc02648690f660e331ac72122c47ba23,1019,simulation-output,simulated,v2,Escenarios fotovoltaicos estacionarios y contingencias; no son mediciones de campo.
TFM/Entrega_final/reproducibilidad/v2/fv_final/GMD_1p2192/manual_GMD_1p2192m_B1_FV50_Buses.csv,results/simulations/v2/photovoltaic/GMD_1p2192/manual_GMD_1p2192m_B1_FV50_Buses.csv,ce835068f12b5bb6483dac89cc5c08b52711723ddd6039b551ea00caf20740a5,818,simulation-output,simulated,v2,Escenarios fotovoltaicos estacionarios y contingencias; no son mediciones de campo.
TFM/Entrega_final/reproducibilidad/v2/fv_final/GMD_1p2192/manual_GMD_1p2192m_B1_FV50_Contingencies.csv,results/simulations/v2/photovoltaic/GMD_1p2192/manual_GMD_1p2192m_B1_FV50_Contingencies.csv,e062bf65f4e8f53d1446c8633bcf1a72164e721d7d3830dba57256f4d37c5736,994,simulation-output,simulated,v2,Escenarios fotovoltaicos estacionarios y contingencias; no son mediciones de campo.
TFM/Entrega_final/reproducibilidad/v2/fv_final/GMD_1p2192/manual_GMD_1p2192m_B1_FV50_Generators.aux,results/simulations/v2/photovoltaic/GMD_1p2192/manual_GMD_1p2192m_B1_FV50_Generators.aux,c6d24d1e341cbb41c29befd9bd984bc2f775b00b0c0e07eb304814b125d56266,628,simulation-output,simulated,v2,Escenarios fotovoltaicos estacionarios y contingencias; no son mediciones de campo.
TFM/Entrega_final/reproducibilidad/v2/fv_final/GMD_1p2192/manual_GMD_1p2192m_B1_FV50_Generators.csv,results/simulations/v2/photovoltaic/GMD_1p2192/manual_GMD_1p2192m_B1_FV50_Generators.csv,3a7717adf47a3bd335273676129dfa12d6fb1a1d010d8b930b6ffb14b4ddb8ce,551,simulation-output,simulated,v2,Escenarios fotovoltaicos estacionarios y contingencias; no son mediciones de campo.
TFM/Entrega_final/reproducibilidad/v2/fv_final/GMD_1p2192/manual_GMD_1p2192m_B1_FV50_Islands.aux,results/simulations/v2/photovoltaic/GMD_1p2192/manual_GMD_1p2192m_B1_FV50_Islands.aux,184e917603529db3b794382f90199f32cdfe05c3f9dd014552935d714df0ec98,254,simulation-output,simulated,v2,Escenarios fotovoltaicos estacionarios y contingencias; no son mediciones de campo.
TFM/Entrega_final/reproducibilidad/v2/fv_final/GMD_1p2192/manual_GMD_1p2192m_B1_FV50_Islands.csv,results/simulations/v2/photovoltaic/GMD_1p2192/manual_GMD_1p2192m_B1_FV50_Islands.csv,1e207067f9f57f2f26049a4712b0f5499b95677492409f11a729416e1d769f0b,229,simulation-output,simulated,v2,Escenarios fotovoltaicos estacionarios y contingencias; no son mediciones de campo.
TFM/Entrega_final/reproducibilidad/v2/fv_final/GMD_1p2192/manual_GMD_1p2192m_B1_FV50_Loads.aux,results/simulations/v2/photovoltaic/GMD_1p2192/manual_GMD_1p2192m_B1_FV50_Loads.aux,22a71721fdff3fd6cd035ab2a3bd8aaab75cf5a6d655b1f653451a4f6ccc5ea1,355,simulation-output,simulated,v2,Escenarios fotovoltaicos estacionarios y contingencias; no son mediciones de campo.
TFM/Entrega_final/reproducibilidad/v2/fv_final/GMD_1p2192/manual_GMD_1p2192m_B1_FV50_Loads.csv,results/simulations/v2/photovoltaic/GMD_1p2192/manual_GMD_1p2192m_B1_FV50_Loads.csv,89e4985f99922b305b19f575ec4c3ee89dfeb8485ecc0be588e06c764de61db5,315,simulation-output,simulated,v2,Escenarios fotovoltaicos estacionarios y contingencias; no son mediciones de campo.
TFM/Entrega_final/reproducibilidad/v2/fv_final/GMD_1p2192/manual_GMD_1p2192m_B1_FV50_Mismatches.aux,results/simulations/v2/photovoltaic/GMD_1p2192/manual_GMD_1p2192m_B1_FV50_Mismatches.aux,2e8161949c6831e1d28e9df7731e37179e58c114035d4ec97afd4679b185bc57,428,simulation-output,simulated,v2,Escenarios fotovoltaicos estacionarios y contingencias; no son mediciones de campo.
TFM/Entrega_final/reproducibilidad/v2/fv_final/GMD_1p2192/manual_GMD_1p2192m_B1_FV50_Mismatches.csv,results/simulations/v2/photovoltaic/GMD_1p2192/manual_GMD_1p2192m_B1_FV50_Mismatches.csv,34a2a4398b241b78abb4d65d4c56f722a33b71df901cbe4fd2b36f14078e8f07,330,simulation-output,simulated,v2,Escenarios fotovoltaicos estacionarios y contingencias; no son mediciones de campo.
TFM/Entrega_final/reproducibilidad/v2/fv_final/GMD_1p2192/manual_GMD_1p2192m_B1_FV50_Transformer.aux,results/simulations/v2/photovoltaic/GMD_1p2192/manual_GMD_1p2192m_B1_FV50_Transformer.aux,74c5356b5ad9008480a652cb12ef40f236b9fd4ca79b8a6dcbbe15f086c698d8,751,simulation-output,simulated,v2,Escenarios fotovoltaicos estacionarios y contingencias; no son mediciones de campo.
TFM/Entrega_final/reproducibilidad/v2/fv_final/GMD_1p2192/manual_GMD_1p2192m_B1_FV50_Transformer.csv,results/simulations/v2/photovoltaic/GMD_1p2192/manual_GMD_1p2192m_B1_FV50_Transformer.csv,d0069ae30c54241cd6b2c1d0cfce86573f625e335bd72b98da72d1f32b7f69ed,697,simulation-output,simulated,v2,Escenarios fotovoltaicos estacionarios y contingencias; no son mediciones de campo.
TFM/Entrega_final/reproducibilidad/v2/fv_final/GMD_1p2192/manual_GMD_1p2192m_B1_FV50_ViolationCTG.aux,results/simulations/v2/photovoltaic/GMD_1p2192/manual_GMD_1p2192m_B1_FV50_ViolationCTG.aux,0040bca83f464aed50a3f87fe491bcb325e4873d43aff7458a1e21b97ca15589,16557,simulation-output,simulated,v2,Escenarios fotovoltaicos estacionarios y contingencias; no son mediciones de campo.
TFM/Entrega_final/reproducibilidad/v2/fv_final/GMD_1p2192/manual_GMD_1p2192m_B5_FV15_Branch.aux,results/simulations/v2/photovoltaic/GMD_1p2192/manual_GMD_1p2192m_B5_FV15_Branch.aux,f99b6824bd0316e00f2b4f06abf47be29e327b71451c09af076ab7ea0b2e60a7,11366,simulation-output,simulated,v2,Escenarios fotovoltaicos estacionarios y contingencias; no son mediciones de campo.
TFM/Entrega_final/reproducibilidad/v2/fv_final/GMD_1p2192/manual_GMD_1p2192m_B5_FV15_Branches.aux,results/simulations/v2/photovoltaic/GMD_1p2192/manual_GMD_1p2192m_B5_FV15_Branches.aux,ed8586a7d759833578b68470e95ffcd3321eec419e02275a32e991d1e9b38bbb,1394,simulation-output,simulated,v2,Escenarios fotovoltaicos estacionarios y contingencias; no son mediciones de campo.
TFM/Entrega_final/reproducibilidad/v2/fv_final/GMD_1p2192/manual_GMD_1p2192m_B5_FV15_Branches.csv,results/simulations/v2/photovoltaic/GMD_1p2192/manual_GMD_1p2192m_B5_FV15_Branches.csv,0051af992f77a2a338d1b8a2c0d57214403484e37ca550c703fb60e73689ce9f,1260,simulation-output,simulated,v2,Escenarios fotovoltaicos estacionarios y contingencias; no son mediciones de campo.
TFM/Entrega_final/reproducibilidad/v2/fv_final/GMD_1p2192/manual_GMD_1p2192m_B5_FV15_Bus.aux,results/simulations/v2/photovoltaic/GMD_1p2192/manual_GMD_1p2192m_B5_FV15_Bus.aux,1c430e9a2b07094653e3585bcd4b7f7a867bd2a1b58df3b0750a089be35e0f34,6534,simulation-output,simulated,v2,Escenarios fotovoltaicos estacionarios y contingencias; no son mediciones de campo.
TFM/Entrega_final/reproducibilidad/v2/fv_final/GMD_1p2192/manual_GMD_1p2192m_B5_FV15_Buses.aux,results/simulations/v2/photovoltaic/GMD_1p2192/manual_GMD_1p2192m_B5_FV15_Buses.aux,085e09301a1aec6dcdcbfb080ff81bddad89078b1efcc8c426fde70d23332a52,1031,simulation-output,simulated,v2,Escenarios fotovoltaicos estacionarios y contingencias; no son mediciones de campo.
TFM/Entrega_final/reproducibilidad/v2/fv_final/GMD_1p2192/manual_GMD_1p2192m_B5_FV15_Buses.csv,results/simulations/v2/photovoltaic/GMD_1p2192/manual_GMD_1p2192m_B5_FV15_Buses.csv,6cbba5ad6cb079eeca2ccf177ab0f6f32a425753422812193490b4261026d1a4,838,simulation-output,simulated,v2,Escenarios fotovoltaicos estacionarios y contingencias; no son mediciones de campo.
TFM/Entrega_final/reproducibilidad/v2/fv_final/GMD_1p2192/manual_GMD_1p2192m_B5_FV15_Contingencies.csv,results/simulations/v2/photovoltaic/GMD_1p2192/manual_GMD_1p2192m_B5_FV15_Contingencies.csv,e062bf65f4e8f53d1446c8633bcf1a72164e721d7d3830dba57256f4d37c5736,994,simulation-output,simulated,v2,Escenarios fotovoltaicos estacionarios y contingencias; no son mediciones de campo.
TFM/Entrega_final/reproducibilidad/v2/fv_final/GMD_1p2192/manual_GMD_1p2192m_B5_FV15_Generators.aux,results/simulations/v2/photovoltaic/GMD_1p2192/manual_GMD_1p2192m_B5_FV15_Generators.aux,f474db416d1369c5688145c6a80a3260b3dc7a34ac4944e98e77f11ff84c4945,624,simulation-output,simulated,v2,Escenarios fotovoltaicos estacionarios y contingencias; no son mediciones de campo.
TFM/Entrega_final/reproducibilidad/v2/fv_final/GMD_1p2192/manual_GMD_1p2192m_B5_FV15_Generators.csv,results/simulations/v2/photovoltaic/GMD_1p2192/manual_GMD_1p2192m_B5_FV15_Generators.csv,3b1ffc64821224bd10ee139eee90eda1d041f109dbe17c096a89c80e7e141367,541,simulation-output,simulated,v2,Escenarios fotovoltaicos estacionarios y contingencias; no son mediciones de campo.
TFM/Entrega_final/reproducibilidad/v2/fv_final/GMD_1p2192/manual_GMD_1p2192m_B5_FV15_Islands.aux,results/simulations/v2/photovoltaic/GMD_1p2192/manual_GMD_1p2192m_B5_FV15_Islands.aux,3d3768b97022bbdf36811b319e0fb191ade66d215af4d3b25f3db419e02fec8d,254,simulation-output,simulated,v2,Escenarios fotovoltaicos estacionarios y contingencias; no son mediciones de campo.
TFM/Entrega_final/reproducibilidad/v2/fv_final/GMD_1p2192/manual_GMD_1p2192m_B5_FV15_Islands.csv,results/simulations/v2/photovoltaic/GMD_1p2192/manual_GMD_1p2192m_B5_FV15_Islands.csv,f8e6f2117db2b3ca4e86b306562e96fbb3f1a2f7f5d452ba93fbe983e6185006,229,simulation-output,simulated,v2,Escenarios fotovoltaicos estacionarios y contingencias; no son mediciones de campo.
TFM/Entrega_final/reproducibilidad/v2/fv_final/GMD_1p2192/manual_GMD_1p2192m_B5_FV15_Loads.aux,results/simulations/v2/photovoltaic/GMD_1p2192/manual_GMD_1p2192m_B5_FV15_Loads.aux,22a71721fdff3fd6cd035ab2a3bd8aaab75cf5a6d655b1f653451a4f6ccc5ea1,355,simulation-output,simulated,v2,Escenarios fotovoltaicos estacionarios y contingencias; no son mediciones de campo.
TFM/Entrega_final/reproducibilidad/v2/fv_final/GMD_1p2192/manual_GMD_1p2192m_B5_FV15_Loads.csv,results/simulations/v2/photovoltaic/GMD_1p2192/manual_GMD_1p2192m_B5_FV15_Loads.csv,89e4985f99922b305b19f575ec4c3ee89dfeb8485ecc0be588e06c764de61db5,315,simulation-output,simulated,v2,Escenarios fotovoltaicos estacionarios y contingencias; no son mediciones de campo.
TFM/Entrega_final/reproducibilidad/v2/fv_final/GMD_1p2192/manual_GMD_1p2192m_B5_FV15_Mismatches.aux,results/simulations/v2/photovoltaic/GMD_1p2192/manual_GMD_1p2192m_B5_FV15_Mismatches.aux,58c136ddd6005cdea56f6411ee035753840ff6a0b281a1e4d75c31ba27818864,428,simulation-output,simulated,v2,Escenarios fotovoltaicos estacionarios y contingencias; no son mediciones de campo.
TFM/Entrega_final/reproducibilidad/v2/fv_final/GMD_1p2192/manual_GMD_1p2192m_B5_FV15_Mismatches.csv,results/simulations/v2/photovoltaic/GMD_1p2192/manual_GMD_1p2192m_B5_FV15_Mismatches.csv,1a975642b5cff2d358b6e63797e21784c523d4fabb5d1a1fa13bee3b7980d5bc,330,simulation-output,simulated,v2,Escenarios fotovoltaicos estacionarios y contingencias; no son mediciones de campo.
TFM/Entrega_final/reproducibilidad/v2/fv_final/GMD_1p2192/manual_GMD_1p2192m_B5_FV15_Transformer.aux,results/simulations/v2/photovoltaic/GMD_1p2192/manual_GMD_1p2192m_B5_FV15_Transformer.aux,74c5356b5ad9008480a652cb12ef40f236b9fd4ca79b8a6dcbbe15f086c698d8,751,simulation-output,simulated,v2,Escenarios fotovoltaicos estacionarios y contingencias; no son mediciones de campo.
TFM/Entrega_final/reproducibilidad/v2/fv_final/GMD_1p2192/manual_GMD_1p2192m_B5_FV15_Transformer.csv,results/simulations/v2/photovoltaic/GMD_1p2192/manual_GMD_1p2192m_B5_FV15_Transformer.csv,d0069ae30c54241cd6b2c1d0cfce86573f625e335bd72b98da72d1f32b7f69ed,697,simulation-output,simulated,v2,Escenarios fotovoltaicos estacionarios y contingencias; no son mediciones de campo.
TFM/Entrega_final/reproducibilidad/v2/fv_final/GMD_1p2192/manual_GMD_1p2192m_B5_FV15_ViolationCTG.aux,results/simulations/v2/photovoltaic/GMD_1p2192/manual_GMD_1p2192m_B5_FV15_ViolationCTG.aux,76b5f7b650914ab586c939103c6192b854358a5711238dfebbc732a4333b84f0,15798,simulation-output,simulated,v2,Escenarios fotovoltaicos estacionarios y contingencias; no son mediciones de campo.
TFM/Entrega_final/reproducibilidad/v2/fv_final/GMD_1p2192/manual_GMD_1p2192m_B5_FV30_Branches.csv,results/simulations/v2/photovoltaic/GMD_1p2192/manual_GMD_1p2192m_B5_FV30_Branches.csv,53cfb94969915727d986ebac80f26f9054308830ce3eadc1cb6de0a8d4bf82f7,1260,simulation-output,simulated,v2,Escenarios fotovoltaicos estacionarios y contingencias; no son mediciones de campo.
TFM/Entrega_final/reproducibilidad/v2/fv_final/GMD_1p2192/manual_GMD_1p2192m_B5_FV30_Buses.csv,results/simulations/v2/photovoltaic/GMD_1p2192/manual_GMD_1p2192m_B5_FV30_Buses.csv,7bf3dd492b891eb2f4b9be7b86d1eaf7c8c057e09d96b611e08619ee3e1f1501,838,simulation-output,simulated,v2,Escenarios fotovoltaicos estacionarios y contingencias; no son mediciones de campo.
TFM/Entrega_final/reproducibilidad/v2/fv_final/GMD_1p2192/manual_GMD_1p2192m_B5_FV30_Contingencies.csv,results/simulations/v2/photovoltaic/GMD_1p2192/manual_GMD_1p2192m_B5_FV30_Contingencies.csv,e062bf65f4e8f53d1446c8633bcf1a72164e721d7d3830dba57256f4d37c5736,994,simulation-output,simulated,v2,Escenarios fotovoltaicos estacionarios y contingencias; no son mediciones de campo.
TFM/Entrega_final/reproducibilidad/v2/fv_final/GMD_1p2192/manual_GMD_1p2192m_B5_FV30_Generators.csv,results/simulations/v2/photovoltaic/GMD_1p2192/manual_GMD_1p2192m_B5_FV30_Generators.csv,3755d43f92bb1c43db84394f6a6c6dd3c60d561b4183fb4939fb1ca9952320bc,541,simulation-output,simulated,v2,Escenarios fotovoltaicos estacionarios y contingencias; no son mediciones de campo.
TFM/Entrega_final/reproducibilidad/v2/fv_final/GMD_1p2192/manual_GMD_1p2192m_B5_FV30_Islands.csv,results/simulations/v2/photovoltaic/GMD_1p2192/manual_GMD_1p2192m_B5_FV30_Islands.csv,619cd06de65f96dfe966ede70ea31e32b43e567f980abb31d75b5df2bd903734,229,simulation-output,simulated,v2,Escenarios fotovoltaicos estacionarios y contingencias; no son mediciones de campo.
TFM/Entrega_final/reproducibilidad/v2/fv_final/GMD_1p2192/manual_GMD_1p2192m_B5_FV30_Loads.csv,results/simulations/v2/photovoltaic/GMD_1p2192/manual_GMD_1p2192m_B5_FV30_Loads.csv,89e4985f99922b305b19f575ec4c3ee89dfeb8485ecc0be588e06c764de61db5,315,simulation-output,simulated,v2,Escenarios fotovoltaicos estacionarios y contingencias; no son mediciones de campo.
TFM/Entrega_final/reproducibilidad/v2/fv_final/GMD_1p2192/manual_GMD_1p2192m_B5_FV30_Mismatches.csv,results/simulations/v2/photovoltaic/GMD_1p2192/manual_GMD_1p2192m_B5_FV30_Mismatches.csv,1a975642b5cff2d358b6e63797e21784c523d4fabb5d1a1fa13bee3b7980d5bc,330,simulation-output,simulated,v2,Escenarios fotovoltaicos estacionarios y contingencias; no son mediciones de campo.
TFM/Entrega_final/reproducibilidad/v2/fv_final/GMD_1p2192/manual_GMD_1p2192m_B5_FV30_Transformer.csv,results/simulations/v2/photovoltaic/GMD_1p2192/manual_GMD_1p2192m_B5_FV30_Transformer.csv,d0069ae30c54241cd6b2c1d0cfce86573f625e335bd72b98da72d1f32b7f69ed,697,simulation-output,simulated,v2,Escenarios fotovoltaicos estacionarios y contingencias; no son mediciones de campo.
TFM/Entrega_final/reproducibilidad/v2/fv_final/GMD_1p2192/manual_GMD_1p2192m_B5_FV30_ViolationCTG_Branch.aux,results/simulations/v2/photovoltaic/GMD_1p2192/manual_GMD_1p2192m_B5_FV30_ViolationCTG_Branch.aux,f1e30e26bbc2cde20bf30008d4685639b946811bbd1c4c8ad6a5f84096d9daba,11346,simulation-output,simulated,v2,Escenarios fotovoltaicos estacionarios y contingencias; no son mediciones de campo.
TFM/Entrega_final/reproducibilidad/v2/fv_final/GMD_1p2192/manual_GMD_1p2192m_B5_FV30_ViolationCTG_Bus.aux,results/simulations/v2/photovoltaic/GMD_1p2192/manual_GMD_1p2192m_B5_FV30_ViolationCTG_Bus.aux,fa609e2fff1ddb2123d1725926483a1182185f190c9b35158b23c15633116350,6344,simulation-output,simulated,v2,Escenarios fotovoltaicos estacionarios y contingencias; no son mediciones de campo.
TFM/Entrega_final/reproducibilidad/v2/fv_final/GMD_1p2192/manual_GMD_1p2192m_B5_FV30_ViolationCTG_ViolationCTG.aux,results/simulations/v2/photovoltaic/GMD_1p2192/manual_GMD_1p2192m_B5_FV30_ViolationCTG_ViolationCTG.aux,4326d76e2f22c4a5e4f919d685160ed80dd794fb04151737c10e2c623b1584d9,15622,simulation-output,simulated,v2,Escenarios fotovoltaicos estacionarios y contingencias; no son mediciones de campo.
TFM/Entrega_final/reproducibilidad/v2/fv_final/GMD_1p2192/manual_GMD_1p2192m_B5_FV50_Branch.aux,results/simulations/v2/photovoltaic/GMD_1p2192/manual_GMD_1p2192m_B5_FV50_Branch.aux,700454d9690e36dfecfed70b981bbf878b90508d4bd3adac6c5db05a7963941a,11318,simulation-output,simulated,v2,Escenarios fotovoltaicos estacionarios y contingencias; no son mediciones de campo.
TFM/Entrega_final/reproducibilidad/v2/fv_final/GMD_1p2192/manual_GMD_1p2192m_B5_FV50_Branches.csv,results/simulations/v2/photovoltaic/GMD_1p2192/manual_GMD_1p2192m_B5_FV50_Branches.csv,93c2d3195e9ca95639034ac940aae2701a4ef35c760414126c1f2e58678d917e,1260,simulation-output,simulated,v2,Escenarios fotovoltaicos estacionarios y contingencias; no son mediciones de campo.
TFM/Entrega_final/reproducibilidad/v2/fv_final/GMD_1p2192/manual_GMD_1p2192m_B5_FV50_Bus.aux,results/simulations/v2/photovoltaic/GMD_1p2192/manual_GMD_1p2192m_B5_FV50_Bus.aux,a2b0815ce668b06a386c336ea9d16c8a883acb54bed6a26ca98c5629a1dbebd7,6149,simulation-output,simulated,v2,Escenarios fotovoltaicos estacionarios y contingencias; no son mediciones de campo.
TFM/Entrega_final/reproducibilidad/v2/fv_final/GMD_1p2192/manual_GMD_1p2192m_B5_FV50_Buses.csv,results/simulations/v2/photovoltaic/GMD_1p2192/manual_GMD_1p2192m_B5_FV50_Buses.csv,c620f0463a232347d3592892dbbafd10c11c6fb9dcf889a1be96f6e6df79c3b3,838,simulation-output,simulated,v2,Escenarios fotovoltaicos estacionarios y contingencias; no son mediciones de campo.
TFM/Entrega_final/reproducibilidad/v2/fv_final/GMD_1p2192/manual_GMD_1p2192m_B5_FV50_Contingencies.csv,results/simulations/v2/photovoltaic/GMD_1p2192/manual_GMD_1p2192m_B5_FV50_Contingencies.csv,e062bf65f4e8f53d1446c8633bcf1a72164e721d7d3830dba57256f4d37c5736,994,simulation-output,simulated,v2,Escenarios fotovoltaicos estacionarios y contingencias; no son mediciones de campo.
TFM/Entrega_final/reproducibilidad/v2/fv_final/GMD_1p2192/manual_GMD_1p2192m_B5_FV50_Generators.csv,results/simulations/v2/photovoltaic/GMD_1p2192/manual_GMD_1p2192m_B5_FV50_Generators.csv,4db7f1de1e4e78fde7a3518a69f5aa51f6bfd749a7df42eff6a35525a09b7d94,541,simulation-output,simulated,v2,Escenarios fotovoltaicos estacionarios y contingencias; no son mediciones de campo.
TFM/Entrega_final/reproducibilidad/v2/fv_final/GMD_1p2192/manual_GMD_1p2192m_B5_FV50_Islands.csv,results/simulations/v2/photovoltaic/GMD_1p2192/manual_GMD_1p2192m_B5_FV50_Islands.csv,506f38d841a819a5d0288705767d59956dfcfa587d855e7c0fbbe0cde174ef42,229,simulation-output,simulated,v2,Escenarios fotovoltaicos estacionarios y contingencias; no son mediciones de campo.
TFM/Entrega_final/reproducibilidad/v2/fv_final/GMD_1p2192/manual_GMD_1p2192m_B5_FV50_Loads.csv,results/simulations/v2/photovoltaic/GMD_1p2192/manual_GMD_1p2192m_B5_FV50_Loads.csv,89e4985f99922b305b19f575ec4c3ee89dfeb8485ecc0be588e06c764de61db5,315,simulation-output,simulated,v2,Escenarios fotovoltaicos estacionarios y contingencias; no son mediciones de campo.
TFM/Entrega_final/reproducibilidad/v2/fv_final/GMD_1p2192/manual_GMD_1p2192m_B5_FV50_Mismatches.csv,results/simulations/v2/photovoltaic/GMD_1p2192/manual_GMD_1p2192m_B5_FV50_Mismatches.csv,f05549526258285a338f4eda3617acf4baa68fdc86728e981c00d92ceb67e57a,330,simulation-output,simulated,v2,Escenarios fotovoltaicos estacionarios y contingencias; no son mediciones de campo.
TFM/Entrega_final/reproducibilidad/v2/fv_final/GMD_1p2192/manual_GMD_1p2192m_B5_FV50_Transformer.csv,results/simulations/v2/photovoltaic/GMD_1p2192/manual_GMD_1p2192m_B5_FV50_Transformer.csv,d0069ae30c54241cd6b2c1d0cfce86573f625e335bd72b98da72d1f32b7f69ed,697,simulation-output,simulated,v2,Escenarios fotovoltaicos estacionarios y contingencias; no son mediciones de campo.
TFM/Entrega_final/reproducibilidad/v2/fv_final/GMD_1p2192/manual_GMD_1p2192m_B5_FV50_ViolationCTG.aux,results/simulations/v2/photovoltaic/GMD_1p2192/manual_GMD_1p2192m_B5_FV50_ViolationCTG.aux,254400d4880837396236243e8c7d81a345352100744dc5d70821c0342decc26f,15437,simulation-output,simulated,v2,Escenarios fotovoltaicos estacionarios y contingencias; no son mediciones de campo.
TFM/Entrega_final/reproducibilidad/v2/fv_final/GMD_1p2192/manual_GMD_1p2192m_B6_FV15_Branch.aux,results/simulations/v2/photovoltaic/GMD_1p2192/manual_GMD_1p2192m_B6_FV15_Branch.aux,67fc365e4a12adddb465a6391fe51e240a896535d26e9b1295cee09ff9480706,11380,simulation-output,simulated,v2,Escenarios fotovoltaicos estacionarios y contingencias; no son mediciones de campo.
TFM/Entrega_final/reproducibilidad/v2/fv_final/GMD_1p2192/manual_GMD_1p2192m_B6_FV15_Branches.csv,results/simulations/v2/photovoltaic/GMD_1p2192/manual_GMD_1p2192m_B6_FV15_Branches.csv,09e7eab8fb551b9262432f3b973b054419421a6027ee31001abfcbd2ee92734d,1272,simulation-output,simulated,v2,Escenarios fotovoltaicos estacionarios y contingencias; no son mediciones de campo.
TFM/Entrega_final/reproducibilidad/v2/fv_final/GMD_1p2192/manual_GMD_1p2192m_B6_FV15_Bus.aux,results/simulations/v2/photovoltaic/GMD_1p2192/manual_GMD_1p2192m_B6_FV15_Bus.aux,dcee000a348273dc94b94fb3a26248a5eac37819a7e1900ef36ef3f3b7556933,6248,simulation-output,simulated,v2,Escenarios fotovoltaicos estacionarios y contingencias; no son mediciones de campo.
TFM/Entrega_final/reproducibilidad/v2/fv_final/GMD_1p2192/manual_GMD_1p2192m_B6_FV15_Buses.csv,results/simulations/v2/photovoltaic/GMD_1p2192/manual_GMD_1p2192m_B6_FV15_Buses.csv,f8681227d9500ae7eb0de321e2829d1de20ea84f9793fb309ff84cd3478ecee9,838,simulation-output,simulated,v2,Escenarios fotovoltaicos estacionarios y contingencias; no son mediciones de campo.
TFM/Entrega_final/reproducibilidad/v2/fv_final/GMD_1p2192/manual_GMD_1p2192m_B6_FV15_Contingencies.csv,results/simulations/v2/photovoltaic/GMD_1p2192/manual_GMD_1p2192m_B6_FV15_Contingencies.csv,a91a161e37ac36c23eb188bf36bfa6f43f7f98374b4f67af30c2f1e5595f8f8f,1004,simulation-output,simulated,v2,Escenarios fotovoltaicos estacionarios y contingencias; no son mediciones de campo.
TFM/Entrega_final/reproducibilidad/v2/fv_final/GMD_1p2192/manual_GMD_1p2192m_B6_FV15_Generators.csv,results/simulations/v2/photovoltaic/GMD_1p2192/manual_GMD_1p2192m_B6_FV15_Generators.csv,89507e681283a46f191acb0fbc085e14b9bdab8edd7c6fa9c31396f765f26347,542,simulation-output,simulated,v2,Escenarios fotovoltaicos estacionarios y contingencias; no son mediciones de campo.
TFM/Entrega_final/reproducibilidad/v2/fv_final/GMD_1p2192/manual_GMD_1p2192m_B6_FV15_Islands.csv,results/simulations/v2/photovoltaic/GMD_1p2192/manual_GMD_1p2192m_B6_FV15_Islands.csv,f8e6f2117db2b3ca4e86b306562e96fbb3f1a2f7f5d452ba93fbe983e6185006,229,simulation-output,simulated,v2,Escenarios fotovoltaicos estacionarios y contingencias; no son mediciones de campo.
TFM/Entrega_final/reproducibilidad/v2/fv_final/GMD_1p2192/manual_GMD_1p2192m_B6_FV15_Loads.csv,results/simulations/v2/photovoltaic/GMD_1p2192/manual_GMD_1p2192m_B6_FV15_Loads.csv,89e4985f99922b305b19f575ec4c3ee89dfeb8485ecc0be588e06c764de61db5,315,simulation-output,simulated,v2,Escenarios fotovoltaicos estacionarios y contingencias; no son mediciones de campo.
TFM/Entrega_final/reproducibilidad/v2/fv_final/GMD_1p2192/manual_GMD_1p2192m_B6_FV15_Mismatches.csv,results/simulations/v2/photovoltaic/GMD_1p2192/manual_GMD_1p2192m_B6_FV15_Mismatches.csv,33ee0019e8711cc429ce946719c490190a24cd3ec31718942aedab5b7f1a0fd6,330,simulation-output,simulated,v2,Escenarios fotovoltaicos estacionarios y contingencias; no son mediciones de campo.
TFM/Entrega_final/reproducibilidad/v2/fv_final/GMD_1p2192/manual_GMD_1p2192m_B6_FV15_Transformer.csv,results/simulations/v2/photovoltaic/GMD_1p2192/manual_GMD_1p2192m_B6_FV15_Transformer.csv,d0069ae30c54241cd6b2c1d0cfce86573f625e335bd72b98da72d1f32b7f69ed,697,simulation-output,simulated,v2,Escenarios fotovoltaicos estacionarios y contingencias; no son mediciones de campo.
TFM/Entrega_final/reproducibilidad/v2/fv_final/GMD_1p2192/manual_GMD_1p2192m_B6_FV15_ViolationCTG.aux,results/simulations/v2/photovoltaic/GMD_1p2192/manual_GMD_1p2192m_B6_FV15_ViolationCTG.aux,206d64f1b7666ae4ef8db2bd30a4439d42cb1d82dd89fc4a3d4228c519f68df2,15555,simulation-output,simulated,v2,Escenarios fotovoltaicos estacionarios y contingencias; no son mediciones de campo.
TFM/Entrega_final/reproducibilidad/v2/fv_final/GMD_1p2192/manual_GMD_1p2192m_B6_FV30_Branch.aux,results/simulations/v2/photovoltaic/GMD_1p2192/manual_GMD_1p2192m_B6_FV30_Branch.aux,5130a56103f31ccffe12b5485dd9ddeaef7fdbec4ff0fb286858e61e1eccfd73,11356,simulation-output,simulated,v2,Escenarios fotovoltaicos estacionarios y contingencias; no son mediciones de campo.
TFM/Entrega_final/reproducibilidad/v2/fv_final/GMD_1p2192/manual_GMD_1p2192m_B6_FV30_Branches.csv,results/simulations/v2/photovoltaic/GMD_1p2192/manual_GMD_1p2192m_B6_FV30_Branches.csv,30fbe5785f468ceee553cdc6c3cc633294e09a9bbc811a0094c7c3ee84cde36b,1260,simulation-output,simulated,v2,Escenarios fotovoltaicos estacionarios y contingencias; no son mediciones de campo.
TFM/Entrega_final/reproducibilidad/v2/fv_final/GMD_1p2192/manual_GMD_1p2192m_B6_FV30_Bus.aux,results/simulations/v2/photovoltaic/GMD_1p2192/manual_GMD_1p2192m_B6_FV30_Bus.aux,a80e2fc4327887e85292196c5efac1e8ce0ef18908d4ac62042c21cb655da9f1,6149,simulation-output,simulated,v2,Escenarios fotovoltaicos estacionarios y contingencias; no son mediciones de campo.
TFM/Entrega_final/reproducibilidad/v2/fv_final/GMD_1p2192/manual_GMD_1p2192m_B6_FV30_Buses.csv,results/simulations/v2/photovoltaic/GMD_1p2192/manual_GMD_1p2192m_B6_FV30_Buses.csv,b67ebbfa47a84b87140086233ad5d8472ae6ca8b113e46ef651aa7f962628d34,838,simulation-output,simulated,v2,Escenarios fotovoltaicos estacionarios y contingencias; no son mediciones de campo.
TFM/Entrega_final/reproducibilidad/v2/fv_final/GMD_1p2192/manual_GMD_1p2192m_B6_FV30_Contingencies.csv,results/simulations/v2/photovoltaic/GMD_1p2192/manual_GMD_1p2192m_B6_FV30_Contingencies.csv,c0cf0e963609564226b97c00a8b414692feb2e0522686e4b129657e470fe0a30,1004,simulation-output,simulated,v2,Escenarios fotovoltaicos estacionarios y contingencias; no son mediciones de campo.
TFM/Entrega_final/reproducibilidad/v2/fv_final/GMD_1p2192/manual_GMD_1p2192m_B6_FV30_Generators.csv,results/simulations/v2/photovoltaic/GMD_1p2192/manual_GMD_1p2192m_B6_FV30_Generators.csv,f9f5c5b95a735450e5355217853cd8014f6bf072d13d54d6ac50c4c98cc9329b,542,simulation-output,simulated,v2,Escenarios fotovoltaicos estacionarios y contingencias; no son mediciones de campo.
TFM/Entrega_final/reproducibilidad/v2/fv_final/GMD_1p2192/manual_GMD_1p2192m_B6_FV30_Islands.csv,results/simulations/v2/photovoltaic/GMD_1p2192/manual_GMD_1p2192m_B6_FV30_Islands.csv,ce09e27fcc79546d4a60abdfb539e21d8b58302d8c060972a9446530e088714d,229,simulation-output,simulated,v2,Escenarios fotovoltaicos estacionarios y contingencias; no son mediciones de campo.
TFM/Entrega_final/reproducibilidad/v2/fv_final/GMD_1p2192/manual_GMD_1p2192m_B6_FV30_Loads.csv,results/simulations/v2/photovoltaic/GMD_1p2192/manual_GMD_1p2192m_B6_FV30_Loads.csv,89e4985f99922b305b19f575ec4c3ee89dfeb8485ecc0be588e06c764de61db5,315,simulation-output,simulated,v2,Escenarios fotovoltaicos estacionarios y contingencias; no son mediciones de campo.
TFM/Entrega_final/reproducibilidad/v2/fv_final/GMD_1p2192/manual_GMD_1p2192m_B6_FV30_Mismatches.csv,results/simulations/v2/photovoltaic/GMD_1p2192/manual_GMD_1p2192m_B6_FV30_Mismatches.csv,542d1e39cbcc01fee9d9a5ae8b5a1648a4ffcac919a9e89af47bde154620f856,330,simulation-output,simulated,v2,Escenarios fotovoltaicos estacionarios y contingencias; no son mediciones de campo.
TFM/Entrega_final/reproducibilidad/v2/fv_final/GMD_1p2192/manual_GMD_1p2192m_B6_FV30_Transformer.csv,results/simulations/v2/photovoltaic/GMD_1p2192/manual_GMD_1p2192m_B6_FV30_Transformer.csv,d0069ae30c54241cd6b2c1d0cfce86573f625e335bd72b98da72d1f32b7f69ed,697,simulation-output,simulated,v2,Escenarios fotovoltaicos estacionarios y contingencias; no son mediciones de campo.
TFM/Entrega_final/reproducibilidad/v2/fv_final/GMD_1p2192/manual_GMD_1p2192m_B6_FV30_ViolationCTG.aux,results/simulations/v2/photovoltaic/GMD_1p2192/manual_GMD_1p2192m_B6_FV30_ViolationCTG.aux,b6b11ec9436c695ee20bccd9366df965886e3f884b038918d4b9d8e2b3cc34ab,15456,simulation-output,simulated,v2,Escenarios fotovoltaicos estacionarios y contingencias; no son mediciones de campo.
TFM/Entrega_final/reproducibilidad/v2/fv_final/GMD_1p2192/manual_GMD_1p2192m_B6_FV50_Branch.aux,results/simulations/v2/photovoltaic/GMD_1p2192/manual_GMD_1p2192m_B6_FV50_Branch.aux,1999525aa330b0b2be35fecc967aa7b2e3e5cf0667c18ffbf11b97d489317118,11340,simulation-output,simulated,v2,Escenarios fotovoltaicos estacionarios y contingencias; no son mediciones de campo.
TFM/Entrega_final/reproducibilidad/v2/fv_final/GMD_1p2192/manual_GMD_1p2192m_B6_FV50_Branches.csv,results/simulations/v2/photovoltaic/GMD_1p2192/manual_GMD_1p2192m_B6_FV50_Branches.csv,ef589584fe61e71e1f178a79617021efe5cee27893068f5a25f6f2061ca19348,1260,simulation-output,simulated,v2,Escenarios fotovoltaicos estacionarios y contingencias; no son mediciones de campo.
TFM/Entrega_final/reproducibilidad/v2/fv_final/GMD_1p2192/manual_GMD_1p2192m_B6_FV50_Bus.aux,results/simulations/v2/photovoltaic/GMD_1p2192/manual_GMD_1p2192m_B6_FV50_Bus.aux,41f065c1d8c439f6de6689fc1d287992e3b2cf0793acac051fef36613d0ab693,6149,simulation-output,simulated,v2,Escenarios fotovoltaicos estacionarios y contingencias; no son mediciones de campo.
TFM/Entrega_final/reproducibilidad/v2/fv_final/GMD_1p2192/manual_GMD_1p2192m_B6_FV50_Buses.csv,results/simulations/v2/photovoltaic/GMD_1p2192/manual_GMD_1p2192m_B6_FV50_Buses.csv,d81dbb4496528c9bbb259c0b338378cdd4863b9e78b1966e7b3801f1718ee3db,838,simulation-output,simulated,v2,Escenarios fotovoltaicos estacionarios y contingencias; no son mediciones de campo.
TFM/Entrega_final/reproducibilidad/v2/fv_final/GMD_1p2192/manual_GMD_1p2192m_B6_FV50_Contingencies.csv,results/simulations/v2/photovoltaic/GMD_1p2192/manual_GMD_1p2192m_B6_FV50_Contingencies.csv,71b0f2589b5b7849950610a8e76b49032506eb9f764387471abda5bff06455bb,1004,simulation-output,simulated,v2,Escenarios fotovoltaicos estacionarios y contingencias; no son mediciones de campo.
TFM/Entrega_final/reproducibilidad/v2/fv_final/GMD_1p2192/manual_GMD_1p2192m_B6_FV50_Generators.csv,results/simulations/v2/photovoltaic/GMD_1p2192/manual_GMD_1p2192m_B6_FV50_Generators.csv,45bace3c3fa2330ee33d11d0ceec0c6233b4ebb8c4da944841fb6d9d4bc9686e,542,simulation-output,simulated,v2,Escenarios fotovoltaicos estacionarios y contingencias; no son mediciones de campo.
TFM/Entrega_final/reproducibilidad/v2/fv_final/GMD_1p2192/manual_GMD_1p2192m_B6_FV50_Islands.csv,results/simulations/v2/photovoltaic/GMD_1p2192/manual_GMD_1p2192m_B6_FV50_Islands.csv,b3cb48f62e0bd3a28a1f83b7d04bb72261fb1c72a061493a89649b77a6550973,229,simulation-output,simulated,v2,Escenarios fotovoltaicos estacionarios y contingencias; no son mediciones de campo.
TFM/Entrega_final/reproducibilidad/v2/fv_final/GMD_1p2192/manual_GMD_1p2192m_B6_FV50_Loads.csv,results/simulations/v2/photovoltaic/GMD_1p2192/manual_GMD_1p2192m_B6_FV50_Loads.csv,89e4985f99922b305b19f575ec4c3ee89dfeb8485ecc0be588e06c764de61db5,315,simulation-output,simulated,v2,Escenarios fotovoltaicos estacionarios y contingencias; no son mediciones de campo.
TFM/Entrega_final/reproducibilidad/v2/fv_final/GMD_1p2192/manual_GMD_1p2192m_B6_FV50_Mismatches.csv,results/simulations/v2/photovoltaic/GMD_1p2192/manual_GMD_1p2192m_B6_FV50_Mismatches.csv,542d1e39cbcc01fee9d9a5ae8b5a1648a4ffcac919a9e89af47bde154620f856,330,simulation-output,simulated,v2,Escenarios fotovoltaicos estacionarios y contingencias; no son mediciones de campo.
TFM/Entrega_final/reproducibilidad/v2/fv_final/GMD_1p2192/manual_GMD_1p2192m_B6_FV50_Transformer.csv,results/simulations/v2/photovoltaic/GMD_1p2192/manual_GMD_1p2192m_B6_FV50_Transformer.csv,89e4985f99922b305b19f575ec4c3ee89dfeb8485ecc0be588e06c764de61db5,315,simulation-output,simulated,v2,Escenarios fotovoltaicos estacionarios y contingencias; no son mediciones de campo.
TFM/Entrega_final/reproducibilidad/v2/fv_final/GMD_1p2192/manual_GMD_1p2192m_B6_FV50_ViolationCTG.aux,results/simulations/v2/photovoltaic/GMD_1p2192/manual_GMD_1p2192m_B6_FV50_ViolationCTG.aux,ac61dce3a0630b9bedc7dcd8f58acf86d1865524abf25634913ce134443aa94d,15448,simulation-output,simulated,v2,Escenarios fotovoltaicos estacionarios y contingencias; no son mediciones de campo.
TFM/Entrega_final/reproducibilidad/v2/Imagenes simulacion_1p2192/Captura de pantalla 2026-08-30 010310.png,results/simulations/v2/screenshots/Captura de pantalla 2026-08-30 010310.png,2399dafada56f0f005199ec7da4c334402b6254cb245834e30eb31564bff7629,49723,simulation-screenshot,visual-observation-of-simulation,v2,Capturas de la interfaz PowerWorld; valores visibles se interpretan como redondeos de interfaz.
TFM/Entrega_final/reproducibilidad/v2/Imagenes simulacion_1p2192/Captura de pantalla 2026-08-30 010329.png,results/simulations/v2/screenshots/Captura de pantalla 2026-08-30 010329.png,90217e24e1f094f6dff126fda6f0deef1d7ef34b97ffc5ad240d8d670145c7d5,47959,simulation-screenshot,visual-observation-of-simulation,v2,Capturas de la interfaz PowerWorld; valores visibles se interpretan como redondeos de interfaz.
TFM/Entrega_final/reproducibilidad/v2/Imagenes simulacion_1p2192/Captura de pantalla 2026-08-30 010401.png,results/simulations/v2/screenshots/Captura de pantalla 2026-08-30 010401.png,9bac1f4f7a1678cc8e808af487c14250ee06ef02df52fb4b413f234e56b211a4,51193,simulation-screenshot,visual-observation-of-simulation,v2,Capturas de la interfaz PowerWorld; valores visibles se interpretan como redondeos de interfaz.
TFM/Entrega_final/reproducibilidad/v2/Imagenes simulacion_1p2192/Captura de pantalla 2026-08-30 010417.png,results/simulations/v2/screenshots/Captura de pantalla 2026-08-30 010417.png,b007bd2275e113f404ddfebd707728ccf54dad71b105256bb657dec34530956d,47390,simulation-screenshot,visual-observation-of-simulation,v2,Capturas de la interfaz PowerWorld; valores visibles se interpretan como redondeos de interfaz.
TFM/Entrega_final/tablas/tabla_bess_gobernante.csv,results/summary-tables/tabla_bess_gobernante.csv,30021a95d24fad14176456257e895ddf3ab2daa88269e16779ce6c1a700e33e7,1171,summary-table,derived-or-simulated-summary,v2-v4,Tabla consolidada utilizada para lectura y contraste del TFM.
TFM/Entrega_final/tablas/tabla_bess_por_contingencia.csv,results/summary-tables/tabla_bess_por_contingencia.csv,c47a0f2c41f09b2bc160f445c19122be638d5816fc88cc1f35d242f742ba24a3,5372,summary-table,derived-or-simulated-summary,v2-v4,Tabla consolidada utilizada para lectura y contraste del TFM.
TFM/Entrega_final/tablas/tabla_bess_sensibilidad_energia.csv,results/summary-tables/tabla_bess_sensibilidad_energia.csv,213f057487d6eeed3a42f2a7ab22366f04ba2385528bffe41f674a830b26ad16,1254,summary-table,derived-or-simulated-summary,v2-v4,Tabla consolidada utilizada para lectura y contraste del TFM.
TFM/Entrega_final/tablas/tabla_estado_base_v2.csv,results/summary-tables/tabla_estado_base_v2.csv,a02a625fef02b459481f9f1fd2013884cbe76f0689754005197ef398e3f7ec9c,744,summary-table,derived-or-simulated-summary,v2-v4,Tabla consolidada utilizada para lectura y contraste del TFM.
TFM/Entrega_final/tablas/tabla_parametros_lineas_v2.csv,results/summary-tables/tabla_parametros_lineas_v2.csv,086b89ac21256901b4d6ea1d3d23ca14ef0769f8e94bbfaa9dcfd9f064f48eeb,853,summary-table,derived-or-simulated-summary,v2-v4,Tabla consolidada utilizada para lectura y contraste del TFM.
TFM/Entrega_final/tablas/tabla_resultados_por_escenario.csv,results/summary-tables/tabla_resultados_por_escenario.csv,b0438d5d07f085f82cc02f47cb7134800e3345264d76cdf0cb5c473de1ccc237,5231,summary-table,derived-or-simulated-summary,v2-v4,Tabla consolidada utilizada para lectura y contraste del TFM.
