run_id,modelo,gmd_m,escenario,contingencia,bess_bus,bess_mw,variante_parametro,archivo_aux,estado
R000001,GMD_0p9144m,0.9144,BASE,FallaLinea1_PuntaEvans_ElBight,B5,0,base,aux/bloque_001.aux,planned
R000002,GMD_0p9144m,0.9144,BASE,FallaLinea2_PuntaEvans_ElBight,B5,0,base,aux/bloque_001.aux,planned
R000003,GMD_0p9144m,0.9144,BASE,FallaLinea1_PuntaEvans_SchoolHouse,B5,0,base,aux/bloque_001.aux,planned
R000004,GMD_0p9144m,0.9144,BASE,FallaLinea1_ElBight_SchoolHouse,B5,0,base,aux/bloque_001.aux,planned
R000005,GMD_0p9144m,0.9144,BASE,FallaElevador1_PuntaEvans,B5,0,base,aux/bloque_001.aux,planned
R000006,GMD_0p9144m,0.9144,BASE,FallaElevador2_PuntaEvans,B5,0,base,aux/bloque_001.aux,planned
R000007,GMD_0p9144m,0.9144,BASE,FallaElevador3_PuntaEvans,B5,0,base,aux/bloque_001.aux,planned
R000008,GMD_0p9144m,0.9144,BASE,FallaTrafo1_ElBight,B5,0,base,aux/bloque_001.aux,planned
R000009,GMD_0p9144m,0.9144,BASE,FallaTrafo2_ElBight,B5,0,base,aux/bloque_001.aux,planned
R000010,GMD_0p9144m,0.9144,BASE,FallaTrafo1_SchoolHouse,B5,0,base,aux/bloque_001.aux,planned
R000011,GMD_0p9144m,0.9144,B1_FV15,FallaLinea1_PuntaEvans_ElBight,B5,0,base,aux/bloque_001.aux,planned
R000012,GMD_0p9144m,0.9144,B1_FV15,FallaLinea2_PuntaEvans_ElBight,B5,0,base,aux/bloque_001.aux,planned
R000013,GMD_0p9144m,0.9144,B1_FV15,FallaLinea1_PuntaEvans_SchoolHouse,B5,0,base,aux/bloque_001.aux,planned
R000014,GMD_0p9144m,0.9144,B1_FV15,FallaLinea1_ElBight_SchoolHouse,B5,0,base,aux/bloque_001.aux,planned
R000015,GMD_0p9144m,0.9144,B1_FV15,FallaElevador1_PuntaEvans,B5,0,base,aux/bloque_001.aux,planned
R000016,GMD_0p9144m,0.9144,B1_FV15,FallaElevador2_PuntaEvans,B5,0,base,aux/bloque_001.aux,planned
R000017,GMD_0p9144m,0.9144,B1_FV15,FallaElevador3_PuntaEvans,B5,0,base,aux/bloque_001.aux,planned
R000018,GMD_0p9144m,0.9144,B1_FV15,FallaTrafo1_ElBight,B5,0,base,aux/bloque_001.aux,planned
R000019,GMD_0p9144m,0.9144,B1_FV15,FallaTrafo2_ElBight,B5,0,base,aux/bloque_001.aux,planned
R000020,GMD_0p9144m,0.9144,B1_FV15,FallaTrafo1_SchoolHouse,B5,0,base,aux/bloque_001.aux,planned
R000021,GMD_0p9144m,0.9144,B1_FV30,FallaLinea1_PuntaEvans_ElBight,B5,0,base,aux/bloque_001.aux,planned
R000022,GMD_0p9144m,0.9144,B1_FV30,FallaLinea2_PuntaEvans_ElBight,B5,0,base,aux/bloque_001.aux,planned
R000023,GMD_0p9144m,0.9144,B1_FV30,FallaLinea1_PuntaEvans_SchoolHouse,B5,0,base,aux/bloque_001.aux,planned
R000024,GMD_0p9144m,0.9144,B1_FV30,FallaLinea1_ElBight_SchoolHouse,B5,0,base,aux/bloque_001.aux,planned
R000025,GMD_0p9144m,0.9144,B1_FV30,FallaElevador1_PuntaEvans,B5,0,base,aux/bloque_001.aux,planned
R000026,GMD_0p9144m,0.9144,B1_FV30,FallaElevador2_PuntaEvans,B5,0,base,aux/bloque_001.aux,planned
R000027,GMD_0p9144m,0.9144,B1_FV30,FallaElevador3_PuntaEvans,B5,0,base,aux/bloque_001.aux,planned
R000028,GMD_0p9144m,0.9144,B1_FV30,FallaTrafo1_ElBight,B5,0,base,aux/bloque_001.aux,planned
R000029,GMD_0p9144m,0.9144,B1_FV30,FallaTrafo2_ElBight,B5,0,base,aux/bloque_001.aux,planned
R000030,GMD_0p9144m,0.9144,B1_FV30,FallaTrafo1_SchoolHouse,B5,0,base,aux/bloque_001.aux,planned
R000031,GMD_0p9144m,0.9144,B1_FV50,FallaLinea1_PuntaEvans_ElBight,B5,0,base,aux/bloque_001.aux,planned
R000032,GMD_0p9144m,0.9144,B1_FV50,FallaLinea2_PuntaEvans_ElBight,B5,0,base,aux/bloque_001.aux,planned
R000033,GMD_0p9144m,0.9144,B1_FV50,FallaLinea1_PuntaEvans_SchoolHouse,B5,0,base,aux/bloque_001.aux,planned
R000034,GMD_0p9144m,0.9144,B1_FV50,FallaLinea1_ElBight_SchoolHouse,B5,0,base,aux/bloque_001.aux,planned
R000035,GMD_0p9144m,0.9144,B1_FV50,FallaElevador1_PuntaEvans,B5,0,base,aux/bloque_001.aux,planned
R000036,GMD_0p9144m,0.9144,B1_FV50,FallaElevador2_PuntaEvans,B5,0,base,aux/bloque_001.aux,planned
R000037,GMD_0p9144m,0.9144,B1_FV50,FallaElevador3_PuntaEvans,B5,0,base,aux/bloque_001.aux,planned
R000038,GMD_0p9144m,0.9144,B1_FV50,FallaTrafo1_ElBight,B5,0,base,aux/bloque_001.aux,planned
R000039,GMD_0p9144m,0.9144,B1_FV50,FallaTrafo2_ElBight,B5,0,base,aux/bloque_001.aux,planned
R000040,GMD_0p9144m,0.9144,B1_FV50,FallaTrafo1_SchoolHouse,B5,0,base,aux/bloque_001.aux,planned
R000041,GMD_0p9144m,0.9144,B5_FV15,FallaLinea1_PuntaEvans_ElBight,B5,0,base,aux/bloque_001.aux,planned
R000042,GMD_0p9144m,0.9144,B5_FV15,FallaLinea2_PuntaEvans_ElBight,B5,0,base,aux/bloque_001.aux,planned
R000043,GMD_0p9144m,0.9144,B5_FV15,FallaLinea1_PuntaEvans_SchoolHouse,B5,0,base,aux/bloque_001.aux,planned
R000044,GMD_0p9144m,0.9144,B5_FV15,FallaLinea1_ElBight_SchoolHouse,B5,0,base,aux/bloque_001.aux,planned
R000045,GMD_0p9144m,0.9144,B5_FV15,FallaElevador1_PuntaEvans,B5,0,base,aux/bloque_001.aux,planned
R000046,GMD_0p9144m,0.9144,B5_FV15,FallaElevador2_PuntaEvans,B5,0,base,aux/bloque_001.aux,planned
R000047,GMD_0p9144m,0.9144,B5_FV15,FallaElevador3_PuntaEvans,B5,0,base,aux/bloque_001.aux,planned
R000048,GMD_0p9144m,0.9144,B5_FV15,FallaTrafo1_ElBight,B5,0,base,aux/bloque_001.aux,planned
R000049,GMD_0p9144m,0.9144,B5_FV15,FallaTrafo2_ElBight,B5,0,base,aux/bloque_001.aux,planned
R000050,GMD_0p9144m,0.9144,B5_FV15,FallaTrafo1_SchoolHouse,B5,0,base,aux/bloque_001.aux,planned
R000051,GMD_0p9144m,0.9144,B5_FV30,FallaLinea1_PuntaEvans_ElBight,B5,0,base,aux/bloque_001.aux,planned
R000052,GMD_0p9144m,0.9144,B5_FV30,FallaLinea2_PuntaEvans_ElBight,B5,0,base,aux/bloque_001.aux,planned
R000053,GMD_0p9144m,0.9144,B5_FV30,FallaLinea1_PuntaEvans_SchoolHouse,B5,0,base,aux/bloque_001.aux,planned
R000054,GMD_0p9144m,0.9144,B5_FV30,FallaLinea1_ElBight_SchoolHouse,B5,0,base,aux/bloque_001.aux,planned
R000055,GMD_0p9144m,0.9144,B5_FV30,FallaElevador1_PuntaEvans,B5,0,base,aux/bloque_001.aux,planned
R000056,GMD_0p9144m,0.9144,B5_FV30,FallaElevador2_PuntaEvans,B5,0,base,aux/bloque_001.aux,planned
R000057,GMD_0p9144m,0.9144,B5_FV30,FallaElevador3_PuntaEvans,B5,0,base,aux/bloque_001.aux,planned
R000058,GMD_0p9144m,0.9144,B5_FV30,FallaTrafo1_ElBight,B5,0,base,aux/bloque_001.aux,planned
R000059,GMD_0p9144m,0.9144,B5_FV30,FallaTrafo2_ElBight,B5,0,base,aux/bloque_001.aux,planned
R000060,GMD_0p9144m,0.9144,B5_FV30,FallaTrafo1_SchoolHouse,B5,0,base,aux/bloque_001.aux,planned
R000061,GMD_0p9144m,0.9144,B5_FV50,FallaLinea1_PuntaEvans_ElBight,B5,0,base,aux/bloque_001.aux,planned
R000062,GMD_0p9144m,0.9144,B5_FV50,FallaLinea2_PuntaEvans_ElBight,B5,0,base,aux/bloque_001.aux,planned
R000063,GMD_0p9144m,0.9144,B5_FV50,FallaLinea1_PuntaEvans_SchoolHouse,B5,0,base,aux/bloque_001.aux,planned
R000064,GMD_0p9144m,0.9144,B5_FV50,FallaLinea1_ElBight_SchoolHouse,B5,0,base,aux/bloque_001.aux,planned
R000065,GMD_0p9144m,0.9144,B5_FV50,FallaElevador1_PuntaEvans,B5,0,base,aux/bloque_001.aux,planned
R000066,GMD_0p9144m,0.9144,B5_FV50,FallaElevador2_PuntaEvans,B5,0,base,aux/bloque_001.aux,planned
R000067,GMD_0p9144m,0.9144,B5_FV50,FallaElevador3_PuntaEvans,B5,0,base,aux/bloque_001.aux,planned
R000068,GMD_0p9144m,0.9144,B5_FV50,FallaTrafo1_ElBight,B5,0,base,aux/bloque_001.aux,planned
R000069,GMD_0p9144m,0.9144,B5_FV50,FallaTrafo2_ElBight,B5,0,base,aux/bloque_001.aux,planned
R000070,GMD_0p9144m,0.9144,B5_FV50,FallaTrafo1_SchoolHouse,B5,0,base,aux/bloque_001.aux,planned
R000071,GMD_0p9144m,0.9144,B6_FV15,FallaLinea1_PuntaEvans_ElBight,B5,0,base,aux/bloque_001.aux,planned
R000072,GMD_0p9144m,0.9144,B6_FV15,FallaLinea2_PuntaEvans_ElBight,B5,0,base,aux/bloque_001.aux,planned
R000073,GMD_0p9144m,0.9144,B6_FV15,FallaLinea1_PuntaEvans_SchoolHouse,B5,0,base,aux/bloque_001.aux,planned
R000074,GMD_0p9144m,0.9144,B6_FV15,FallaLinea1_ElBight_SchoolHouse,B5,0,base,aux/bloque_001.aux,planned
R000075,GMD_0p9144m,0.9144,B6_FV15,FallaElevador1_PuntaEvans,B5,0,base,aux/bloque_001.aux,planned
R000076,GMD_0p9144m,0.9144,B6_FV15,FallaElevador2_PuntaEvans,B5,0,base,aux/bloque_001.aux,planned
R000077,GMD_0p9144m,0.9144,B6_FV15,FallaElevador3_PuntaEvans,B5,0,base,aux/bloque_001.aux,planned
R000078,GMD_0p9144m,0.9144,B6_FV15,FallaTrafo1_ElBight,B5,0,base,aux/bloque_001.aux,planned
R000079,GMD_0p9144m,0.9144,B6_FV15,FallaTrafo2_ElBight,B5,0,base,aux/bloque_001.aux,planned
R000080,GMD_0p9144m,0.9144,B6_FV15,FallaTrafo1_SchoolHouse,B5,0,base,aux/bloque_001.aux,planned
R000081,GMD_0p9144m,0.9144,B6_FV30,FallaLinea1_PuntaEvans_ElBight,B5,0,base,aux/bloque_001.aux,planned
R000082,GMD_0p9144m,0.9144,B6_FV30,FallaLinea2_PuntaEvans_ElBight,B5,0,base,aux/bloque_001.aux,planned
R000083,GMD_0p9144m,0.9144,B6_FV30,FallaLinea1_PuntaEvans_SchoolHouse,B5,0,base,aux/bloque_001.aux,planned
R000084,GMD_0p9144m,0.9144,B6_FV30,FallaLinea1_ElBight_SchoolHouse,B5,0,base,aux/bloque_001.aux,planned
R000085,GMD_0p9144m,0.9144,B6_FV30,FallaElevador1_PuntaEvans,B5,0,base,aux/bloque_001.aux,planned
R000086,GMD_0p9144m,0.9144,B6_FV30,FallaElevador2_PuntaEvans,B5,0,base,aux/bloque_001.aux,planned
R000087,GMD_0p9144m,0.9144,B6_FV30,FallaElevador3_PuntaEvans,B5,0,base,aux/bloque_001.aux,planned
R000088,GMD_0p9144m,0.9144,B6_FV30,FallaTrafo1_ElBight,B5,0,base,aux/bloque_001.aux,planned
R000089,GMD_0p9144m,0.9144,B6_FV30,FallaTrafo2_ElBight,B5,0,base,aux/bloque_001.aux,planned
R000090,GMD_0p9144m,0.9144,B6_FV30,FallaTrafo1_SchoolHouse,B5,0,base,aux/bloque_001.aux,planned
R000091,GMD_0p9144m,0.9144,B6_FV50,FallaLinea1_PuntaEvans_ElBight,B5,0,base,aux/bloque_001.aux,planned
R000092,GMD_0p9144m,0.9144,B6_FV50,FallaLinea2_PuntaEvans_ElBight,B5,0,base,aux/bloque_001.aux,planned
R000093,GMD_0p9144m,0.9144,B6_FV50,FallaLinea1_PuntaEvans_SchoolHouse,B5,0,base,aux/bloque_001.aux,planned
R000094,GMD_0p9144m,0.9144,B6_FV50,FallaLinea1_ElBight_SchoolHouse,B5,0,base,aux/bloque_001.aux,planned
R000095,GMD_0p9144m,0.9144,B6_FV50,FallaElevador1_PuntaEvans,B5,0,base,aux/bloque_001.aux,planned
R000096,GMD_0p9144m,0.9144,B6_FV50,FallaElevador2_PuntaEvans,B5,0,base,aux/bloque_001.aux,planned
R000097,GMD_0p9144m,0.9144,B6_FV50,FallaElevador3_PuntaEvans,B5,0,base,aux/bloque_001.aux,planned
R000098,GMD_0p9144m,0.9144,B6_FV50,FallaTrafo1_ElBight,B5,0,base,aux/bloque_001.aux,planned
R000099,GMD_0p9144m,0.9144,B6_FV50,FallaTrafo2_ElBight,B5,0,base,aux/bloque_001.aux,planned
R000100,GMD_0p9144m,0.9144,B6_FV50,FallaTrafo1_SchoolHouse,B5,0,base,aux/bloque_001.aux,planned
R000101,GMD_0p9144m,0.9144,BASE,FallaLinea1_PuntaEvans_ElBight,B5,1,base,aux/bloque_001.aux,planned
R000102,GMD_0p9144m,0.9144,BASE,FallaLinea2_PuntaEvans_ElBight,B5,1,base,aux/bloque_001.aux,planned
R000103,GMD_0p9144m,0.9144,BASE,FallaLinea1_PuntaEvans_SchoolHouse,B5,1,base,aux/bloque_001.aux,planned
R000104,GMD_0p9144m,0.9144,BASE,FallaLinea1_ElBight_SchoolHouse,B5,1,base,aux/bloque_001.aux,planned
R000105,GMD_0p9144m,0.9144,BASE,FallaElevador1_PuntaEvans,B5,1,base,aux/bloque_001.aux,planned
R000106,GMD_0p9144m,0.9144,BASE,FallaElevador2_PuntaEvans,B5,1,base,aux/bloque_001.aux,planned
R000107,GMD_0p9144m,0.9144,BASE,FallaElevador3_PuntaEvans,B5,1,base,aux/bloque_001.aux,planned
R000108,GMD_0p9144m,0.9144,BASE,FallaTrafo1_ElBight,B5,1,base,aux/bloque_001.aux,planned
R000109,GMD_0p9144m,0.9144,BASE,FallaTrafo2_ElBight,B5,1,base,aux/bloque_001.aux,planned
R000110,GMD_0p9144m,0.9144,BASE,FallaTrafo1_SchoolHouse,B5,1,base,aux/bloque_001.aux,planned
R000111,GMD_0p9144m,0.9144,B1_FV15,FallaLinea1_PuntaEvans_ElBight,B5,1,base,aux/bloque_002.aux,planned
R000112,GMD_0p9144m,0.9144,B1_FV15,FallaLinea2_PuntaEvans_ElBight,B5,1,base,aux/bloque_002.aux,planned
R000113,GMD_0p9144m,0.9144,B1_FV15,FallaLinea1_PuntaEvans_SchoolHouse,B5,1,base,aux/bloque_002.aux,planned
R000114,GMD_0p9144m,0.9144,B1_FV15,FallaLinea1_ElBight_SchoolHouse,B5,1,base,aux/bloque_002.aux,planned
R000115,GMD_0p9144m,0.9144,B1_FV15,FallaElevador1_PuntaEvans,B5,1,base,aux/bloque_002.aux,planned
R000116,GMD_0p9144m,0.9144,B1_FV15,FallaElevador2_PuntaEvans,B5,1,base,aux/bloque_002.aux,planned
R000117,GMD_0p9144m,0.9144,B1_FV15,FallaElevador3_PuntaEvans,B5,1,base,aux/bloque_002.aux,planned
R000118,GMD_0p9144m,0.9144,B1_FV15,FallaTrafo1_ElBight,B5,1,base,aux/bloque_002.aux,planned
R000119,GMD_0p9144m,0.9144,B1_FV15,FallaTrafo2_ElBight,B5,1,base,aux/bloque_002.aux,planned
R000120,GMD_0p9144m,0.9144,B1_FV15,FallaTrafo1_SchoolHouse,B5,1,base,aux/bloque_002.aux,planned
R000121,GMD_0p9144m,0.9144,B1_FV30,FallaLinea1_PuntaEvans_ElBight,B5,1,base,aux/bloque_002.aux,planned
R000122,GMD_0p9144m,0.9144,B1_FV30,FallaLinea2_PuntaEvans_ElBight,B5,1,base,aux/bloque_002.aux,planned
R000123,GMD_0p9144m,0.9144,B1_FV30,FallaLinea1_PuntaEvans_SchoolHouse,B5,1,base,aux/bloque_002.aux,planned
R000124,GMD_0p9144m,0.9144,B1_FV30,FallaLinea1_ElBight_SchoolHouse,B5,1,base,aux/bloque_002.aux,planned
R000125,GMD_0p9144m,0.9144,B1_FV30,FallaElevador1_PuntaEvans,B5,1,base,aux/bloque_002.aux,planned
R000126,GMD_0p9144m,0.9144,B1_FV30,FallaElevador2_PuntaEvans,B5,1,base,aux/bloque_002.aux,planned
R000127,GMD_0p9144m,0.9144,B1_FV30,FallaElevador3_PuntaEvans,B5,1,base,aux/bloque_002.aux,planned
R000128,GMD_0p9144m,0.9144,B1_FV30,FallaTrafo1_ElBight,B5,1,base,aux/bloque_002.aux,planned
R000129,GMD_0p9144m,0.9144,B1_FV30,FallaTrafo2_ElBight,B5,1,base,aux/bloque_002.aux,planned
R000130,GMD_0p9144m,0.9144,B1_FV30,FallaTrafo1_SchoolHouse,B5,1,base,aux/bloque_002.aux,planned
R000131,GMD_0p9144m,0.9144,B1_FV50,FallaLinea1_PuntaEvans_ElBight,B5,1,base,aux/bloque_002.aux,planned
R000132,GMD_0p9144m,0.9144,B1_FV50,FallaLinea2_PuntaEvans_ElBight,B5,1,base,aux/bloque_002.aux,planned
R000133,GMD_0p9144m,0.9144,B1_FV50,FallaLinea1_PuntaEvans_SchoolHouse,B5,1,base,aux/bloque_002.aux,planned
R000134,GMD_0p9144m,0.9144,B1_FV50,FallaLinea1_ElBight_SchoolHouse,B5,1,base,aux/bloque_002.aux,planned
R000135,GMD_0p9144m,0.9144,B1_FV50,FallaElevador1_PuntaEvans,B5,1,base,aux/bloque_002.aux,planned
R000136,GMD_0p9144m,0.9144,B1_FV50,FallaElevador2_PuntaEvans,B5,1,base,aux/bloque_002.aux,planned
R000137,GMD_0p9144m,0.9144,B1_FV50,FallaElevador3_PuntaEvans,B5,1,base,aux/bloque_002.aux,planned
R000138,GMD_0p9144m,0.9144,B1_FV50,FallaTrafo1_ElBight,B5,1,base,aux/bloque_002.aux,planned
R000139,GMD_0p9144m,0.9144,B1_FV50,FallaTrafo2_ElBight,B5,1,base,aux/bloque_002.aux,planned
R000140,GMD_0p9144m,0.9144,B1_FV50,FallaTrafo1_SchoolHouse,B5,1,base,aux/bloque_002.aux,planned
R000141,GMD_0p9144m,0.9144,B5_FV15,FallaLinea1_PuntaEvans_ElBight,B5,1,base,aux/bloque_002.aux,planned
R000142,GMD_0p9144m,0.9144,B5_FV15,FallaLinea2_PuntaEvans_ElBight,B5,1,base,aux/bloque_002.aux,planned
R000143,GMD_0p9144m,0.9144,B5_FV15,FallaLinea1_PuntaEvans_SchoolHouse,B5,1,base,aux/bloque_002.aux,planned
R000144,GMD_0p9144m,0.9144,B5_FV15,FallaLinea1_ElBight_SchoolHouse,B5,1,base,aux/bloque_002.aux,planned
R000145,GMD_0p9144m,0.9144,B5_FV15,FallaElevador1_PuntaEvans,B5,1,base,aux/bloque_002.aux,planned
R000146,GMD_0p9144m,0.9144,B5_FV15,FallaElevador2_PuntaEvans,B5,1,base,aux/bloque_002.aux,planned
R000147,GMD_0p9144m,0.9144,B5_FV15,FallaElevador3_PuntaEvans,B5,1,base,aux/bloque_002.aux,planned
R000148,GMD_0p9144m,0.9144,B5_FV15,FallaTrafo1_ElBight,B5,1,base,aux/bloque_002.aux,planned
R000149,GMD_0p9144m,0.9144,B5_FV15,FallaTrafo2_ElBight,B5,1,base,aux/bloque_002.aux,planned
R000150,GMD_0p9144m,0.9144,B5_FV15,FallaTrafo1_SchoolHouse,B5,1,base,aux/bloque_002.aux,planned
R000151,GMD_0p9144m,0.9144,B5_FV30,FallaLinea1_PuntaEvans_ElBight,B5,1,base,aux/bloque_002.aux,planned
R000152,GMD_0p9144m,0.9144,B5_FV30,FallaLinea2_PuntaEvans_ElBight,B5,1,base,aux/bloque_002.aux,planned
R000153,GMD_0p9144m,0.9144,B5_FV30,FallaLinea1_PuntaEvans_SchoolHouse,B5,1,base,aux/bloque_002.aux,planned
R000154,GMD_0p9144m,0.9144,B5_FV30,FallaLinea1_ElBight_SchoolHouse,B5,1,base,aux/bloque_002.aux,planned
R000155,GMD_0p9144m,0.9144,B5_FV30,FallaElevador1_PuntaEvans,B5,1,base,aux/bloque_002.aux,planned
R000156,GMD_0p9144m,0.9144,B5_FV30,FallaElevador2_PuntaEvans,B5,1,base,aux/bloque_002.aux,planned
R000157,GMD_0p9144m,0.9144,B5_FV30,FallaElevador3_PuntaEvans,B5,1,base,aux/bloque_002.aux,planned
R000158,GMD_0p9144m,0.9144,B5_FV30,FallaTrafo1_ElBight,B5,1,base,aux/bloque_002.aux,planned
R000159,GMD_0p9144m,0.9144,B5_FV30,FallaTrafo2_ElBight,B5,1,base,aux/bloque_002.aux,planned
R000160,GMD_0p9144m,0.9144,B5_FV30,FallaTrafo1_SchoolHouse,B5,1,base,aux/bloque_002.aux,planned
R000161,GMD_0p9144m,0.9144,B5_FV50,FallaLinea1_PuntaEvans_ElBight,B5,1,base,aux/bloque_002.aux,planned
R000162,GMD_0p9144m,0.9144,B5_FV50,FallaLinea2_PuntaEvans_ElBight,B5,1,base,aux/bloque_002.aux,planned
R000163,GMD_0p9144m,0.9144,B5_FV50,FallaLinea1_PuntaEvans_SchoolHouse,B5,1,base,aux/bloque_002.aux,planned
R000164,GMD_0p9144m,0.9144,B5_FV50,FallaLinea1_ElBight_SchoolHouse,B5,1,base,aux/bloque_002.aux,planned
R000165,GMD_0p9144m,0.9144,B5_FV50,FallaElevador1_PuntaEvans,B5,1,base,aux/bloque_002.aux,planned
R000166,GMD_0p9144m,0.9144,B5_FV50,FallaElevador2_PuntaEvans,B5,1,base,aux/bloque_002.aux,planned
R000167,GMD_0p9144m,0.9144,B5_FV50,FallaElevador3_PuntaEvans,B5,1,base,aux/bloque_002.aux,planned
R000168,GMD_0p9144m,0.9144,B5_FV50,FallaTrafo1_ElBight,B5,1,base,aux/bloque_002.aux,planned
R000169,GMD_0p9144m,0.9144,B5_FV50,FallaTrafo2_ElBight,B5,1,base,aux/bloque_002.aux,planned
R000170,GMD_0p9144m,0.9144,B5_FV50,FallaTrafo1_SchoolHouse,B5,1,base,aux/bloque_002.aux,planned
R000171,GMD_0p9144m,0.9144,B6_FV15,FallaLinea1_PuntaEvans_ElBight,B5,1,base,aux/bloque_002.aux,planned
R000172,GMD_0p9144m,0.9144,B6_FV15,FallaLinea2_PuntaEvans_ElBight,B5,1,base,aux/bloque_002.aux,planned
R000173,GMD_0p9144m,0.9144,B6_FV15,FallaLinea1_PuntaEvans_SchoolHouse,B5,1,base,aux/bloque_002.aux,planned
R000174,GMD_0p9144m,0.9144,B6_FV15,FallaLinea1_ElBight_SchoolHouse,B5,1,base,aux/bloque_002.aux,planned
R000175,GMD_0p9144m,0.9144,B6_FV15,FallaElevador1_PuntaEvans,B5,1,base,aux/bloque_002.aux,planned
R000176,GMD_0p9144m,0.9144,B6_FV15,FallaElevador2_PuntaEvans,B5,1,base,aux/bloque_002.aux,planned
R000177,GMD_0p9144m,0.9144,B6_FV15,FallaElevador3_PuntaEvans,B5,1,base,aux/bloque_002.aux,planned
R000178,GMD_0p9144m,0.9144,B6_FV15,FallaTrafo1_ElBight,B5,1,base,aux/bloque_002.aux,planned
R000179,GMD_0p9144m,0.9144,B6_FV15,FallaTrafo2_ElBight,B5,1,base,aux/bloque_002.aux,planned
R000180,GMD_0p9144m,0.9144,B6_FV15,FallaTrafo1_SchoolHouse,B5,1,base,aux/bloque_002.aux,planned
R000181,GMD_0p9144m,0.9144,B6_FV30,FallaLinea1_PuntaEvans_ElBight,B5,1,base,aux/bloque_002.aux,planned
R000182,GMD_0p9144m,0.9144,B6_FV30,FallaLinea2_PuntaEvans_ElBight,B5,1,base,aux/bloque_002.aux,planned
R000183,GMD_0p9144m,0.9144,B6_FV30,FallaLinea1_PuntaEvans_SchoolHouse,B5,1,base,aux/bloque_002.aux,planned
R000184,GMD_0p9144m,0.9144,B6_FV30,FallaLinea1_ElBight_SchoolHouse,B5,1,base,aux/bloque_002.aux,planned
R000185,GMD_0p9144m,0.9144,B6_FV30,FallaElevador1_PuntaEvans,B5,1,base,aux/bloque_002.aux,planned
R000186,GMD_0p9144m,0.9144,B6_FV30,FallaElevador2_PuntaEvans,B5,1,base,aux/bloque_002.aux,planned
R000187,GMD_0p9144m,0.9144,B6_FV30,FallaElevador3_PuntaEvans,B5,1,base,aux/bloque_002.aux,planned
R000188,GMD_0p9144m,0.9144,B6_FV30,FallaTrafo1_ElBight,B5,1,base,aux/bloque_002.aux,planned
R000189,GMD_0p9144m,0.9144,B6_FV30,FallaTrafo2_ElBight,B5,1,base,aux/bloque_002.aux,planned
R000190,GMD_0p9144m,0.9144,B6_FV30,FallaTrafo1_SchoolHouse,B5,1,base,aux/bloque_002.aux,planned
R000191,GMD_0p9144m,0.9144,B6_FV50,FallaLinea1_PuntaEvans_ElBight,B5,1,base,aux/bloque_002.aux,planned
R000192,GMD_0p9144m,0.9144,B6_FV50,FallaLinea2_PuntaEvans_ElBight,B5,1,base,aux/bloque_002.aux,planned
R000193,GMD_0p9144m,0.9144,B6_FV50,FallaLinea1_PuntaEvans_SchoolHouse,B5,1,base,aux/bloque_002.aux,planned
R000194,GMD_0p9144m,0.9144,B6_FV50,FallaLinea1_ElBight_SchoolHouse,B5,1,base,aux/bloque_002.aux,planned
R000195,GMD_0p9144m,0.9144,B6_FV50,FallaElevador1_PuntaEvans,B5,1,base,aux/bloque_002.aux,planned
R000196,GMD_0p9144m,0.9144,B6_FV50,FallaElevador2_PuntaEvans,B5,1,base,aux/bloque_002.aux,planned
R000197,GMD_0p9144m,0.9144,B6_FV50,FallaElevador3_PuntaEvans,B5,1,base,aux/bloque_002.aux,planned
R000198,GMD_0p9144m,0.9144,B6_FV50,FallaTrafo1_ElBight,B5,1,base,aux/bloque_002.aux,planned
R000199,GMD_0p9144m,0.9144,B6_FV50,FallaTrafo2_ElBight,B5,1,base,aux/bloque_002.aux,planned
R000200,GMD_0p9144m,0.9144,B6_FV50,FallaTrafo1_SchoolHouse,B5,1,base,aux/bloque_002.aux,planned
R000201,GMD_0p9144m,0.9144,BASE,FallaLinea1_PuntaEvans_ElBight,B5,2,base,aux/bloque_002.aux,planned
R000202,GMD_0p9144m,0.9144,BASE,FallaLinea2_PuntaEvans_ElBight,B5,2,base,aux/bloque_002.aux,planned
R000203,GMD_0p9144m,0.9144,BASE,FallaLinea1_PuntaEvans_SchoolHouse,B5,2,base,aux/bloque_002.aux,planned
R000204,GMD_0p9144m,0.9144,BASE,FallaLinea1_ElBight_SchoolHouse,B5,2,base,aux/bloque_002.aux,planned
R000205,GMD_0p9144m,0.9144,BASE,FallaElevador1_PuntaEvans,B5,2,base,aux/bloque_002.aux,planned
R000206,GMD_0p9144m,0.9144,BASE,FallaElevador2_PuntaEvans,B5,2,base,aux/bloque_002.aux,planned
R000207,GMD_0p9144m,0.9144,BASE,FallaElevador3_PuntaEvans,B5,2,base,aux/bloque_002.aux,planned
R000208,GMD_0p9144m,0.9144,BASE,FallaTrafo1_ElBight,B5,2,base,aux/bloque_002.aux,planned
R000209,GMD_0p9144m,0.9144,BASE,FallaTrafo2_ElBight,B5,2,base,aux/bloque_002.aux,planned
R000210,GMD_0p9144m,0.9144,BASE,FallaTrafo1_SchoolHouse,B5,2,base,aux/bloque_002.aux,planned
R000211,GMD_0p9144m,0.9144,B1_FV15,FallaLinea1_PuntaEvans_ElBight,B5,2,base,aux/bloque_002.aux,planned
R000212,GMD_0p9144m,0.9144,B1_FV15,FallaLinea2_PuntaEvans_ElBight,B5,2,base,aux/bloque_002.aux,planned
R000213,GMD_0p9144m,0.9144,B1_FV15,FallaLinea1_PuntaEvans_SchoolHouse,B5,2,base,aux/bloque_002.aux,planned
R000214,GMD_0p9144m,0.9144,B1_FV15,FallaLinea1_ElBight_SchoolHouse,B5,2,base,aux/bloque_002.aux,planned
R000215,GMD_0p9144m,0.9144,B1_FV15,FallaElevador1_PuntaEvans,B5,2,base,aux/bloque_002.aux,planned
R000216,GMD_0p9144m,0.9144,B1_FV15,FallaElevador2_PuntaEvans,B5,2,base,aux/bloque_002.aux,planned
R000217,GMD_0p9144m,0.9144,B1_FV15,FallaElevador3_PuntaEvans,B5,2,base,aux/bloque_002.aux,planned
R000218,GMD_0p9144m,0.9144,B1_FV15,FallaTrafo1_ElBight,B5,2,base,aux/bloque_002.aux,planned
R000219,GMD_0p9144m,0.9144,B1_FV15,FallaTrafo2_ElBight,B5,2,base,aux/bloque_002.aux,planned
R000220,GMD_0p9144m,0.9144,B1_FV15,FallaTrafo1_SchoolHouse,B5,2,base,aux/bloque_002.aux,planned
R000221,GMD_0p9144m,0.9144,B1_FV30,FallaLinea1_PuntaEvans_ElBight,B5,2,base,aux/bloque_003.aux,planned
R000222,GMD_0p9144m,0.9144,B1_FV30,FallaLinea2_PuntaEvans_ElBight,B5,2,base,aux/bloque_003.aux,planned
R000223,GMD_0p9144m,0.9144,B1_FV30,FallaLinea1_PuntaEvans_SchoolHouse,B5,2,base,aux/bloque_003.aux,planned
R000224,GMD_0p9144m,0.9144,B1_FV30,FallaLinea1_ElBight_SchoolHouse,B5,2,base,aux/bloque_003.aux,planned
R000225,GMD_0p9144m,0.9144,B1_FV30,FallaElevador1_PuntaEvans,B5,2,base,aux/bloque_003.aux,planned
R000226,GMD_0p9144m,0.9144,B1_FV30,FallaElevador2_PuntaEvans,B5,2,base,aux/bloque_003.aux,planned
R000227,GMD_0p9144m,0.9144,B1_FV30,FallaElevador3_PuntaEvans,B5,2,base,aux/bloque_003.aux,planned
R000228,GMD_0p9144m,0.9144,B1_FV30,FallaTrafo1_ElBight,B5,2,base,aux/bloque_003.aux,planned
R000229,GMD_0p9144m,0.9144,B1_FV30,FallaTrafo2_ElBight,B5,2,base,aux/bloque_003.aux,planned
R000230,GMD_0p9144m,0.9144,B1_FV30,FallaTrafo1_SchoolHouse,B5,2,base,aux/bloque_003.aux,planned
R000231,GMD_0p9144m,0.9144,B1_FV50,FallaLinea1_PuntaEvans_ElBight,B5,2,base,aux/bloque_003.aux,planned
R000232,GMD_0p9144m,0.9144,B1_FV50,FallaLinea2_PuntaEvans_ElBight,B5,2,base,aux/bloque_003.aux,planned
R000233,GMD_0p9144m,0.9144,B1_FV50,FallaLinea1_PuntaEvans_SchoolHouse,B5,2,base,aux/bloque_003.aux,planned
R000234,GMD_0p9144m,0.9144,B1_FV50,FallaLinea1_ElBight_SchoolHouse,B5,2,base,aux/bloque_003.aux,planned
R000235,GMD_0p9144m,0.9144,B1_FV50,FallaElevador1_PuntaEvans,B5,2,base,aux/bloque_003.aux,planned
R000236,GMD_0p9144m,0.9144,B1_FV50,FallaElevador2_PuntaEvans,B5,2,base,aux/bloque_003.aux,planned
R000237,GMD_0p9144m,0.9144,B1_FV50,FallaElevador3_PuntaEvans,B5,2,base,aux/bloque_003.aux,planned
R000238,GMD_0p9144m,0.9144,B1_FV50,FallaTrafo1_ElBight,B5,2,base,aux/bloque_003.aux,planned
R000239,GMD_0p9144m,0.9144,B1_FV50,FallaTrafo2_ElBight,B5,2,base,aux/bloque_003.aux,planned
R000240,GMD_0p9144m,0.9144,B1_FV50,FallaTrafo1_SchoolHouse,B5,2,base,aux/bloque_003.aux,planned
R000241,GMD_0p9144m,0.9144,B5_FV15,FallaLinea1_PuntaEvans_ElBight,B5,2,base,aux/bloque_003.aux,planned
R000242,GMD_0p9144m,0.9144,B5_FV15,FallaLinea2_PuntaEvans_ElBight,B5,2,base,aux/bloque_003.aux,planned
R000243,GMD_0p9144m,0.9144,B5_FV15,FallaLinea1_PuntaEvans_SchoolHouse,B5,2,base,aux/bloque_003.aux,planned
R000244,GMD_0p9144m,0.9144,B5_FV15,FallaLinea1_ElBight_SchoolHouse,B5,2,base,aux/bloque_003.aux,planned
R000245,GMD_0p9144m,0.9144,B5_FV15,FallaElevador1_PuntaEvans,B5,2,base,aux/bloque_003.aux,planned
R000246,GMD_0p9144m,0.9144,B5_FV15,FallaElevador2_PuntaEvans,B5,2,base,aux/bloque_003.aux,planned
R000247,GMD_0p9144m,0.9144,B5_FV15,FallaElevador3_PuntaEvans,B5,2,base,aux/bloque_003.aux,planned
R000248,GMD_0p9144m,0.9144,B5_FV15,FallaTrafo1_ElBight,B5,2,base,aux/bloque_003.aux,planned
R000249,GMD_0p9144m,0.9144,B5_FV15,FallaTrafo2_ElBight,B5,2,base,aux/bloque_003.aux,planned
R000250,GMD_0p9144m,0.9144,B5_FV15,FallaTrafo1_SchoolHouse,B5,2,base,aux/bloque_003.aux,planned
R000251,GMD_0p9144m,0.9144,B5_FV30,FallaLinea1_PuntaEvans_ElBight,B5,2,base,aux/bloque_003.aux,planned
R000252,GMD_0p9144m,0.9144,B5_FV30,FallaLinea2_PuntaEvans_ElBight,B5,2,base,aux/bloque_003.aux,planned
R000253,GMD_0p9144m,0.9144,B5_FV30,FallaLinea1_PuntaEvans_SchoolHouse,B5,2,base,aux/bloque_003.aux,planned
R000254,GMD_0p9144m,0.9144,B5_FV30,FallaLinea1_ElBight_SchoolHouse,B5,2,base,aux/bloque_003.aux,planned
R000255,GMD_0p9144m,0.9144,B5_FV30,FallaElevador1_PuntaEvans,B5,2,base,aux/bloque_003.aux,planned
R000256,GMD_0p9144m,0.9144,B5_FV30,FallaElevador2_PuntaEvans,B5,2,base,aux/bloque_003.aux,planned
R000257,GMD_0p9144m,0.9144,B5_FV30,FallaElevador3_PuntaEvans,B5,2,base,aux/bloque_003.aux,planned
R000258,GMD_0p9144m,0.9144,B5_FV30,FallaTrafo1_ElBight,B5,2,base,aux/bloque_003.aux,planned
R000259,GMD_0p9144m,0.9144,B5_FV30,FallaTrafo2_ElBight,B5,2,base,aux/bloque_003.aux,planned
R000260,GMD_0p9144m,0.9144,B5_FV30,FallaTrafo1_SchoolHouse,B5,2,base,aux/bloque_003.aux,planned
R000261,GMD_0p9144m,0.9144,B5_FV50,FallaLinea1_PuntaEvans_ElBight,B5,2,base,aux/bloque_003.aux,planned
R000262,GMD_0p9144m,0.9144,B5_FV50,FallaLinea2_PuntaEvans_ElBight,B5,2,base,aux/bloque_003.aux,planned
R000263,GMD_0p9144m,0.9144,B5_FV50,FallaLinea1_PuntaEvans_SchoolHouse,B5,2,base,aux/bloque_003.aux,planned
R000264,GMD_0p9144m,0.9144,B5_FV50,FallaLinea1_ElBight_SchoolHouse,B5,2,base,aux/bloque_003.aux,planned
R000265,GMD_0p9144m,0.9144,B5_FV50,FallaElevador1_PuntaEvans,B5,2,base,aux/bloque_003.aux,planned
R000266,GMD_0p9144m,0.9144,B5_FV50,FallaElevador2_PuntaEvans,B5,2,base,aux/bloque_003.aux,planned
R000267,GMD_0p9144m,0.9144,B5_FV50,FallaElevador3_PuntaEvans,B5,2,base,aux/bloque_003.aux,planned
R000268,GMD_0p9144m,0.9144,B5_FV50,FallaTrafo1_ElBight,B5,2,base,aux/bloque_003.aux,planned
R000269,GMD_0p9144m,0.9144,B5_FV50,FallaTrafo2_ElBight,B5,2,base,aux/bloque_003.aux,planned
R000270,GMD_0p9144m,0.9144,B5_FV50,FallaTrafo1_SchoolHouse,B5,2,base,aux/bloque_003.aux,planned
R000271,GMD_0p9144m,0.9144,B6_FV15,FallaLinea1_PuntaEvans_ElBight,B5,2,base,aux/bloque_003.aux,planned
R000272,GMD_0p9144m,0.9144,B6_FV15,FallaLinea2_PuntaEvans_ElBight,B5,2,base,aux/bloque_003.aux,planned
R000273,GMD_0p9144m,0.9144,B6_FV15,FallaLinea1_PuntaEvans_SchoolHouse,B5,2,base,aux/bloque_003.aux,planned
R000274,GMD_0p9144m,0.9144,B6_FV15,FallaLinea1_ElBight_SchoolHouse,B5,2,base,aux/bloque_003.aux,planned
R000275,GMD_0p9144m,0.9144,B6_FV15,FallaElevador1_PuntaEvans,B5,2,base,aux/bloque_003.aux,planned
R000276,GMD_0p9144m,0.9144,B6_FV15,FallaElevador2_PuntaEvans,B5,2,base,aux/bloque_003.aux,planned
R000277,GMD_0p9144m,0.9144,B6_FV15,FallaElevador3_PuntaEvans,B5,2,base,aux/bloque_003.aux,planned
R000278,GMD_0p9144m,0.9144,B6_FV15,FallaTrafo1_ElBight,B5,2,base,aux/bloque_003.aux,planned
R000279,GMD_0p9144m,0.9144,B6_FV15,FallaTrafo2_ElBight,B5,2,base,aux/bloque_003.aux,planned
R000280,GMD_0p9144m,0.9144,B6_FV15,FallaTrafo1_SchoolHouse,B5,2,base,aux/bloque_003.aux,planned
R000281,GMD_0p9144m,0.9144,B6_FV30,FallaLinea1_PuntaEvans_ElBight,B5,2,base,aux/bloque_003.aux,planned
R000282,GMD_0p9144m,0.9144,B6_FV30,FallaLinea2_PuntaEvans_ElBight,B5,2,base,aux/bloque_003.aux,planned
R000283,GMD_0p9144m,0.9144,B6_FV30,FallaLinea1_PuntaEvans_SchoolHouse,B5,2,base,aux/bloque_003.aux,planned
R000284,GMD_0p9144m,0.9144,B6_FV30,FallaLinea1_ElBight_SchoolHouse,B5,2,base,aux/bloque_003.aux,planned
R000285,GMD_0p9144m,0.9144,B6_FV30,FallaElevador1_PuntaEvans,B5,2,base,aux/bloque_003.aux,planned
R000286,GMD_0p9144m,0.9144,B6_FV30,FallaElevador2_PuntaEvans,B5,2,base,aux/bloque_003.aux,planned
R000287,GMD_0p9144m,0.9144,B6_FV30,FallaElevador3_PuntaEvans,B5,2,base,aux/bloque_003.aux,planned
R000288,GMD_0p9144m,0.9144,B6_FV30,FallaTrafo1_ElBight,B5,2,base,aux/bloque_003.aux,planned
R000289,GMD_0p9144m,0.9144,B6_FV30,FallaTrafo2_ElBight,B5,2,base,aux/bloque_003.aux,planned
R000290,GMD_0p9144m,0.9144,B6_FV30,FallaTrafo1_SchoolHouse,B5,2,base,aux/bloque_003.aux,planned
R000291,GMD_0p9144m,0.9144,B6_FV50,FallaLinea1_PuntaEvans_ElBight,B5,2,base,aux/bloque_003.aux,planned
R000292,GMD_0p9144m,0.9144,B6_FV50,FallaLinea2_PuntaEvans_ElBight,B5,2,base,aux/bloque_003.aux,planned
R000293,GMD_0p9144m,0.9144,B6_FV50,FallaLinea1_PuntaEvans_SchoolHouse,B5,2,base,aux/bloque_003.aux,planned
R000294,GMD_0p9144m,0.9144,B6_FV50,FallaLinea1_ElBight_SchoolHouse,B5,2,base,aux/bloque_003.aux,planned
R000295,GMD_0p9144m,0.9144,B6_FV50,FallaElevador1_PuntaEvans,B5,2,base,aux/bloque_003.aux,planned
R000296,GMD_0p9144m,0.9144,B6_FV50,FallaElevador2_PuntaEvans,B5,2,base,aux/bloque_003.aux,planned
R000297,GMD_0p9144m,0.9144,B6_FV50,FallaElevador3_PuntaEvans,B5,2,base,aux/bloque_003.aux,planned
R000298,GMD_0p9144m,0.9144,B6_FV50,FallaTrafo1_ElBight,B5,2,base,aux/bloque_003.aux,planned
R000299,GMD_0p9144m,0.9144,B6_FV50,FallaTrafo2_ElBight,B5,2,base,aux/bloque_003.aux,planned
R000300,GMD_0p9144m,0.9144,B6_FV50,FallaTrafo1_SchoolHouse,B5,2,base,aux/bloque_003.aux,planned
R000301,GMD_0p9144m,0.9144,BASE,FallaLinea1_PuntaEvans_ElBight,B5,3,base,aux/bloque_003.aux,planned
R000302,GMD_0p9144m,0.9144,BASE,FallaLinea2_PuntaEvans_ElBight,B5,3,base,aux/bloque_003.aux,planned
R000303,GMD_0p9144m,0.9144,BASE,FallaLinea1_PuntaEvans_SchoolHouse,B5,3,base,aux/bloque_003.aux,planned
R000304,GMD_0p9144m,0.9144,BASE,FallaLinea1_ElBight_SchoolHouse,B5,3,base,aux/bloque_003.aux,planned
R000305,GMD_0p9144m,0.9144,BASE,FallaElevador1_PuntaEvans,B5,3,base,aux/bloque_003.aux,planned
R000306,GMD_0p9144m,0.9144,BASE,FallaElevador2_PuntaEvans,B5,3,base,aux/bloque_003.aux,planned
R000307,GMD_0p9144m,0.9144,BASE,FallaElevador3_PuntaEvans,B5,3,base,aux/bloque_003.aux,planned
R000308,GMD_0p9144m,0.9144,BASE,FallaTrafo1_ElBight,B5,3,base,aux/bloque_003.aux,planned
R000309,GMD_0p9144m,0.9144,BASE,FallaTrafo2_ElBight,B5,3,base,aux/bloque_003.aux,planned
R000310,GMD_0p9144m,0.9144,BASE,FallaTrafo1_SchoolHouse,B5,3,base,aux/bloque_003.aux,planned
R000311,GMD_0p9144m,0.9144,B1_FV15,FallaLinea1_PuntaEvans_ElBight,B5,3,base,aux/bloque_003.aux,planned
R000312,GMD_0p9144m,0.9144,B1_FV15,FallaLinea2_PuntaEvans_ElBight,B5,3,base,aux/bloque_003.aux,planned
R000313,GMD_0p9144m,0.9144,B1_FV15,FallaLinea1_PuntaEvans_SchoolHouse,B5,3,base,aux/bloque_003.aux,planned
R000314,GMD_0p9144m,0.9144,B1_FV15,FallaLinea1_ElBight_SchoolHouse,B5,3,base,aux/bloque_003.aux,planned
R000315,GMD_0p9144m,0.9144,B1_FV15,FallaElevador1_PuntaEvans,B5,3,base,aux/bloque_003.aux,planned
R000316,GMD_0p9144m,0.9144,B1_FV15,FallaElevador2_PuntaEvans,B5,3,base,aux/bloque_003.aux,planned
R000317,GMD_0p9144m,0.9144,B1_FV15,FallaElevador3_PuntaEvans,B5,3,base,aux/bloque_003.aux,planned
R000318,GMD_0p9144m,0.9144,B1_FV15,FallaTrafo1_ElBight,B5,3,base,aux/bloque_003.aux,planned
R000319,GMD_0p9144m,0.9144,B1_FV15,FallaTrafo2_ElBight,B5,3,base,aux/bloque_003.aux,planned
R000320,GMD_0p9144m,0.9144,B1_FV15,FallaTrafo1_SchoolHouse,B5,3,base,aux/bloque_003.aux,planned
R000321,GMD_0p9144m,0.9144,B1_FV30,FallaLinea1_PuntaEvans_ElBight,B5,3,base,aux/bloque_003.aux,planned
R000322,GMD_0p9144m,0.9144,B1_FV30,FallaLinea2_PuntaEvans_ElBight,B5,3,base,aux/bloque_003.aux,planned
R000323,GMD_0p9144m,0.9144,B1_FV30,FallaLinea1_PuntaEvans_SchoolHouse,B5,3,base,aux/bloque_003.aux,planned
R000324,GMD_0p9144m,0.9144,B1_FV30,FallaLinea1_ElBight_SchoolHouse,B5,3,base,aux/bloque_003.aux,planned
R000325,GMD_0p9144m,0.9144,B1_FV30,FallaElevador1_PuntaEvans,B5,3,base,aux/bloque_003.aux,planned
R000326,GMD_0p9144m,0.9144,B1_FV30,FallaElevador2_PuntaEvans,B5,3,base,aux/bloque_003.aux,planned
R000327,GMD_0p9144m,0.9144,B1_FV30,FallaElevador3_PuntaEvans,B5,3,base,aux/bloque_003.aux,planned
R000328,GMD_0p9144m,0.9144,B1_FV30,FallaTrafo1_ElBight,B5,3,base,aux/bloque_003.aux,planned
R000329,GMD_0p9144m,0.9144,B1_FV30,FallaTrafo2_ElBight,B5,3,base,aux/bloque_003.aux,planned
R000330,GMD_0p9144m,0.9144,B1_FV30,FallaTrafo1_SchoolHouse,B5,3,base,aux/bloque_003.aux,planned
R000331,GMD_0p9144m,0.9144,B1_FV50,FallaLinea1_PuntaEvans_ElBight,B5,3,base,aux/bloque_004.aux,planned
R000332,GMD_0p9144m,0.9144,B1_FV50,FallaLinea2_PuntaEvans_ElBight,B5,3,base,aux/bloque_004.aux,planned
R000333,GMD_0p9144m,0.9144,B1_FV50,FallaLinea1_PuntaEvans_SchoolHouse,B5,3,base,aux/bloque_004.aux,planned
R000334,GMD_0p9144m,0.9144,B1_FV50,FallaLinea1_ElBight_SchoolHouse,B5,3,base,aux/bloque_004.aux,planned
R000335,GMD_0p9144m,0.9144,B1_FV50,FallaElevador1_PuntaEvans,B5,3,base,aux/bloque_004.aux,planned
R000336,GMD_0p9144m,0.9144,B1_FV50,FallaElevador2_PuntaEvans,B5,3,base,aux/bloque_004.aux,planned
R000337,GMD_0p9144m,0.9144,B1_FV50,FallaElevador3_PuntaEvans,B5,3,base,aux/bloque_004.aux,planned
R000338,GMD_0p9144m,0.9144,B1_FV50,FallaTrafo1_ElBight,B5,3,base,aux/bloque_004.aux,planned
R000339,GMD_0p9144m,0.9144,B1_FV50,FallaTrafo2_ElBight,B5,3,base,aux/bloque_004.aux,planned
R000340,GMD_0p9144m,0.9144,B1_FV50,FallaTrafo1_SchoolHouse,B5,3,base,aux/bloque_004.aux,planned
R000341,GMD_0p9144m,0.9144,B5_FV15,FallaLinea1_PuntaEvans_ElBight,B5,3,base,aux/bloque_004.aux,planned
R000342,GMD_0p9144m,0.9144,B5_FV15,FallaLinea2_PuntaEvans_ElBight,B5,3,base,aux/bloque_004.aux,planned
R000343,GMD_0p9144m,0.9144,B5_FV15,FallaLinea1_PuntaEvans_SchoolHouse,B5,3,base,aux/bloque_004.aux,planned
R000344,GMD_0p9144m,0.9144,B5_FV15,FallaLinea1_ElBight_SchoolHouse,B5,3,base,aux/bloque_004.aux,planned
R000345,GMD_0p9144m,0.9144,B5_FV15,FallaElevador1_PuntaEvans,B5,3,base,aux/bloque_004.aux,planned
R000346,GMD_0p9144m,0.9144,B5_FV15,FallaElevador2_PuntaEvans,B5,3,base,aux/bloque_004.aux,planned
R000347,GMD_0p9144m,0.9144,B5_FV15,FallaElevador3_PuntaEvans,B5,3,base,aux/bloque_004.aux,planned
R000348,GMD_0p9144m,0.9144,B5_FV15,FallaTrafo1_ElBight,B5,3,base,aux/bloque_004.aux,planned
R000349,GMD_0p9144m,0.9144,B5_FV15,FallaTrafo2_ElBight,B5,3,base,aux/bloque_004.aux,planned
R000350,GMD_0p9144m,0.9144,B5_FV15,FallaTrafo1_SchoolHouse,B5,3,base,aux/bloque_004.aux,planned
R000351,GMD_0p9144m,0.9144,B5_FV30,FallaLinea1_PuntaEvans_ElBight,B5,3,base,aux/bloque_004.aux,planned
R000352,GMD_0p9144m,0.9144,B5_FV30,FallaLinea2_PuntaEvans_ElBight,B5,3,base,aux/bloque_004.aux,planned
R000353,GMD_0p9144m,0.9144,B5_FV30,FallaLinea1_PuntaEvans_SchoolHouse,B5,3,base,aux/bloque_004.aux,planned
R000354,GMD_0p9144m,0.9144,B5_FV30,FallaLinea1_ElBight_SchoolHouse,B5,3,base,aux/bloque_004.aux,planned
R000355,GMD_0p9144m,0.9144,B5_FV30,FallaElevador1_PuntaEvans,B5,3,base,aux/bloque_004.aux,planned
R000356,GMD_0p9144m,0.9144,B5_FV30,FallaElevador2_PuntaEvans,B5,3,base,aux/bloque_004.aux,planned
R000357,GMD_0p9144m,0.9144,B5_FV30,FallaElevador3_PuntaEvans,B5,3,base,aux/bloque_004.aux,planned
R000358,GMD_0p9144m,0.9144,B5_FV30,FallaTrafo1_ElBight,B5,3,base,aux/bloque_004.aux,planned
R000359,GMD_0p9144m,0.9144,B5_FV30,FallaTrafo2_ElBight,B5,3,base,aux/bloque_004.aux,planned
R000360,GMD_0p9144m,0.9144,B5_FV30,FallaTrafo1_SchoolHouse,B5,3,base,aux/bloque_004.aux,planned
R000361,GMD_0p9144m,0.9144,B5_FV50,FallaLinea1_PuntaEvans_ElBight,B5,3,base,aux/bloque_004.aux,planned
R000362,GMD_0p9144m,0.9144,B5_FV50,FallaLinea2_PuntaEvans_ElBight,B5,3,base,aux/bloque_004.aux,planned
R000363,GMD_0p9144m,0.9144,B5_FV50,FallaLinea1_PuntaEvans_SchoolHouse,B5,3,base,aux/bloque_004.aux,planned
R000364,GMD_0p9144m,0.9144,B5_FV50,FallaLinea1_ElBight_SchoolHouse,B5,3,base,aux/bloque_004.aux,planned
R000365,GMD_0p9144m,0.9144,B5_FV50,FallaElevador1_PuntaEvans,B5,3,base,aux/bloque_004.aux,planned
R000366,GMD_0p9144m,0.9144,B5_FV50,FallaElevador2_PuntaEvans,B5,3,base,aux/bloque_004.aux,planned
R000367,GMD_0p9144m,0.9144,B5_FV50,FallaElevador3_PuntaEvans,B5,3,base,aux/bloque_004.aux,planned
R000368,GMD_0p9144m,0.9144,B5_FV50,FallaTrafo1_ElBight,B5,3,base,aux/bloque_004.aux,planned
R000369,GMD_0p9144m,0.9144,B5_FV50,FallaTrafo2_ElBight,B5,3,base,aux/bloque_004.aux,planned
R000370,GMD_0p9144m,0.9144,B5_FV50,FallaTrafo1_SchoolHouse,B5,3,base,aux/bloque_004.aux,planned
R000371,GMD_0p9144m,0.9144,B6_FV15,FallaLinea1_PuntaEvans_ElBight,B5,3,base,aux/bloque_004.aux,planned
R000372,GMD_0p9144m,0.9144,B6_FV15,FallaLinea2_PuntaEvans_ElBight,B5,3,base,aux/bloque_004.aux,planned
R000373,GMD_0p9144m,0.9144,B6_FV15,FallaLinea1_PuntaEvans_SchoolHouse,B5,3,base,aux/bloque_004.aux,planned
R000374,GMD_0p9144m,0.9144,B6_FV15,FallaLinea1_ElBight_SchoolHouse,B5,3,base,aux/bloque_004.aux,planned
R000375,GMD_0p9144m,0.9144,B6_FV15,FallaElevador1_PuntaEvans,B5,3,base,aux/bloque_004.aux,planned
R000376,GMD_0p9144m,0.9144,B6_FV15,FallaElevador2_PuntaEvans,B5,3,base,aux/bloque_004.aux,planned
R000377,GMD_0p9144m,0.9144,B6_FV15,FallaElevador3_PuntaEvans,B5,3,base,aux/bloque_004.aux,planned
R000378,GMD_0p9144m,0.9144,B6_FV15,FallaTrafo1_ElBight,B5,3,base,aux/bloque_004.aux,planned
R000379,GMD_0p9144m,0.9144,B6_FV15,FallaTrafo2_ElBight,B5,3,base,aux/bloque_004.aux,planned
R000380,GMD_0p9144m,0.9144,B6_FV15,FallaTrafo1_SchoolHouse,B5,3,base,aux/bloque_004.aux,planned
R000381,GMD_0p9144m,0.9144,B6_FV30,FallaLinea1_PuntaEvans_ElBight,B5,3,base,aux/bloque_004.aux,planned
R000382,GMD_0p9144m,0.9144,B6_FV30,FallaLinea2_PuntaEvans_ElBight,B5,3,base,aux/bloque_004.aux,planned
R000383,GMD_0p9144m,0.9144,B6_FV30,FallaLinea1_PuntaEvans_SchoolHouse,B5,3,base,aux/bloque_004.aux,planned
R000384,GMD_0p9144m,0.9144,B6_FV30,FallaLinea1_ElBight_SchoolHouse,B5,3,base,aux/bloque_004.aux,planned
R000385,GMD_0p9144m,0.9144,B6_FV30,FallaElevador1_PuntaEvans,B5,3,base,aux/bloque_004.aux,planned
R000386,GMD_0p9144m,0.9144,B6_FV30,FallaElevador2_PuntaEvans,B5,3,base,aux/bloque_004.aux,planned
R000387,GMD_0p9144m,0.9144,B6_FV30,FallaElevador3_PuntaEvans,B5,3,base,aux/bloque_004.aux,planned
R000388,GMD_0p9144m,0.9144,B6_FV30,FallaTrafo1_ElBight,B5,3,base,aux/bloque_004.aux,planned
R000389,GMD_0p9144m,0.9144,B6_FV30,FallaTrafo2_ElBight,B5,3,base,aux/bloque_004.aux,planned
R000390,GMD_0p9144m,0.9144,B6_FV30,FallaTrafo1_SchoolHouse,B5,3,base,aux/bloque_004.aux,planned
R000391,GMD_0p9144m,0.9144,B6_FV50,FallaLinea1_PuntaEvans_ElBight,B5,3,base,aux/bloque_004.aux,planned
R000392,GMD_0p9144m,0.9144,B6_FV50,FallaLinea2_PuntaEvans_ElBight,B5,3,base,aux/bloque_004.aux,planned
R000393,GMD_0p9144m,0.9144,B6_FV50,FallaLinea1_PuntaEvans_SchoolHouse,B5,3,base,aux/bloque_004.aux,planned
R000394,GMD_0p9144m,0.9144,B6_FV50,FallaLinea1_ElBight_SchoolHouse,B5,3,base,aux/bloque_004.aux,planned
R000395,GMD_0p9144m,0.9144,B6_FV50,FallaElevador1_PuntaEvans,B5,3,base,aux/bloque_004.aux,planned
R000396,GMD_0p9144m,0.9144,B6_FV50,FallaElevador2_PuntaEvans,B5,3,base,aux/bloque_004.aux,planned
R000397,GMD_0p9144m,0.9144,B6_FV50,FallaElevador3_PuntaEvans,B5,3,base,aux/bloque_004.aux,planned
R000398,GMD_0p9144m,0.9144,B6_FV50,FallaTrafo1_ElBight,B5,3,base,aux/bloque_004.aux,planned
R000399,GMD_0p9144m,0.9144,B6_FV50,FallaTrafo2_ElBight,B5,3,base,aux/bloque_004.aux,planned
R000400,GMD_0p9144m,0.9144,B6_FV50,FallaTrafo1_SchoolHouse,B5,3,base,aux/bloque_004.aux,planned
R000401,GMD_0p9144m,0.9144,BASE,FallaLinea1_PuntaEvans_ElBight,B5,4,base,aux/bloque_004.aux,planned
R000402,GMD_0p9144m,0.9144,BASE,FallaLinea2_PuntaEvans_ElBight,B5,4,base,aux/bloque_004.aux,planned
R000403,GMD_0p9144m,0.9144,BASE,FallaLinea1_PuntaEvans_SchoolHouse,B5,4,base,aux/bloque_004.aux,planned
R000404,GMD_0p9144m,0.9144,BASE,FallaLinea1_ElBight_SchoolHouse,B5,4,base,aux/bloque_004.aux,planned
R000405,GMD_0p9144m,0.9144,BASE,FallaElevador1_PuntaEvans,B5,4,base,aux/bloque_004.aux,planned
R000406,GMD_0p9144m,0.9144,BASE,FallaElevador2_PuntaEvans,B5,4,base,aux/bloque_004.aux,planned
R000407,GMD_0p9144m,0.9144,BASE,FallaElevador3_PuntaEvans,B5,4,base,aux/bloque_004.aux,planned
R000408,GMD_0p9144m,0.9144,BASE,FallaTrafo1_ElBight,B5,4,base,aux/bloque_004.aux,planned
R000409,GMD_0p9144m,0.9144,BASE,FallaTrafo2_ElBight,B5,4,base,aux/bloque_004.aux,planned
R000410,GMD_0p9144m,0.9144,BASE,FallaTrafo1_SchoolHouse,B5,4,base,aux/bloque_004.aux,planned
R000411,GMD_0p9144m,0.9144,B1_FV15,FallaLinea1_PuntaEvans_ElBight,B5,4,base,aux/bloque_004.aux,planned
R000412,GMD_0p9144m,0.9144,B1_FV15,FallaLinea2_PuntaEvans_ElBight,B5,4,base,aux/bloque_004.aux,planned
R000413,GMD_0p9144m,0.9144,B1_FV15,FallaLinea1_PuntaEvans_SchoolHouse,B5,4,base,aux/bloque_004.aux,planned
R000414,GMD_0p9144m,0.9144,B1_FV15,FallaLinea1_ElBight_SchoolHouse,B5,4,base,aux/bloque_004.aux,planned
R000415,GMD_0p9144m,0.9144,B1_FV15,FallaElevador1_PuntaEvans,B5,4,base,aux/bloque_004.aux,planned
R000416,GMD_0p9144m,0.9144,B1_FV15,FallaElevador2_PuntaEvans,B5,4,base,aux/bloque_004.aux,planned
R000417,GMD_0p9144m,0.9144,B1_FV15,FallaElevador3_PuntaEvans,B5,4,base,aux/bloque_004.aux,planned
R000418,GMD_0p9144m,0.9144,B1_FV15,FallaTrafo1_ElBight,B5,4,base,aux/bloque_004.aux,planned
R000419,GMD_0p9144m,0.9144,B1_FV15,FallaTrafo2_ElBight,B5,4,base,aux/bloque_004.aux,planned
R000420,GMD_0p9144m,0.9144,B1_FV15,FallaTrafo1_SchoolHouse,B5,4,base,aux/bloque_004.aux,planned
R000421,GMD_0p9144m,0.9144,B1_FV30,FallaLinea1_PuntaEvans_ElBight,B5,4,base,aux/bloque_004.aux,planned
R000422,GMD_0p9144m,0.9144,B1_FV30,FallaLinea2_PuntaEvans_ElBight,B5,4,base,aux/bloque_004.aux,planned
R000423,GMD_0p9144m,0.9144,B1_FV30,FallaLinea1_PuntaEvans_SchoolHouse,B5,4,base,aux/bloque_004.aux,planned
R000424,GMD_0p9144m,0.9144,B1_FV30,FallaLinea1_ElBight_SchoolHouse,B5,4,base,aux/bloque_004.aux,planned
R000425,GMD_0p9144m,0.9144,B1_FV30,FallaElevador1_PuntaEvans,B5,4,base,aux/bloque_004.aux,planned
R000426,GMD_0p9144m,0.9144,B1_FV30,FallaElevador2_PuntaEvans,B5,4,base,aux/bloque_004.aux,planned
R000427,GMD_0p9144m,0.9144,B1_FV30,FallaElevador3_PuntaEvans,B5,4,base,aux/bloque_004.aux,planned
R000428,GMD_0p9144m,0.9144,B1_FV30,FallaTrafo1_ElBight,B5,4,base,aux/bloque_004.aux,planned
R000429,GMD_0p9144m,0.9144,B1_FV30,FallaTrafo2_ElBight,B5,4,base,aux/bloque_004.aux,planned
R000430,GMD_0p9144m,0.9144,B1_FV30,FallaTrafo1_SchoolHouse,B5,4,base,aux/bloque_004.aux,planned
R000431,GMD_0p9144m,0.9144,B1_FV50,FallaLinea1_PuntaEvans_ElBight,B5,4,base,aux/bloque_004.aux,planned
R000432,GMD_0p9144m,0.9144,B1_FV50,FallaLinea2_PuntaEvans_ElBight,B5,4,base,aux/bloque_004.aux,planned
R000433,GMD_0p9144m,0.9144,B1_FV50,FallaLinea1_PuntaEvans_SchoolHouse,B5,4,base,aux/bloque_004.aux,planned
R000434,GMD_0p9144m,0.9144,B1_FV50,FallaLinea1_ElBight_SchoolHouse,B5,4,base,aux/bloque_004.aux,planned
R000435,GMD_0p9144m,0.9144,B1_FV50,FallaElevador1_PuntaEvans,B5,4,base,aux/bloque_004.aux,planned
R000436,GMD_0p9144m,0.9144,B1_FV50,FallaElevador2_PuntaEvans,B5,4,base,aux/bloque_004.aux,planned
R000437,GMD_0p9144m,0.9144,B1_FV50,FallaElevador3_PuntaEvans,B5,4,base,aux/bloque_004.aux,planned
R000438,GMD_0p9144m,0.9144,B1_FV50,FallaTrafo1_ElBight,B5,4,base,aux/bloque_004.aux,planned
R000439,GMD_0p9144m,0.9144,B1_FV50,FallaTrafo2_ElBight,B5,4,base,aux/bloque_004.aux,planned
R000440,GMD_0p9144m,0.9144,B1_FV50,FallaTrafo1_SchoolHouse,B5,4,base,aux/bloque_004.aux,planned
R000441,GMD_0p9144m,0.9144,B5_FV15,FallaLinea1_PuntaEvans_ElBight,B5,4,base,aux/bloque_005.aux,planned
R000442,GMD_0p9144m,0.9144,B5_FV15,FallaLinea2_PuntaEvans_ElBight,B5,4,base,aux/bloque_005.aux,planned
R000443,GMD_0p9144m,0.9144,B5_FV15,FallaLinea1_PuntaEvans_SchoolHouse,B5,4,base,aux/bloque_005.aux,planned
R000444,GMD_0p9144m,0.9144,B5_FV15,FallaLinea1_ElBight_SchoolHouse,B5,4,base,aux/bloque_005.aux,planned
R000445,GMD_0p9144m,0.9144,B5_FV15,FallaElevador1_PuntaEvans,B5,4,base,aux/bloque_005.aux,planned
R000446,GMD_0p9144m,0.9144,B5_FV15,FallaElevador2_PuntaEvans,B5,4,base,aux/bloque_005.aux,planned
R000447,GMD_0p9144m,0.9144,B5_FV15,FallaElevador3_PuntaEvans,B5,4,base,aux/bloque_005.aux,planned
R000448,GMD_0p9144m,0.9144,B5_FV15,FallaTrafo1_ElBight,B5,4,base,aux/bloque_005.aux,planned
R000449,GMD_0p9144m,0.9144,B5_FV15,FallaTrafo2_ElBight,B5,4,base,aux/bloque_005.aux,planned
R000450,GMD_0p9144m,0.9144,B5_FV15,FallaTrafo1_SchoolHouse,B5,4,base,aux/bloque_005.aux,planned
R000451,GMD_0p9144m,0.9144,B5_FV30,FallaLinea1_PuntaEvans_ElBight,B5,4,base,aux/bloque_005.aux,planned
R000452,GMD_0p9144m,0.9144,B5_FV30,FallaLinea2_PuntaEvans_ElBight,B5,4,base,aux/bloque_005.aux,planned
R000453,GMD_0p9144m,0.9144,B5_FV30,FallaLinea1_PuntaEvans_SchoolHouse,B5,4,base,aux/bloque_005.aux,planned
R000454,GMD_0p9144m,0.9144,B5_FV30,FallaLinea1_ElBight_SchoolHouse,B5,4,base,aux/bloque_005.aux,planned
R000455,GMD_0p9144m,0.9144,B5_FV30,FallaElevador1_PuntaEvans,B5,4,base,aux/bloque_005.aux,planned
R000456,GMD_0p9144m,0.9144,B5_FV30,FallaElevador2_PuntaEvans,B5,4,base,aux/bloque_005.aux,planned
R000457,GMD_0p9144m,0.9144,B5_FV30,FallaElevador3_PuntaEvans,B5,4,base,aux/bloque_005.aux,planned
R000458,GMD_0p9144m,0.9144,B5_FV30,FallaTrafo1_ElBight,B5,4,base,aux/bloque_005.aux,planned
R000459,GMD_0p9144m,0.9144,B5_FV30,FallaTrafo2_ElBight,B5,4,base,aux/bloque_005.aux,planned
R000460,GMD_0p9144m,0.9144,B5_FV30,FallaTrafo1_SchoolHouse,B5,4,base,aux/bloque_005.aux,planned
R000461,GMD_0p9144m,0.9144,B5_FV50,FallaLinea1_PuntaEvans_ElBight,B5,4,base,aux/bloque_005.aux,planned
R000462,GMD_0p9144m,0.9144,B5_FV50,FallaLinea2_PuntaEvans_ElBight,B5,4,base,aux/bloque_005.aux,planned
R000463,GMD_0p9144m,0.9144,B5_FV50,FallaLinea1_PuntaEvans_SchoolHouse,B5,4,base,aux/bloque_005.aux,planned
R000464,GMD_0p9144m,0.9144,B5_FV50,FallaLinea1_ElBight_SchoolHouse,B5,4,base,aux/bloque_005.aux,planned
R000465,GMD_0p9144m,0.9144,B5_FV50,FallaElevador1_PuntaEvans,B5,4,base,aux/bloque_005.aux,planned
R000466,GMD_0p9144m,0.9144,B5_FV50,FallaElevador2_PuntaEvans,B5,4,base,aux/bloque_005.aux,planned
R000467,GMD_0p9144m,0.9144,B5_FV50,FallaElevador3_PuntaEvans,B5,4,base,aux/bloque_005.aux,planned
R000468,GMD_0p9144m,0.9144,B5_FV50,FallaTrafo1_ElBight,B5,4,base,aux/bloque_005.aux,planned
R000469,GMD_0p9144m,0.9144,B5_FV50,FallaTrafo2_ElBight,B5,4,base,aux/bloque_005.aux,planned
R000470,GMD_0p9144m,0.9144,B5_FV50,FallaTrafo1_SchoolHouse,B5,4,base,aux/bloque_005.aux,planned
R000471,GMD_0p9144m,0.9144,B6_FV15,FallaLinea1_PuntaEvans_ElBight,B5,4,base,aux/bloque_005.aux,planned
R000472,GMD_0p9144m,0.9144,B6_FV15,FallaLinea2_PuntaEvans_ElBight,B5,4,base,aux/bloque_005.aux,planned
R000473,GMD_0p9144m,0.9144,B6_FV15,FallaLinea1_PuntaEvans_SchoolHouse,B5,4,base,aux/bloque_005.aux,planned
R000474,GMD_0p9144m,0.9144,B6_FV15,FallaLinea1_ElBight_SchoolHouse,B5,4,base,aux/bloque_005.aux,planned
R000475,GMD_0p9144m,0.9144,B6_FV15,FallaElevador1_PuntaEvans,B5,4,base,aux/bloque_005.aux,planned
R000476,GMD_0p9144m,0.9144,B6_FV15,FallaElevador2_PuntaEvans,B5,4,base,aux/bloque_005.aux,planned
R000477,GMD_0p9144m,0.9144,B6_FV15,FallaElevador3_PuntaEvans,B5,4,base,aux/bloque_005.aux,planned
R000478,GMD_0p9144m,0.9144,B6_FV15,FallaTrafo1_ElBight,B5,4,base,aux/bloque_005.aux,planned
R000479,GMD_0p9144m,0.9144,B6_FV15,FallaTrafo2_ElBight,B5,4,base,aux/bloque_005.aux,planned
R000480,GMD_0p9144m,0.9144,B6_FV15,FallaTrafo1_SchoolHouse,B5,4,base,aux/bloque_005.aux,planned
R000481,GMD_0p9144m,0.9144,B6_FV30,FallaLinea1_PuntaEvans_ElBight,B5,4,base,aux/bloque_005.aux,planned
R000482,GMD_0p9144m,0.9144,B6_FV30,FallaLinea2_PuntaEvans_ElBight,B5,4,base,aux/bloque_005.aux,planned
R000483,GMD_0p9144m,0.9144,B6_FV30,FallaLinea1_PuntaEvans_SchoolHouse,B5,4,base,aux/bloque_005.aux,planned
R000484,GMD_0p9144m,0.9144,B6_FV30,FallaLinea1_ElBight_SchoolHouse,B5,4,base,aux/bloque_005.aux,planned
R000485,GMD_0p9144m,0.9144,B6_FV30,FallaElevador1_PuntaEvans,B5,4,base,aux/bloque_005.aux,planned
R000486,GMD_0p9144m,0.9144,B6_FV30,FallaElevador2_PuntaEvans,B5,4,base,aux/bloque_005.aux,planned
R000487,GMD_0p9144m,0.9144,B6_FV30,FallaElevador3_PuntaEvans,B5,4,base,aux/bloque_005.aux,planned
R000488,GMD_0p9144m,0.9144,B6_FV30,FallaTrafo1_ElBight,B5,4,base,aux/bloque_005.aux,planned
R000489,GMD_0p9144m,0.9144,B6_FV30,FallaTrafo2_ElBight,B5,4,base,aux/bloque_005.aux,planned
R000490,GMD_0p9144m,0.9144,B6_FV30,FallaTrafo1_SchoolHouse,B5,4,base,aux/bloque_005.aux,planned
R000491,GMD_0p9144m,0.9144,B6_FV50,FallaLinea1_PuntaEvans_ElBight,B5,4,base,aux/bloque_005.aux,planned
R000492,GMD_0p9144m,0.9144,B6_FV50,FallaLinea2_PuntaEvans_ElBight,B5,4,base,aux/bloque_005.aux,planned
R000493,GMD_0p9144m,0.9144,B6_FV50,FallaLinea1_PuntaEvans_SchoolHouse,B5,4,base,aux/bloque_005.aux,planned
R000494,GMD_0p9144m,0.9144,B6_FV50,FallaLinea1_ElBight_SchoolHouse,B5,4,base,aux/bloque_005.aux,planned
R000495,GMD_0p9144m,0.9144,B6_FV50,FallaElevador1_PuntaEvans,B5,4,base,aux/bloque_005.aux,planned
R000496,GMD_0p9144m,0.9144,B6_FV50,FallaElevador2_PuntaEvans,B5,4,base,aux/bloque_005.aux,planned
R000497,GMD_0p9144m,0.9144,B6_FV50,FallaElevador3_PuntaEvans,B5,4,base,aux/bloque_005.aux,planned
R000498,GMD_0p9144m,0.9144,B6_FV50,FallaTrafo1_ElBight,B5,4,base,aux/bloque_005.aux,planned
R000499,GMD_0p9144m,0.9144,B6_FV50,FallaTrafo2_ElBight,B5,4,base,aux/bloque_005.aux,planned
R000500,GMD_0p9144m,0.9144,B6_FV50,FallaTrafo1_SchoolHouse,B5,4,base,aux/bloque_005.aux,planned
R000501,GMD_0p9144m,0.9144,BASE,FallaLinea1_PuntaEvans_ElBight,B5,5,base,aux/bloque_005.aux,planned
R000502,GMD_0p9144m,0.9144,BASE,FallaLinea2_PuntaEvans_ElBight,B5,5,base,aux/bloque_005.aux,planned
R000503,GMD_0p9144m,0.9144,BASE,FallaLinea1_PuntaEvans_SchoolHouse,B5,5,base,aux/bloque_005.aux,planned
R000504,GMD_0p9144m,0.9144,BASE,FallaLinea1_ElBight_SchoolHouse,B5,5,base,aux/bloque_005.aux,planned
R000505,GMD_0p9144m,0.9144,BASE,FallaElevador1_PuntaEvans,B5,5,base,aux/bloque_005.aux,planned
R000506,GMD_0p9144m,0.9144,BASE,FallaElevador2_PuntaEvans,B5,5,base,aux/bloque_005.aux,planned
R000507,GMD_0p9144m,0.9144,BASE,FallaElevador3_PuntaEvans,B5,5,base,aux/bloque_005.aux,planned
R000508,GMD_0p9144m,0.9144,BASE,FallaTrafo1_ElBight,B5,5,base,aux/bloque_005.aux,planned
R000509,GMD_0p9144m,0.9144,BASE,FallaTrafo2_ElBight,B5,5,base,aux/bloque_005.aux,planned
R000510,GMD_0p9144m,0.9144,BASE,FallaTrafo1_SchoolHouse,B5,5,base,aux/bloque_005.aux,planned
R000511,GMD_0p9144m,0.9144,B1_FV15,FallaLinea1_PuntaEvans_ElBight,B5,5,base,aux/bloque_005.aux,planned
R000512,GMD_0p9144m,0.9144,B1_FV15,FallaLinea2_PuntaEvans_ElBight,B5,5,base,aux/bloque_005.aux,planned
R000513,GMD_0p9144m,0.9144,B1_FV15,FallaLinea1_PuntaEvans_SchoolHouse,B5,5,base,aux/bloque_005.aux,planned
R000514,GMD_0p9144m,0.9144,B1_FV15,FallaLinea1_ElBight_SchoolHouse,B5,5,base,aux/bloque_005.aux,planned
R000515,GMD_0p9144m,0.9144,B1_FV15,FallaElevador1_PuntaEvans,B5,5,base,aux/bloque_005.aux,planned
R000516,GMD_0p9144m,0.9144,B1_FV15,FallaElevador2_PuntaEvans,B5,5,base,aux/bloque_005.aux,planned
R000517,GMD_0p9144m,0.9144,B1_FV15,FallaElevador3_PuntaEvans,B5,5,base,aux/bloque_005.aux,planned
R000518,GMD_0p9144m,0.9144,B1_FV15,FallaTrafo1_ElBight,B5,5,base,aux/bloque_005.aux,planned
R000519,GMD_0p9144m,0.9144,B1_FV15,FallaTrafo2_ElBight,B5,5,base,aux/bloque_005.aux,planned
R000520,GMD_0p9144m,0.9144,B1_FV15,FallaTrafo1_SchoolHouse,B5,5,base,aux/bloque_005.aux,planned
R000521,GMD_0p9144m,0.9144,B1_FV30,FallaLinea1_PuntaEvans_ElBight,B5,5,base,aux/bloque_005.aux,planned
R000522,GMD_0p9144m,0.9144,B1_FV30,FallaLinea2_PuntaEvans_ElBight,B5,5,base,aux/bloque_005.aux,planned
R000523,GMD_0p9144m,0.9144,B1_FV30,FallaLinea1_PuntaEvans_SchoolHouse,B5,5,base,aux/bloque_005.aux,planned
R000524,GMD_0p9144m,0.9144,B1_FV30,FallaLinea1_ElBight_SchoolHouse,B5,5,base,aux/bloque_005.aux,planned
R000525,GMD_0p9144m,0.9144,B1_FV30,FallaElevador1_PuntaEvans,B5,5,base,aux/bloque_005.aux,planned
R000526,GMD_0p9144m,0.9144,B1_FV30,FallaElevador2_PuntaEvans,B5,5,base,aux/bloque_005.aux,planned
R000527,GMD_0p9144m,0.9144,B1_FV30,FallaElevador3_PuntaEvans,B5,5,base,aux/bloque_005.aux,planned
R000528,GMD_0p9144m,0.9144,B1_FV30,FallaTrafo1_ElBight,B5,5,base,aux/bloque_005.aux,planned
R000529,GMD_0p9144m,0.9144,B1_FV30,FallaTrafo2_ElBight,B5,5,base,aux/bloque_005.aux,planned
R000530,GMD_0p9144m,0.9144,B1_FV30,FallaTrafo1_SchoolHouse,B5,5,base,aux/bloque_005.aux,planned
R000531,GMD_0p9144m,0.9144,B1_FV50,FallaLinea1_PuntaEvans_ElBight,B5,5,base,aux/bloque_005.aux,planned
R000532,GMD_0p9144m,0.9144,B1_FV50,FallaLinea2_PuntaEvans_ElBight,B5,5,base,aux/bloque_005.aux,planned
R000533,GMD_0p9144m,0.9144,B1_FV50,FallaLinea1_PuntaEvans_SchoolHouse,B5,5,base,aux/bloque_005.aux,planned
R000534,GMD_0p9144m,0.9144,B1_FV50,FallaLinea1_ElBight_SchoolHouse,B5,5,base,aux/bloque_005.aux,planned
R000535,GMD_0p9144m,0.9144,B1_FV50,FallaElevador1_PuntaEvans,B5,5,base,aux/bloque_005.aux,planned
R000536,GMD_0p9144m,0.9144,B1_FV50,FallaElevador2_PuntaEvans,B5,5,base,aux/bloque_005.aux,planned
R000537,GMD_0p9144m,0.9144,B1_FV50,FallaElevador3_PuntaEvans,B5,5,base,aux/bloque_005.aux,planned
R000538,GMD_0p9144m,0.9144,B1_FV50,FallaTrafo1_ElBight,B5,5,base,aux/bloque_005.aux,planned
R000539,GMD_0p9144m,0.9144,B1_FV50,FallaTrafo2_ElBight,B5,5,base,aux/bloque_005.aux,planned
R000540,GMD_0p9144m,0.9144,B1_FV50,FallaTrafo1_SchoolHouse,B5,5,base,aux/bloque_005.aux,planned
R000541,GMD_0p9144m,0.9144,B5_FV15,FallaLinea1_PuntaEvans_ElBight,B5,5,base,aux/bloque_005.aux,planned
R000542,GMD_0p9144m,0.9144,B5_FV15,FallaLinea2_PuntaEvans_ElBight,B5,5,base,aux/bloque_005.aux,planned
R000543,GMD_0p9144m,0.9144,B5_FV15,FallaLinea1_PuntaEvans_SchoolHouse,B5,5,base,aux/bloque_005.aux,planned
R000544,GMD_0p9144m,0.9144,B5_FV15,FallaLinea1_ElBight_SchoolHouse,B5,5,base,aux/bloque_005.aux,planned
R000545,GMD_0p9144m,0.9144,B5_FV15,FallaElevador1_PuntaEvans,B5,5,base,aux/bloque_005.aux,planned
R000546,GMD_0p9144m,0.9144,B5_FV15,FallaElevador2_PuntaEvans,B5,5,base,aux/bloque_005.aux,planned
R000547,GMD_0p9144m,0.9144,B5_FV15,FallaElevador3_PuntaEvans,B5,5,base,aux/bloque_005.aux,planned
R000548,GMD_0p9144m,0.9144,B5_FV15,FallaTrafo1_ElBight,B5,5,base,aux/bloque_005.aux,planned
R000549,GMD_0p9144m,0.9144,B5_FV15,FallaTrafo2_ElBight,B5,5,base,aux/bloque_005.aux,planned
R000550,GMD_0p9144m,0.9144,B5_FV15,FallaTrafo1_SchoolHouse,B5,5,base,aux/bloque_005.aux,planned
R000551,GMD_0p9144m,0.9144,B5_FV30,FallaLinea1_PuntaEvans_ElBight,B5,5,base,aux/bloque_006.aux,planned
R000552,GMD_0p9144m,0.9144,B5_FV30,FallaLinea2_PuntaEvans_ElBight,B5,5,base,aux/bloque_006.aux,planned
R000553,GMD_0p9144m,0.9144,B5_FV30,FallaLinea1_PuntaEvans_SchoolHouse,B5,5,base,aux/bloque_006.aux,planned
R000554,GMD_0p9144m,0.9144,B5_FV30,FallaLinea1_ElBight_SchoolHouse,B5,5,base,aux/bloque_006.aux,planned
R000555,GMD_0p9144m,0.9144,B5_FV30,FallaElevador1_PuntaEvans,B5,5,base,aux/bloque_006.aux,planned
R000556,GMD_0p9144m,0.9144,B5_FV30,FallaElevador2_PuntaEvans,B5,5,base,aux/bloque_006.aux,planned
R000557,GMD_0p9144m,0.9144,B5_FV30,FallaElevador3_PuntaEvans,B5,5,base,aux/bloque_006.aux,planned
R000558,GMD_0p9144m,0.9144,B5_FV30,FallaTrafo1_ElBight,B5,5,base,aux/bloque_006.aux,planned
R000559,GMD_0p9144m,0.9144,B5_FV30,FallaTrafo2_ElBight,B5,5,base,aux/bloque_006.aux,planned
R000560,GMD_0p9144m,0.9144,B5_FV30,FallaTrafo1_SchoolHouse,B5,5,base,aux/bloque_006.aux,planned
R000561,GMD_0p9144m,0.9144,B5_FV50,FallaLinea1_PuntaEvans_ElBight,B5,5,base,aux/bloque_006.aux,planned
R000562,GMD_0p9144m,0.9144,B5_FV50,FallaLinea2_PuntaEvans_ElBight,B5,5,base,aux/bloque_006.aux,planned
R000563,GMD_0p9144m,0.9144,B5_FV50,FallaLinea1_PuntaEvans_SchoolHouse,B5,5,base,aux/bloque_006.aux,planned
R000564,GMD_0p9144m,0.9144,B5_FV50,FallaLinea1_ElBight_SchoolHouse,B5,5,base,aux/bloque_006.aux,planned
R000565,GMD_0p9144m,0.9144,B5_FV50,FallaElevador1_PuntaEvans,B5,5,base,aux/bloque_006.aux,planned
R000566,GMD_0p9144m,0.9144,B5_FV50,FallaElevador2_PuntaEvans,B5,5,base,aux/bloque_006.aux,planned
R000567,GMD_0p9144m,0.9144,B5_FV50,FallaElevador3_PuntaEvans,B5,5,base,aux/bloque_006.aux,planned
R000568,GMD_0p9144m,0.9144,B5_FV50,FallaTrafo1_ElBight,B5,5,base,aux/bloque_006.aux,planned
R000569,GMD_0p9144m,0.9144,B5_FV50,FallaTrafo2_ElBight,B5,5,base,aux/bloque_006.aux,planned
R000570,GMD_0p9144m,0.9144,B5_FV50,FallaTrafo1_SchoolHouse,B5,5,base,aux/bloque_006.aux,planned
R000571,GMD_0p9144m,0.9144,B6_FV15,FallaLinea1_PuntaEvans_ElBight,B5,5,base,aux/bloque_006.aux,planned
R000572,GMD_0p9144m,0.9144,B6_FV15,FallaLinea2_PuntaEvans_ElBight,B5,5,base,aux/bloque_006.aux,planned
R000573,GMD_0p9144m,0.9144,B6_FV15,FallaLinea1_PuntaEvans_SchoolHouse,B5,5,base,aux/bloque_006.aux,planned
R000574,GMD_0p9144m,0.9144,B6_FV15,FallaLinea1_ElBight_SchoolHouse,B5,5,base,aux/bloque_006.aux,planned
R000575,GMD_0p9144m,0.9144,B6_FV15,FallaElevador1_PuntaEvans,B5,5,base,aux/bloque_006.aux,planned
R000576,GMD_0p9144m,0.9144,B6_FV15,FallaElevador2_PuntaEvans,B5,5,base,aux/bloque_006.aux,planned
R000577,GMD_0p9144m,0.9144,B6_FV15,FallaElevador3_PuntaEvans,B5,5,base,aux/bloque_006.aux,planned
R000578,GMD_0p9144m,0.9144,B6_FV15,FallaTrafo1_ElBight,B5,5,base,aux/bloque_006.aux,planned
R000579,GMD_0p9144m,0.9144,B6_FV15,FallaTrafo2_ElBight,B5,5,base,aux/bloque_006.aux,planned
R000580,GMD_0p9144m,0.9144,B6_FV15,FallaTrafo1_SchoolHouse,B5,5,base,aux/bloque_006.aux,planned
R000581,GMD_0p9144m,0.9144,B6_FV30,FallaLinea1_PuntaEvans_ElBight,B5,5,base,aux/bloque_006.aux,planned
R000582,GMD_0p9144m,0.9144,B6_FV30,FallaLinea2_PuntaEvans_ElBight,B5,5,base,aux/bloque_006.aux,planned
R000583,GMD_0p9144m,0.9144,B6_FV30,FallaLinea1_PuntaEvans_SchoolHouse,B5,5,base,aux/bloque_006.aux,planned
R000584,GMD_0p9144m,0.9144,B6_FV30,FallaLinea1_ElBight_SchoolHouse,B5,5,base,aux/bloque_006.aux,planned
R000585,GMD_0p9144m,0.9144,B6_FV30,FallaElevador1_PuntaEvans,B5,5,base,aux/bloque_006.aux,planned
R000586,GMD_0p9144m,0.9144,B6_FV30,FallaElevador2_PuntaEvans,B5,5,base,aux/bloque_006.aux,planned
R000587,GMD_0p9144m,0.9144,B6_FV30,FallaElevador3_PuntaEvans,B5,5,base,aux/bloque_006.aux,planned
R000588,GMD_0p9144m,0.9144,B6_FV30,FallaTrafo1_ElBight,B5,5,base,aux/bloque_006.aux,planned
R000589,GMD_0p9144m,0.9144,B6_FV30,FallaTrafo2_ElBight,B5,5,base,aux/bloque_006.aux,planned
R000590,GMD_0p9144m,0.9144,B6_FV30,FallaTrafo1_SchoolHouse,B5,5,base,aux/bloque_006.aux,planned
R000591,GMD_0p9144m,0.9144,B6_FV50,FallaLinea1_PuntaEvans_ElBight,B5,5,base,aux/bloque_006.aux,planned
R000592,GMD_0p9144m,0.9144,B6_FV50,FallaLinea2_PuntaEvans_ElBight,B5,5,base,aux/bloque_006.aux,planned
R000593,GMD_0p9144m,0.9144,B6_FV50,FallaLinea1_PuntaEvans_SchoolHouse,B5,5,base,aux/bloque_006.aux,planned
R000594,GMD_0p9144m,0.9144,B6_FV50,FallaLinea1_ElBight_SchoolHouse,B5,5,base,aux/bloque_006.aux,planned
R000595,GMD_0p9144m,0.9144,B6_FV50,FallaElevador1_PuntaEvans,B5,5,base,aux/bloque_006.aux,planned
R000596,GMD_0p9144m,0.9144,B6_FV50,FallaElevador2_PuntaEvans,B5,5,base,aux/bloque_006.aux,planned
R000597,GMD_0p9144m,0.9144,B6_FV50,FallaElevador3_PuntaEvans,B5,5,base,aux/bloque_006.aux,planned
R000598,GMD_0p9144m,0.9144,B6_FV50,FallaTrafo1_ElBight,B5,5,base,aux/bloque_006.aux,planned
R000599,GMD_0p9144m,0.9144,B6_FV50,FallaTrafo2_ElBight,B5,5,base,aux/bloque_006.aux,planned
R000600,GMD_0p9144m,0.9144,B6_FV50,FallaTrafo1_SchoolHouse,B5,5,base,aux/bloque_006.aux,planned
R000601,GMD_0p9144m,0.9144,BASE,FallaLinea1_PuntaEvans_ElBight,B5,6,base,aux/bloque_006.aux,planned
R000602,GMD_0p9144m,0.9144,BASE,FallaLinea2_PuntaEvans_ElBight,B5,6,base,aux/bloque_006.aux,planned
R000603,GMD_0p9144m,0.9144,BASE,FallaLinea1_PuntaEvans_SchoolHouse,B5,6,base,aux/bloque_006.aux,planned
R000604,GMD_0p9144m,0.9144,BASE,FallaLinea1_ElBight_SchoolHouse,B5,6,base,aux/bloque_006.aux,planned
R000605,GMD_0p9144m,0.9144,BASE,FallaElevador1_PuntaEvans,B5,6,base,aux/bloque_006.aux,planned
R000606,GMD_0p9144m,0.9144,BASE,FallaElevador2_PuntaEvans,B5,6,base,aux/bloque_006.aux,planned
R000607,GMD_0p9144m,0.9144,BASE,FallaElevador3_PuntaEvans,B5,6,base,aux/bloque_006.aux,planned
R000608,GMD_0p9144m,0.9144,BASE,FallaTrafo1_ElBight,B5,6,base,aux/bloque_006.aux,planned
R000609,GMD_0p9144m,0.9144,BASE,FallaTrafo2_ElBight,B5,6,base,aux/bloque_006.aux,planned
R000610,GMD_0p9144m,0.9144,BASE,FallaTrafo1_SchoolHouse,B5,6,base,aux/bloque_006.aux,planned
R000611,GMD_0p9144m,0.9144,B1_FV15,FallaLinea1_PuntaEvans_ElBight,B5,6,base,aux/bloque_006.aux,planned
R000612,GMD_0p9144m,0.9144,B1_FV15,FallaLinea2_PuntaEvans_ElBight,B5,6,base,aux/bloque_006.aux,planned
R000613,GMD_0p9144m,0.9144,B1_FV15,FallaLinea1_PuntaEvans_SchoolHouse,B5,6,base,aux/bloque_006.aux,planned
R000614,GMD_0p9144m,0.9144,B1_FV15,FallaLinea1_ElBight_SchoolHouse,B5,6,base,aux/bloque_006.aux,planned
R000615,GMD_0p9144m,0.9144,B1_FV15,FallaElevador1_PuntaEvans,B5,6,base,aux/bloque_006.aux,planned
R000616,GMD_0p9144m,0.9144,B1_FV15,FallaElevador2_PuntaEvans,B5,6,base,aux/bloque_006.aux,planned
R000617,GMD_0p9144m,0.9144,B1_FV15,FallaElevador3_PuntaEvans,B5,6,base,aux/bloque_006.aux,planned
R000618,GMD_0p9144m,0.9144,B1_FV15,FallaTrafo1_ElBight,B5,6,base,aux/bloque_006.aux,planned
R000619,GMD_0p9144m,0.9144,B1_FV15,FallaTrafo2_ElBight,B5,6,base,aux/bloque_006.aux,planned
R000620,GMD_0p9144m,0.9144,B1_FV15,FallaTrafo1_SchoolHouse,B5,6,base,aux/bloque_006.aux,planned
R000621,GMD_0p9144m,0.9144,B1_FV30,FallaLinea1_PuntaEvans_ElBight,B5,6,base,aux/bloque_006.aux,planned
R000622,GMD_0p9144m,0.9144,B1_FV30,FallaLinea2_PuntaEvans_ElBight,B5,6,base,aux/bloque_006.aux,planned
R000623,GMD_0p9144m,0.9144,B1_FV30,FallaLinea1_PuntaEvans_SchoolHouse,B5,6,base,aux/bloque_006.aux,planned
R000624,GMD_0p9144m,0.9144,B1_FV30,FallaLinea1_ElBight_SchoolHouse,B5,6,base,aux/bloque_006.aux,planned
R000625,GMD_0p9144m,0.9144,B1_FV30,FallaElevador1_PuntaEvans,B5,6,base,aux/bloque_006.aux,planned
R000626,GMD_0p9144m,0.9144,B1_FV30,FallaElevador2_PuntaEvans,B5,6,base,aux/bloque_006.aux,planned
R000627,GMD_0p9144m,0.9144,B1_FV30,FallaElevador3_PuntaEvans,B5,6,base,aux/bloque_006.aux,planned
R000628,GMD_0p9144m,0.9144,B1_FV30,FallaTrafo1_ElBight,B5,6,base,aux/bloque_006.aux,planned
R000629,GMD_0p9144m,0.9144,B1_FV30,FallaTrafo2_ElBight,B5,6,base,aux/bloque_006.aux,planned
R000630,GMD_0p9144m,0.9144,B1_FV30,FallaTrafo1_SchoolHouse,B5,6,base,aux/bloque_006.aux,planned
R000631,GMD_0p9144m,0.9144,B1_FV50,FallaLinea1_PuntaEvans_ElBight,B5,6,base,aux/bloque_006.aux,planned
R000632,GMD_0p9144m,0.9144,B1_FV50,FallaLinea2_PuntaEvans_ElBight,B5,6,base,aux/bloque_006.aux,planned
R000633,GMD_0p9144m,0.9144,B1_FV50,FallaLinea1_PuntaEvans_SchoolHouse,B5,6,base,aux/bloque_006.aux,planned
R000634,GMD_0p9144m,0.9144,B1_FV50,FallaLinea1_ElBight_SchoolHouse,B5,6,base,aux/bloque_006.aux,planned
R000635,GMD_0p9144m,0.9144,B1_FV50,FallaElevador1_PuntaEvans,B5,6,base,aux/bloque_006.aux,planned
R000636,GMD_0p9144m,0.9144,B1_FV50,FallaElevador2_PuntaEvans,B5,6,base,aux/bloque_006.aux,planned
R000637,GMD_0p9144m,0.9144,B1_FV50,FallaElevador3_PuntaEvans,B5,6,base,aux/bloque_006.aux,planned
R000638,GMD_0p9144m,0.9144,B1_FV50,FallaTrafo1_ElBight,B5,6,base,aux/bloque_006.aux,planned
R000639,GMD_0p9144m,0.9144,B1_FV50,FallaTrafo2_ElBight,B5,6,base,aux/bloque_006.aux,planned
R000640,GMD_0p9144m,0.9144,B1_FV50,FallaTrafo1_SchoolHouse,B5,6,base,aux/bloque_006.aux,planned
R000641,GMD_0p9144m,0.9144,B5_FV15,FallaLinea1_PuntaEvans_ElBight,B5,6,base,aux/bloque_006.aux,planned
R000642,GMD_0p9144m,0.9144,B5_FV15,FallaLinea2_PuntaEvans_ElBight,B5,6,base,aux/bloque_006.aux,planned
R000643,GMD_0p9144m,0.9144,B5_FV15,FallaLinea1_PuntaEvans_SchoolHouse,B5,6,base,aux/bloque_006.aux,planned
R000644,GMD_0p9144m,0.9144,B5_FV15,FallaLinea1_ElBight_SchoolHouse,B5,6,base,aux/bloque_006.aux,planned
R000645,GMD_0p9144m,0.9144,B5_FV15,FallaElevador1_PuntaEvans,B5,6,base,aux/bloque_006.aux,planned
R000646,GMD_0p9144m,0.9144,B5_FV15,FallaElevador2_PuntaEvans,B5,6,base,aux/bloque_006.aux,planned
R000647,GMD_0p9144m,0.9144,B5_FV15,FallaElevador3_PuntaEvans,B5,6,base,aux/bloque_006.aux,planned
R000648,GMD_0p9144m,0.9144,B5_FV15,FallaTrafo1_ElBight,B5,6,base,aux/bloque_006.aux,planned
R000649,GMD_0p9144m,0.9144,B5_FV15,FallaTrafo2_ElBight,B5,6,base,aux/bloque_006.aux,planned
R000650,GMD_0p9144m,0.9144,B5_FV15,FallaTrafo1_SchoolHouse,B5,6,base,aux/bloque_006.aux,planned
R000651,GMD_0p9144m,0.9144,B5_FV30,FallaLinea1_PuntaEvans_ElBight,B5,6,base,aux/bloque_006.aux,planned
R000652,GMD_0p9144m,0.9144,B5_FV30,FallaLinea2_PuntaEvans_ElBight,B5,6,base,aux/bloque_006.aux,planned
R000653,GMD_0p9144m,0.9144,B5_FV30,FallaLinea1_PuntaEvans_SchoolHouse,B5,6,base,aux/bloque_006.aux,planned
R000654,GMD_0p9144m,0.9144,B5_FV30,FallaLinea1_ElBight_SchoolHouse,B5,6,base,aux/bloque_006.aux,planned
R000655,GMD_0p9144m,0.9144,B5_FV30,FallaElevador1_PuntaEvans,B5,6,base,aux/bloque_006.aux,planned
R000656,GMD_0p9144m,0.9144,B5_FV30,FallaElevador2_PuntaEvans,B5,6,base,aux/bloque_006.aux,planned
R000657,GMD_0p9144m,0.9144,B5_FV30,FallaElevador3_PuntaEvans,B5,6,base,aux/bloque_006.aux,planned
R000658,GMD_0p9144m,0.9144,B5_FV30,FallaTrafo1_ElBight,B5,6,base,aux/bloque_006.aux,planned
R000659,GMD_0p9144m,0.9144,B5_FV30,FallaTrafo2_ElBight,B5,6,base,aux/bloque_006.aux,planned
R000660,GMD_0p9144m,0.9144,B5_FV30,FallaTrafo1_SchoolHouse,B5,6,base,aux/bloque_006.aux,planned
R000661,GMD_0p9144m,0.9144,B5_FV50,FallaLinea1_PuntaEvans_ElBight,B5,6,base,aux/bloque_007.aux,planned
R000662,GMD_0p9144m,0.9144,B5_FV50,FallaLinea2_PuntaEvans_ElBight,B5,6,base,aux/bloque_007.aux,planned
R000663,GMD_0p9144m,0.9144,B5_FV50,FallaLinea1_PuntaEvans_SchoolHouse,B5,6,base,aux/bloque_007.aux,planned
R000664,GMD_0p9144m,0.9144,B5_FV50,FallaLinea1_ElBight_SchoolHouse,B5,6,base,aux/bloque_007.aux,planned
R000665,GMD_0p9144m,0.9144,B5_FV50,FallaElevador1_PuntaEvans,B5,6,base,aux/bloque_007.aux,planned
R000666,GMD_0p9144m,0.9144,B5_FV50,FallaElevador2_PuntaEvans,B5,6,base,aux/bloque_007.aux,planned
R000667,GMD_0p9144m,0.9144,B5_FV50,FallaElevador3_PuntaEvans,B5,6,base,aux/bloque_007.aux,planned
R000668,GMD_0p9144m,0.9144,B5_FV50,FallaTrafo1_ElBight,B5,6,base,aux/bloque_007.aux,planned
R000669,GMD_0p9144m,0.9144,B5_FV50,FallaTrafo2_ElBight,B5,6,base,aux/bloque_007.aux,planned
R000670,GMD_0p9144m,0.9144,B5_FV50,FallaTrafo1_SchoolHouse,B5,6,base,aux/bloque_007.aux,planned
R000671,GMD_0p9144m,0.9144,B6_FV15,FallaLinea1_PuntaEvans_ElBight,B5,6,base,aux/bloque_007.aux,planned
R000672,GMD_0p9144m,0.9144,B6_FV15,FallaLinea2_PuntaEvans_ElBight,B5,6,base,aux/bloque_007.aux,planned
R000673,GMD_0p9144m,0.9144,B6_FV15,FallaLinea1_PuntaEvans_SchoolHouse,B5,6,base,aux/bloque_007.aux,planned
R000674,GMD_0p9144m,0.9144,B6_FV15,FallaLinea1_ElBight_SchoolHouse,B5,6,base,aux/bloque_007.aux,planned
R000675,GMD_0p9144m,0.9144,B6_FV15,FallaElevador1_PuntaEvans,B5,6,base,aux/bloque_007.aux,planned
R000676,GMD_0p9144m,0.9144,B6_FV15,FallaElevador2_PuntaEvans,B5,6,base,aux/bloque_007.aux,planned
R000677,GMD_0p9144m,0.9144,B6_FV15,FallaElevador3_PuntaEvans,B5,6,base,aux/bloque_007.aux,planned
R000678,GMD_0p9144m,0.9144,B6_FV15,FallaTrafo1_ElBight,B5,6,base,aux/bloque_007.aux,planned
R000679,GMD_0p9144m,0.9144,B6_FV15,FallaTrafo2_ElBight,B5,6,base,aux/bloque_007.aux,planned
R000680,GMD_0p9144m,0.9144,B6_FV15,FallaTrafo1_SchoolHouse,B5,6,base,aux/bloque_007.aux,planned
R000681,GMD_0p9144m,0.9144,B6_FV30,FallaLinea1_PuntaEvans_ElBight,B5,6,base,aux/bloque_007.aux,planned
R000682,GMD_0p9144m,0.9144,B6_FV30,FallaLinea2_PuntaEvans_ElBight,B5,6,base,aux/bloque_007.aux,planned
R000683,GMD_0p9144m,0.9144,B6_FV30,FallaLinea1_PuntaEvans_SchoolHouse,B5,6,base,aux/bloque_007.aux,planned
R000684,GMD_0p9144m,0.9144,B6_FV30,FallaLinea1_ElBight_SchoolHouse,B5,6,base,aux/bloque_007.aux,planned
R000685,GMD_0p9144m,0.9144,B6_FV30,FallaElevador1_PuntaEvans,B5,6,base,aux/bloque_007.aux,planned
R000686,GMD_0p9144m,0.9144,B6_FV30,FallaElevador2_PuntaEvans,B5,6,base,aux/bloque_007.aux,planned
R000687,GMD_0p9144m,0.9144,B6_FV30,FallaElevador3_PuntaEvans,B5,6,base,aux/bloque_007.aux,planned
R000688,GMD_0p9144m,0.9144,B6_FV30,FallaTrafo1_ElBight,B5,6,base,aux/bloque_007.aux,planned
R000689,GMD_0p9144m,0.9144,B6_FV30,FallaTrafo2_ElBight,B5,6,base,aux/bloque_007.aux,planned
R000690,GMD_0p9144m,0.9144,B6_FV30,FallaTrafo1_SchoolHouse,B5,6,base,aux/bloque_007.aux,planned
R000691,GMD_0p9144m,0.9144,B6_FV50,FallaLinea1_PuntaEvans_ElBight,B5,6,base,aux/bloque_007.aux,planned
R000692,GMD_0p9144m,0.9144,B6_FV50,FallaLinea2_PuntaEvans_ElBight,B5,6,base,aux/bloque_007.aux,planned
R000693,GMD_0p9144m,0.9144,B6_FV50,FallaLinea1_PuntaEvans_SchoolHouse,B5,6,base,aux/bloque_007.aux,planned
R000694,GMD_0p9144m,0.9144,B6_FV50,FallaLinea1_ElBight_SchoolHouse,B5,6,base,aux/bloque_007.aux,planned
R000695,GMD_0p9144m,0.9144,B6_FV50,FallaElevador1_PuntaEvans,B5,6,base,aux/bloque_007.aux,planned
R000696,GMD_0p9144m,0.9144,B6_FV50,FallaElevador2_PuntaEvans,B5,6,base,aux/bloque_007.aux,planned
R000697,GMD_0p9144m,0.9144,B6_FV50,FallaElevador3_PuntaEvans,B5,6,base,aux/bloque_007.aux,planned
R000698,GMD_0p9144m,0.9144,B6_FV50,FallaTrafo1_ElBight,B5,6,base,aux/bloque_007.aux,planned
R000699,GMD_0p9144m,0.9144,B6_FV50,FallaTrafo2_ElBight,B5,6,base,aux/bloque_007.aux,planned
R000700,GMD_0p9144m,0.9144,B6_FV50,FallaTrafo1_SchoolHouse,B5,6,base,aux/bloque_007.aux,planned
R000701,GMD_0p9144m,0.9144,BASE,FallaLinea1_PuntaEvans_ElBight,B5,7,base,aux/bloque_007.aux,planned
R000702,GMD_0p9144m,0.9144,BASE,FallaLinea2_PuntaEvans_ElBight,B5,7,base,aux/bloque_007.aux,planned
R000703,GMD_0p9144m,0.9144,BASE,FallaLinea1_PuntaEvans_SchoolHouse,B5,7,base,aux/bloque_007.aux,planned
R000704,GMD_0p9144m,0.9144,BASE,FallaLinea1_ElBight_SchoolHouse,B5,7,base,aux/bloque_007.aux,planned
R000705,GMD_0p9144m,0.9144,BASE,FallaElevador1_PuntaEvans,B5,7,base,aux/bloque_007.aux,planned
R000706,GMD_0p9144m,0.9144,BASE,FallaElevador2_PuntaEvans,B5,7,base,aux/bloque_007.aux,planned
R000707,GMD_0p9144m,0.9144,BASE,FallaElevador3_PuntaEvans,B5,7,base,aux/bloque_007.aux,planned
R000708,GMD_0p9144m,0.9144,BASE,FallaTrafo1_ElBight,B5,7,base,aux/bloque_007.aux,planned
R000709,GMD_0p9144m,0.9144,BASE,FallaTrafo2_ElBight,B5,7,base,aux/bloque_007.aux,planned
R000710,GMD_0p9144m,0.9144,BASE,FallaTrafo1_SchoolHouse,B5,7,base,aux/bloque_007.aux,planned
R000711,GMD_0p9144m,0.9144,B1_FV15,FallaLinea1_PuntaEvans_ElBight,B5,7,base,aux/bloque_007.aux,planned
R000712,GMD_0p9144m,0.9144,B1_FV15,FallaLinea2_PuntaEvans_ElBight,B5,7,base,aux/bloque_007.aux,planned
R000713,GMD_0p9144m,0.9144,B1_FV15,FallaLinea1_PuntaEvans_SchoolHouse,B5,7,base,aux/bloque_007.aux,planned
R000714,GMD_0p9144m,0.9144,B1_FV15,FallaLinea1_ElBight_SchoolHouse,B5,7,base,aux/bloque_007.aux,planned
R000715,GMD_0p9144m,0.9144,B1_FV15,FallaElevador1_PuntaEvans,B5,7,base,aux/bloque_007.aux,planned
R000716,GMD_0p9144m,0.9144,B1_FV15,FallaElevador2_PuntaEvans,B5,7,base,aux/bloque_007.aux,planned
R000717,GMD_0p9144m,0.9144,B1_FV15,FallaElevador3_PuntaEvans,B5,7,base,aux/bloque_007.aux,planned
R000718,GMD_0p9144m,0.9144,B1_FV15,FallaTrafo1_ElBight,B5,7,base,aux/bloque_007.aux,planned
R000719,GMD_0p9144m,0.9144,B1_FV15,FallaTrafo2_ElBight,B5,7,base,aux/bloque_007.aux,planned
R000720,GMD_0p9144m,0.9144,B1_FV15,FallaTrafo1_SchoolHouse,B5,7,base,aux/bloque_007.aux,planned
R000721,GMD_0p9144m,0.9144,B1_FV30,FallaLinea1_PuntaEvans_ElBight,B5,7,base,aux/bloque_007.aux,planned
R000722,GMD_0p9144m,0.9144,B1_FV30,FallaLinea2_PuntaEvans_ElBight,B5,7,base,aux/bloque_007.aux,planned
R000723,GMD_0p9144m,0.9144,B1_FV30,FallaLinea1_PuntaEvans_SchoolHouse,B5,7,base,aux/bloque_007.aux,planned
R000724,GMD_0p9144m,0.9144,B1_FV30,FallaLinea1_ElBight_SchoolHouse,B5,7,base,aux/bloque_007.aux,planned
R000725,GMD_0p9144m,0.9144,B1_FV30,FallaElevador1_PuntaEvans,B5,7,base,aux/bloque_007.aux,planned
R000726,GMD_0p9144m,0.9144,B1_FV30,FallaElevador2_PuntaEvans,B5,7,base,aux/bloque_007.aux,planned
R000727,GMD_0p9144m,0.9144,B1_FV30,FallaElevador3_PuntaEvans,B5,7,base,aux/bloque_007.aux,planned
R000728,GMD_0p9144m,0.9144,B1_FV30,FallaTrafo1_ElBight,B5,7,base,aux/bloque_007.aux,planned
R000729,GMD_0p9144m,0.9144,B1_FV30,FallaTrafo2_ElBight,B5,7,base,aux/bloque_007.aux,planned
R000730,GMD_0p9144m,0.9144,B1_FV30,FallaTrafo1_SchoolHouse,B5,7,base,aux/bloque_007.aux,planned
R000731,GMD_0p9144m,0.9144,B1_FV50,FallaLinea1_PuntaEvans_ElBight,B5,7,base,aux/bloque_007.aux,planned
R000732,GMD_0p9144m,0.9144,B1_FV50,FallaLinea2_PuntaEvans_ElBight,B5,7,base,aux/bloque_007.aux,planned
R000733,GMD_0p9144m,0.9144,B1_FV50,FallaLinea1_PuntaEvans_SchoolHouse,B5,7,base,aux/bloque_007.aux,planned
R000734,GMD_0p9144m,0.9144,B1_FV50,FallaLinea1_ElBight_SchoolHouse,B5,7,base,aux/bloque_007.aux,planned
R000735,GMD_0p9144m,0.9144,B1_FV50,FallaElevador1_PuntaEvans,B5,7,base,aux/bloque_007.aux,planned
R000736,GMD_0p9144m,0.9144,B1_FV50,FallaElevador2_PuntaEvans,B5,7,base,aux/bloque_007.aux,planned
R000737,GMD_0p9144m,0.9144,B1_FV50,FallaElevador3_PuntaEvans,B5,7,base,aux/bloque_007.aux,planned
R000738,GMD_0p9144m,0.9144,B1_FV50,FallaTrafo1_ElBight,B5,7,base,aux/bloque_007.aux,planned
R000739,GMD_0p9144m,0.9144,B1_FV50,FallaTrafo2_ElBight,B5,7,base,aux/bloque_007.aux,planned
R000740,GMD_0p9144m,0.9144,B1_FV50,FallaTrafo1_SchoolHouse,B5,7,base,aux/bloque_007.aux,planned
R000741,GMD_0p9144m,0.9144,B5_FV15,FallaLinea1_PuntaEvans_ElBight,B5,7,base,aux/bloque_007.aux,planned
R000742,GMD_0p9144m,0.9144,B5_FV15,FallaLinea2_PuntaEvans_ElBight,B5,7,base,aux/bloque_007.aux,planned
R000743,GMD_0p9144m,0.9144,B5_FV15,FallaLinea1_PuntaEvans_SchoolHouse,B5,7,base,aux/bloque_007.aux,planned
R000744,GMD_0p9144m,0.9144,B5_FV15,FallaLinea1_ElBight_SchoolHouse,B5,7,base,aux/bloque_007.aux,planned
R000745,GMD_0p9144m,0.9144,B5_FV15,FallaElevador1_PuntaEvans,B5,7,base,aux/bloque_007.aux,planned
R000746,GMD_0p9144m,0.9144,B5_FV15,FallaElevador2_PuntaEvans,B5,7,base,aux/bloque_007.aux,planned
R000747,GMD_0p9144m,0.9144,B5_FV15,FallaElevador3_PuntaEvans,B5,7,base,aux/bloque_007.aux,planned
R000748,GMD_0p9144m,0.9144,B5_FV15,FallaTrafo1_ElBight,B5,7,base,aux/bloque_007.aux,planned
R000749,GMD_0p9144m,0.9144,B5_FV15,FallaTrafo2_ElBight,B5,7,base,aux/bloque_007.aux,planned
R000750,GMD_0p9144m,0.9144,B5_FV15,FallaTrafo1_SchoolHouse,B5,7,base,aux/bloque_007.aux,planned
R000751,GMD_0p9144m,0.9144,B5_FV30,FallaLinea1_PuntaEvans_ElBight,B5,7,base,aux/bloque_007.aux,planned
R000752,GMD_0p9144m,0.9144,B5_FV30,FallaLinea2_PuntaEvans_ElBight,B5,7,base,aux/bloque_007.aux,planned
R000753,GMD_0p9144m,0.9144,B5_FV30,FallaLinea1_PuntaEvans_SchoolHouse,B5,7,base,aux/bloque_007.aux,planned
R000754,GMD_0p9144m,0.9144,B5_FV30,FallaLinea1_ElBight_SchoolHouse,B5,7,base,aux/bloque_007.aux,planned
R000755,GMD_0p9144m,0.9144,B5_FV30,FallaElevador1_PuntaEvans,B5,7,base,aux/bloque_007.aux,planned
R000756,GMD_0p9144m,0.9144,B5_FV30,FallaElevador2_PuntaEvans,B5,7,base,aux/bloque_007.aux,planned
R000757,GMD_0p9144m,0.9144,B5_FV30,FallaElevador3_PuntaEvans,B5,7,base,aux/bloque_007.aux,planned
R000758,GMD_0p9144m,0.9144,B5_FV30,FallaTrafo1_ElBight,B5,7,base,aux/bloque_007.aux,planned
R000759,GMD_0p9144m,0.9144,B5_FV30,FallaTrafo2_ElBight,B5,7,base,aux/bloque_007.aux,planned
R000760,GMD_0p9144m,0.9144,B5_FV30,FallaTrafo1_SchoolHouse,B5,7,base,aux/bloque_007.aux,planned
R000761,GMD_0p9144m,0.9144,B5_FV50,FallaLinea1_PuntaEvans_ElBight,B5,7,base,aux/bloque_007.aux,planned
R000762,GMD_0p9144m,0.9144,B5_FV50,FallaLinea2_PuntaEvans_ElBight,B5,7,base,aux/bloque_007.aux,planned
R000763,GMD_0p9144m,0.9144,B5_FV50,FallaLinea1_PuntaEvans_SchoolHouse,B5,7,base,aux/bloque_007.aux,planned
R000764,GMD_0p9144m,0.9144,B5_FV50,FallaLinea1_ElBight_SchoolHouse,B5,7,base,aux/bloque_007.aux,planned
R000765,GMD_0p9144m,0.9144,B5_FV50,FallaElevador1_PuntaEvans,B5,7,base,aux/bloque_007.aux,planned
R000766,GMD_0p9144m,0.9144,B5_FV50,FallaElevador2_PuntaEvans,B5,7,base,aux/bloque_007.aux,planned
R000767,GMD_0p9144m,0.9144,B5_FV50,FallaElevador3_PuntaEvans,B5,7,base,aux/bloque_007.aux,planned
R000768,GMD_0p9144m,0.9144,B5_FV50,FallaTrafo1_ElBight,B5,7,base,aux/bloque_007.aux,planned
R000769,GMD_0p9144m,0.9144,B5_FV50,FallaTrafo2_ElBight,B5,7,base,aux/bloque_007.aux,planned
R000770,GMD_0p9144m,0.9144,B5_FV50,FallaTrafo1_SchoolHouse,B5,7,base,aux/bloque_007.aux,planned
R000771,GMD_0p9144m,0.9144,B6_FV15,FallaLinea1_PuntaEvans_ElBight,B5,7,base,aux/bloque_008.aux,planned
R000772,GMD_0p9144m,0.9144,B6_FV15,FallaLinea2_PuntaEvans_ElBight,B5,7,base,aux/bloque_008.aux,planned
R000773,GMD_0p9144m,0.9144,B6_FV15,FallaLinea1_PuntaEvans_SchoolHouse,B5,7,base,aux/bloque_008.aux,planned
R000774,GMD_0p9144m,0.9144,B6_FV15,FallaLinea1_ElBight_SchoolHouse,B5,7,base,aux/bloque_008.aux,planned
R000775,GMD_0p9144m,0.9144,B6_FV15,FallaElevador1_PuntaEvans,B5,7,base,aux/bloque_008.aux,planned
R000776,GMD_0p9144m,0.9144,B6_FV15,FallaElevador2_PuntaEvans,B5,7,base,aux/bloque_008.aux,planned
R000777,GMD_0p9144m,0.9144,B6_FV15,FallaElevador3_PuntaEvans,B5,7,base,aux/bloque_008.aux,planned
R000778,GMD_0p9144m,0.9144,B6_FV15,FallaTrafo1_ElBight,B5,7,base,aux/bloque_008.aux,planned
R000779,GMD_0p9144m,0.9144,B6_FV15,FallaTrafo2_ElBight,B5,7,base,aux/bloque_008.aux,planned
R000780,GMD_0p9144m,0.9144,B6_FV15,FallaTrafo1_SchoolHouse,B5,7,base,aux/bloque_008.aux,planned
R000781,GMD_0p9144m,0.9144,B6_FV30,FallaLinea1_PuntaEvans_ElBight,B5,7,base,aux/bloque_008.aux,planned
R000782,GMD_0p9144m,0.9144,B6_FV30,FallaLinea2_PuntaEvans_ElBight,B5,7,base,aux/bloque_008.aux,planned
R000783,GMD_0p9144m,0.9144,B6_FV30,FallaLinea1_PuntaEvans_SchoolHouse,B5,7,base,aux/bloque_008.aux,planned
R000784,GMD_0p9144m,0.9144,B6_FV30,FallaLinea1_ElBight_SchoolHouse,B5,7,base,aux/bloque_008.aux,planned
R000785,GMD_0p9144m,0.9144,B6_FV30,FallaElevador1_PuntaEvans,B5,7,base,aux/bloque_008.aux,planned
R000786,GMD_0p9144m,0.9144,B6_FV30,FallaElevador2_PuntaEvans,B5,7,base,aux/bloque_008.aux,planned
R000787,GMD_0p9144m,0.9144,B6_FV30,FallaElevador3_PuntaEvans,B5,7,base,aux/bloque_008.aux,planned
R000788,GMD_0p9144m,0.9144,B6_FV30,FallaTrafo1_ElBight,B5,7,base,aux/bloque_008.aux,planned
R000789,GMD_0p9144m,0.9144,B6_FV30,FallaTrafo2_ElBight,B5,7,base,aux/bloque_008.aux,planned
R000790,GMD_0p9144m,0.9144,B6_FV30,FallaTrafo1_SchoolHouse,B5,7,base,aux/bloque_008.aux,planned
R000791,GMD_0p9144m,0.9144,B6_FV50,FallaLinea1_PuntaEvans_ElBight,B5,7,base,aux/bloque_008.aux,planned
R000792,GMD_0p9144m,0.9144,B6_FV50,FallaLinea2_PuntaEvans_ElBight,B5,7,base,aux/bloque_008.aux,planned
R000793,GMD_0p9144m,0.9144,B6_FV50,FallaLinea1_PuntaEvans_SchoolHouse,B5,7,base,aux/bloque_008.aux,planned
R000794,GMD_0p9144m,0.9144,B6_FV50,FallaLinea1_ElBight_SchoolHouse,B5,7,base,aux/bloque_008.aux,planned
R000795,GMD_0p9144m,0.9144,B6_FV50,FallaElevador1_PuntaEvans,B5,7,base,aux/bloque_008.aux,planned
R000796,GMD_0p9144m,0.9144,B6_FV50,FallaElevador2_PuntaEvans,B5,7,base,aux/bloque_008.aux,planned
R000797,GMD_0p9144m,0.9144,B6_FV50,FallaElevador3_PuntaEvans,B5,7,base,aux/bloque_008.aux,planned
R000798,GMD_0p9144m,0.9144,B6_FV50,FallaTrafo1_ElBight,B5,7,base,aux/bloque_008.aux,planned
R000799,GMD_0p9144m,0.9144,B6_FV50,FallaTrafo2_ElBight,B5,7,base,aux/bloque_008.aux,planned
R000800,GMD_0p9144m,0.9144,B6_FV50,FallaTrafo1_SchoolHouse,B5,7,base,aux/bloque_008.aux,planned
R000801,GMD_0p9144m,0.9144,BASE,FallaLinea1_PuntaEvans_ElBight,B5,8,base,aux/bloque_008.aux,planned
R000802,GMD_0p9144m,0.9144,BASE,FallaLinea2_PuntaEvans_ElBight,B5,8,base,aux/bloque_008.aux,planned
R000803,GMD_0p9144m,0.9144,BASE,FallaLinea1_PuntaEvans_SchoolHouse,B5,8,base,aux/bloque_008.aux,planned
R000804,GMD_0p9144m,0.9144,BASE,FallaLinea1_ElBight_SchoolHouse,B5,8,base,aux/bloque_008.aux,planned
R000805,GMD_0p9144m,0.9144,BASE,FallaElevador1_PuntaEvans,B5,8,base,aux/bloque_008.aux,planned
R000806,GMD_0p9144m,0.9144,BASE,FallaElevador2_PuntaEvans,B5,8,base,aux/bloque_008.aux,planned
R000807,GMD_0p9144m,0.9144,BASE,FallaElevador3_PuntaEvans,B5,8,base,aux/bloque_008.aux,planned
R000808,GMD_0p9144m,0.9144,BASE,FallaTrafo1_ElBight,B5,8,base,aux/bloque_008.aux,planned
R000809,GMD_0p9144m,0.9144,BASE,FallaTrafo2_ElBight,B5,8,base,aux/bloque_008.aux,planned
R000810,GMD_0p9144m,0.9144,BASE,FallaTrafo1_SchoolHouse,B5,8,base,aux/bloque_008.aux,planned
R000811,GMD_0p9144m,0.9144,B1_FV15,FallaLinea1_PuntaEvans_ElBight,B5,8,base,aux/bloque_008.aux,planned
R000812,GMD_0p9144m,0.9144,B1_FV15,FallaLinea2_PuntaEvans_ElBight,B5,8,base,aux/bloque_008.aux,planned
R000813,GMD_0p9144m,0.9144,B1_FV15,FallaLinea1_PuntaEvans_SchoolHouse,B5,8,base,aux/bloque_008.aux,planned
R000814,GMD_0p9144m,0.9144,B1_FV15,FallaLinea1_ElBight_SchoolHouse,B5,8,base,aux/bloque_008.aux,planned
R000815,GMD_0p9144m,0.9144,B1_FV15,FallaElevador1_PuntaEvans,B5,8,base,aux/bloque_008.aux,planned
R000816,GMD_0p9144m,0.9144,B1_FV15,FallaElevador2_PuntaEvans,B5,8,base,aux/bloque_008.aux,planned
R000817,GMD_0p9144m,0.9144,B1_FV15,FallaElevador3_PuntaEvans,B5,8,base,aux/bloque_008.aux,planned
R000818,GMD_0p9144m,0.9144,B1_FV15,FallaTrafo1_ElBight,B5,8,base,aux/bloque_008.aux,planned
R000819,GMD_0p9144m,0.9144,B1_FV15,FallaTrafo2_ElBight,B5,8,base,aux/bloque_008.aux,planned
R000820,GMD_0p9144m,0.9144,B1_FV15,FallaTrafo1_SchoolHouse,B5,8,base,aux/bloque_008.aux,planned
R000821,GMD_0p9144m,0.9144,B1_FV30,FallaLinea1_PuntaEvans_ElBight,B5,8,base,aux/bloque_008.aux,planned
R000822,GMD_0p9144m,0.9144,B1_FV30,FallaLinea2_PuntaEvans_ElBight,B5,8,base,aux/bloque_008.aux,planned
R000823,GMD_0p9144m,0.9144,B1_FV30,FallaLinea1_PuntaEvans_SchoolHouse,B5,8,base,aux/bloque_008.aux,planned
R000824,GMD_0p9144m,0.9144,B1_FV30,FallaLinea1_ElBight_SchoolHouse,B5,8,base,aux/bloque_008.aux,planned
R000825,GMD_0p9144m,0.9144,B1_FV30,FallaElevador1_PuntaEvans,B5,8,base,aux/bloque_008.aux,planned
R000826,GMD_0p9144m,0.9144,B1_FV30,FallaElevador2_PuntaEvans,B5,8,base,aux/bloque_008.aux,planned
R000827,GMD_0p9144m,0.9144,B1_FV30,FallaElevador3_PuntaEvans,B5,8,base,aux/bloque_008.aux,planned
R000828,GMD_0p9144m,0.9144,B1_FV30,FallaTrafo1_ElBight,B5,8,base,aux/bloque_008.aux,planned
R000829,GMD_0p9144m,0.9144,B1_FV30,FallaTrafo2_ElBight,B5,8,base,aux/bloque_008.aux,planned
R000830,GMD_0p9144m,0.9144,B1_FV30,FallaTrafo1_SchoolHouse,B5,8,base,aux/bloque_008.aux,planned
R000831,GMD_0p9144m,0.9144,B1_FV50,FallaLinea1_PuntaEvans_ElBight,B5,8,base,aux/bloque_008.aux,planned
R000832,GMD_0p9144m,0.9144,B1_FV50,FallaLinea2_PuntaEvans_ElBight,B5,8,base,aux/bloque_008.aux,planned
R000833,GMD_0p9144m,0.9144,B1_FV50,FallaLinea1_PuntaEvans_SchoolHouse,B5,8,base,aux/bloque_008.aux,planned
R000834,GMD_0p9144m,0.9144,B1_FV50,FallaLinea1_ElBight_SchoolHouse,B5,8,base,aux/bloque_008.aux,planned
R000835,GMD_0p9144m,0.9144,B1_FV50,FallaElevador1_PuntaEvans,B5,8,base,aux/bloque_008.aux,planned
R000836,GMD_0p9144m,0.9144,B1_FV50,FallaElevador2_PuntaEvans,B5,8,base,aux/bloque_008.aux,planned
R000837,GMD_0p9144m,0.9144,B1_FV50,FallaElevador3_PuntaEvans,B5,8,base,aux/bloque_008.aux,planned
R000838,GMD_0p9144m,0.9144,B1_FV50,FallaTrafo1_ElBight,B5,8,base,aux/bloque_008.aux,planned
R000839,GMD_0p9144m,0.9144,B1_FV50,FallaTrafo2_ElBight,B5,8,base,aux/bloque_008.aux,planned
R000840,GMD_0p9144m,0.9144,B1_FV50,FallaTrafo1_SchoolHouse,B5,8,base,aux/bloque_008.aux,planned
R000841,GMD_0p9144m,0.9144,B5_FV15,FallaLinea1_PuntaEvans_ElBight,B5,8,base,aux/bloque_008.aux,planned
R000842,GMD_0p9144m,0.9144,B5_FV15,FallaLinea2_PuntaEvans_ElBight,B5,8,base,aux/bloque_008.aux,planned
R000843,GMD_0p9144m,0.9144,B5_FV15,FallaLinea1_PuntaEvans_SchoolHouse,B5,8,base,aux/bloque_008.aux,planned
R000844,GMD_0p9144m,0.9144,B5_FV15,FallaLinea1_ElBight_SchoolHouse,B5,8,base,aux/bloque_008.aux,planned
R000845,GMD_0p9144m,0.9144,B5_FV15,FallaElevador1_PuntaEvans,B5,8,base,aux/bloque_008.aux,planned
R000846,GMD_0p9144m,0.9144,B5_FV15,FallaElevador2_PuntaEvans,B5,8,base,aux/bloque_008.aux,planned
R000847,GMD_0p9144m,0.9144,B5_FV15,FallaElevador3_PuntaEvans,B5,8,base,aux/bloque_008.aux,planned
R000848,GMD_0p9144m,0.9144,B5_FV15,FallaTrafo1_ElBight,B5,8,base,aux/bloque_008.aux,planned
R000849,GMD_0p9144m,0.9144,B5_FV15,FallaTrafo2_ElBight,B5,8,base,aux/bloque_008.aux,planned
R000850,GMD_0p9144m,0.9144,B5_FV15,FallaTrafo1_SchoolHouse,B5,8,base,aux/bloque_008.aux,planned
R000851,GMD_0p9144m,0.9144,B5_FV30,FallaLinea1_PuntaEvans_ElBight,B5,8,base,aux/bloque_008.aux,planned
R000852,GMD_0p9144m,0.9144,B5_FV30,FallaLinea2_PuntaEvans_ElBight,B5,8,base,aux/bloque_008.aux,planned
R000853,GMD_0p9144m,0.9144,B5_FV30,FallaLinea1_PuntaEvans_SchoolHouse,B5,8,base,aux/bloque_008.aux,planned
R000854,GMD_0p9144m,0.9144,B5_FV30,FallaLinea1_ElBight_SchoolHouse,B5,8,base,aux/bloque_008.aux,planned
R000855,GMD_0p9144m,0.9144,B5_FV30,FallaElevador1_PuntaEvans,B5,8,base,aux/bloque_008.aux,planned
R000856,GMD_0p9144m,0.9144,B5_FV30,FallaElevador2_PuntaEvans,B5,8,base,aux/bloque_008.aux,planned
R000857,GMD_0p9144m,0.9144,B5_FV30,FallaElevador3_PuntaEvans,B5,8,base,aux/bloque_008.aux,planned
R000858,GMD_0p9144m,0.9144,B5_FV30,FallaTrafo1_ElBight,B5,8,base,aux/bloque_008.aux,planned
R000859,GMD_0p9144m,0.9144,B5_FV30,FallaTrafo2_ElBight,B5,8,base,aux/bloque_008.aux,planned
R000860,GMD_0p9144m,0.9144,B5_FV30,FallaTrafo1_SchoolHouse,B5,8,base,aux/bloque_008.aux,planned
R000861,GMD_0p9144m,0.9144,B5_FV50,FallaLinea1_PuntaEvans_ElBight,B5,8,base,aux/bloque_008.aux,planned
R000862,GMD_0p9144m,0.9144,B5_FV50,FallaLinea2_PuntaEvans_ElBight,B5,8,base,aux/bloque_008.aux,planned
R000863,GMD_0p9144m,0.9144,B5_FV50,FallaLinea1_PuntaEvans_SchoolHouse,B5,8,base,aux/bloque_008.aux,planned
R000864,GMD_0p9144m,0.9144,B5_FV50,FallaLinea1_ElBight_SchoolHouse,B5,8,base,aux/bloque_008.aux,planned
R000865,GMD_0p9144m,0.9144,B5_FV50,FallaElevador1_PuntaEvans,B5,8,base,aux/bloque_008.aux,planned
R000866,GMD_0p9144m,0.9144,B5_FV50,FallaElevador2_PuntaEvans,B5,8,base,aux/bloque_008.aux,planned
R000867,GMD_0p9144m,0.9144,B5_FV50,FallaElevador3_PuntaEvans,B5,8,base,aux/bloque_008.aux,planned
R000868,GMD_0p9144m,0.9144,B5_FV50,FallaTrafo1_ElBight,B5,8,base,aux/bloque_008.aux,planned
R000869,GMD_0p9144m,0.9144,B5_FV50,FallaTrafo2_ElBight,B5,8,base,aux/bloque_008.aux,planned
R000870,GMD_0p9144m,0.9144,B5_FV50,FallaTrafo1_SchoolHouse,B5,8,base,aux/bloque_008.aux,planned
R000871,GMD_0p9144m,0.9144,B6_FV15,FallaLinea1_PuntaEvans_ElBight,B5,8,base,aux/bloque_008.aux,planned
R000872,GMD_0p9144m,0.9144,B6_FV15,FallaLinea2_PuntaEvans_ElBight,B5,8,base,aux/bloque_008.aux,planned
R000873,GMD_0p9144m,0.9144,B6_FV15,FallaLinea1_PuntaEvans_SchoolHouse,B5,8,base,aux/bloque_008.aux,planned
R000874,GMD_0p9144m,0.9144,B6_FV15,FallaLinea1_ElBight_SchoolHouse,B5,8,base,aux/bloque_008.aux,planned
R000875,GMD_0p9144m,0.9144,B6_FV15,FallaElevador1_PuntaEvans,B5,8,base,aux/bloque_008.aux,planned
R000876,GMD_0p9144m,0.9144,B6_FV15,FallaElevador2_PuntaEvans,B5,8,base,aux/bloque_008.aux,planned
R000877,GMD_0p9144m,0.9144,B6_FV15,FallaElevador3_PuntaEvans,B5,8,base,aux/bloque_008.aux,planned
R000878,GMD_0p9144m,0.9144,B6_FV15,FallaTrafo1_ElBight,B5,8,base,aux/bloque_008.aux,planned
R000879,GMD_0p9144m,0.9144,B6_FV15,FallaTrafo2_ElBight,B5,8,base,aux/bloque_008.aux,planned
R000880,GMD_0p9144m,0.9144,B6_FV15,FallaTrafo1_SchoolHouse,B5,8,base,aux/bloque_008.aux,planned
R000881,GMD_0p9144m,0.9144,B6_FV30,FallaLinea1_PuntaEvans_ElBight,B5,8,base,aux/bloque_009.aux,planned
R000882,GMD_0p9144m,0.9144,B6_FV30,FallaLinea2_PuntaEvans_ElBight,B5,8,base,aux/bloque_009.aux,planned
R000883,GMD_0p9144m,0.9144,B6_FV30,FallaLinea1_PuntaEvans_SchoolHouse,B5,8,base,aux/bloque_009.aux,planned
R000884,GMD_0p9144m,0.9144,B6_FV30,FallaLinea1_ElBight_SchoolHouse,B5,8,base,aux/bloque_009.aux,planned
R000885,GMD_0p9144m,0.9144,B6_FV30,FallaElevador1_PuntaEvans,B5,8,base,aux/bloque_009.aux,planned
R000886,GMD_0p9144m,0.9144,B6_FV30,FallaElevador2_PuntaEvans,B5,8,base,aux/bloque_009.aux,planned
R000887,GMD_0p9144m,0.9144,B6_FV30,FallaElevador3_PuntaEvans,B5,8,base,aux/bloque_009.aux,planned
R000888,GMD_0p9144m,0.9144,B6_FV30,FallaTrafo1_ElBight,B5,8,base,aux/bloque_009.aux,planned
R000889,GMD_0p9144m,0.9144,B6_FV30,FallaTrafo2_ElBight,B5,8,base,aux/bloque_009.aux,planned
R000890,GMD_0p9144m,0.9144,B6_FV30,FallaTrafo1_SchoolHouse,B5,8,base,aux/bloque_009.aux,planned
R000891,GMD_0p9144m,0.9144,B6_FV50,FallaLinea1_PuntaEvans_ElBight,B5,8,base,aux/bloque_009.aux,planned
R000892,GMD_0p9144m,0.9144,B6_FV50,FallaLinea2_PuntaEvans_ElBight,B5,8,base,aux/bloque_009.aux,planned
R000893,GMD_0p9144m,0.9144,B6_FV50,FallaLinea1_PuntaEvans_SchoolHouse,B5,8,base,aux/bloque_009.aux,planned
R000894,GMD_0p9144m,0.9144,B6_FV50,FallaLinea1_ElBight_SchoolHouse,B5,8,base,aux/bloque_009.aux,planned
R000895,GMD_0p9144m,0.9144,B6_FV50,FallaElevador1_PuntaEvans,B5,8,base,aux/bloque_009.aux,planned
R000896,GMD_0p9144m,0.9144,B6_FV50,FallaElevador2_PuntaEvans,B5,8,base,aux/bloque_009.aux,planned
R000897,GMD_0p9144m,0.9144,B6_FV50,FallaElevador3_PuntaEvans,B5,8,base,aux/bloque_009.aux,planned
R000898,GMD_0p9144m,0.9144,B6_FV50,FallaTrafo1_ElBight,B5,8,base,aux/bloque_009.aux,planned
R000899,GMD_0p9144m,0.9144,B6_FV50,FallaTrafo2_ElBight,B5,8,base,aux/bloque_009.aux,planned
R000900,GMD_0p9144m,0.9144,B6_FV50,FallaTrafo1_SchoolHouse,B5,8,base,aux/bloque_009.aux,planned
R000901,GMD_0p9144m,0.9144,BASE,FallaLinea1_PuntaEvans_ElBight,B5,9,base,aux/bloque_009.aux,planned
R000902,GMD_0p9144m,0.9144,BASE,FallaLinea2_PuntaEvans_ElBight,B5,9,base,aux/bloque_009.aux,planned
R000903,GMD_0p9144m,0.9144,BASE,FallaLinea1_PuntaEvans_SchoolHouse,B5,9,base,aux/bloque_009.aux,planned
R000904,GMD_0p9144m,0.9144,BASE,FallaLinea1_ElBight_SchoolHouse,B5,9,base,aux/bloque_009.aux,planned
R000905,GMD_0p9144m,0.9144,BASE,FallaElevador1_PuntaEvans,B5,9,base,aux/bloque_009.aux,planned
R000906,GMD_0p9144m,0.9144,BASE,FallaElevador2_PuntaEvans,B5,9,base,aux/bloque_009.aux,planned
R000907,GMD_0p9144m,0.9144,BASE,FallaElevador3_PuntaEvans,B5,9,base,aux/bloque_009.aux,planned
R000908,GMD_0p9144m,0.9144,BASE,FallaTrafo1_ElBight,B5,9,base,aux/bloque_009.aux,planned
R000909,GMD_0p9144m,0.9144,BASE,FallaTrafo2_ElBight,B5,9,base,aux/bloque_009.aux,planned
R000910,GMD_0p9144m,0.9144,BASE,FallaTrafo1_SchoolHouse,B5,9,base,aux/bloque_009.aux,planned
R000911,GMD_0p9144m,0.9144,B1_FV15,FallaLinea1_PuntaEvans_ElBight,B5,9,base,aux/bloque_009.aux,planned
R000912,GMD_0p9144m,0.9144,B1_FV15,FallaLinea2_PuntaEvans_ElBight,B5,9,base,aux/bloque_009.aux,planned
R000913,GMD_0p9144m,0.9144,B1_FV15,FallaLinea1_PuntaEvans_SchoolHouse,B5,9,base,aux/bloque_009.aux,planned
R000914,GMD_0p9144m,0.9144,B1_FV15,FallaLinea1_ElBight_SchoolHouse,B5,9,base,aux/bloque_009.aux,planned
R000915,GMD_0p9144m,0.9144,B1_FV15,FallaElevador1_PuntaEvans,B5,9,base,aux/bloque_009.aux,planned
R000916,GMD_0p9144m,0.9144,B1_FV15,FallaElevador2_PuntaEvans,B5,9,base,aux/bloque_009.aux,planned
R000917,GMD_0p9144m,0.9144,B1_FV15,FallaElevador3_PuntaEvans,B5,9,base,aux/bloque_009.aux,planned
R000918,GMD_0p9144m,0.9144,B1_FV15,FallaTrafo1_ElBight,B5,9,base,aux/bloque_009.aux,planned
R000919,GMD_0p9144m,0.9144,B1_FV15,FallaTrafo2_ElBight,B5,9,base,aux/bloque_009.aux,planned
R000920,GMD_0p9144m,0.9144,B1_FV15,FallaTrafo1_SchoolHouse,B5,9,base,aux/bloque_009.aux,planned
R000921,GMD_0p9144m,0.9144,B1_FV30,FallaLinea1_PuntaEvans_ElBight,B5,9,base,aux/bloque_009.aux,planned
R000922,GMD_0p9144m,0.9144,B1_FV30,FallaLinea2_PuntaEvans_ElBight,B5,9,base,aux/bloque_009.aux,planned
R000923,GMD_0p9144m,0.9144,B1_FV30,FallaLinea1_PuntaEvans_SchoolHouse,B5,9,base,aux/bloque_009.aux,planned
R000924,GMD_0p9144m,0.9144,B1_FV30,FallaLinea1_ElBight_SchoolHouse,B5,9,base,aux/bloque_009.aux,planned
R000925,GMD_0p9144m,0.9144,B1_FV30,FallaElevador1_PuntaEvans,B5,9,base,aux/bloque_009.aux,planned
R000926,GMD_0p9144m,0.9144,B1_FV30,FallaElevador2_PuntaEvans,B5,9,base,aux/bloque_009.aux,planned
R000927,GMD_0p9144m,0.9144,B1_FV30,FallaElevador3_PuntaEvans,B5,9,base,aux/bloque_009.aux,planned
R000928,GMD_0p9144m,0.9144,B1_FV30,FallaTrafo1_ElBight,B5,9,base,aux/bloque_009.aux,planned
R000929,GMD_0p9144m,0.9144,B1_FV30,FallaTrafo2_ElBight,B5,9,base,aux/bloque_009.aux,planned
R000930,GMD_0p9144m,0.9144,B1_FV30,FallaTrafo1_SchoolHouse,B5,9,base,aux/bloque_009.aux,planned
R000931,GMD_0p9144m,0.9144,B1_FV50,FallaLinea1_PuntaEvans_ElBight,B5,9,base,aux/bloque_009.aux,planned
R000932,GMD_0p9144m,0.9144,B1_FV50,FallaLinea2_PuntaEvans_ElBight,B5,9,base,aux/bloque_009.aux,planned
R000933,GMD_0p9144m,0.9144,B1_FV50,FallaLinea1_PuntaEvans_SchoolHouse,B5,9,base,aux/bloque_009.aux,planned
R000934,GMD_0p9144m,0.9144,B1_FV50,FallaLinea1_ElBight_SchoolHouse,B5,9,base,aux/bloque_009.aux,planned
R000935,GMD_0p9144m,0.9144,B1_FV50,FallaElevador1_PuntaEvans,B5,9,base,aux/bloque_009.aux,planned
R000936,GMD_0p9144m,0.9144,B1_FV50,FallaElevador2_PuntaEvans,B5,9,base,aux/bloque_009.aux,planned
R000937,GMD_0p9144m,0.9144,B1_FV50,FallaElevador3_PuntaEvans,B5,9,base,aux/bloque_009.aux,planned
R000938,GMD_0p9144m,0.9144,B1_FV50,FallaTrafo1_ElBight,B5,9,base,aux/bloque_009.aux,planned
R000939,GMD_0p9144m,0.9144,B1_FV50,FallaTrafo2_ElBight,B5,9,base,aux/bloque_009.aux,planned
R000940,GMD_0p9144m,0.9144,B1_FV50,FallaTrafo1_SchoolHouse,B5,9,base,aux/bloque_009.aux,planned
R000941,GMD_0p9144m,0.9144,B5_FV15,FallaLinea1_PuntaEvans_ElBight,B5,9,base,aux/bloque_009.aux,planned
R000942,GMD_0p9144m,0.9144,B5_FV15,FallaLinea2_PuntaEvans_ElBight,B5,9,base,aux/bloque_009.aux,planned
R000943,GMD_0p9144m,0.9144,B5_FV15,FallaLinea1_PuntaEvans_SchoolHouse,B5,9,base,aux/bloque_009.aux,planned
R000944,GMD_0p9144m,0.9144,B5_FV15,FallaLinea1_ElBight_SchoolHouse,B5,9,base,aux/bloque_009.aux,planned
R000945,GMD_0p9144m,0.9144,B5_FV15,FallaElevador1_PuntaEvans,B5,9,base,aux/bloque_009.aux,planned
R000946,GMD_0p9144m,0.9144,B5_FV15,FallaElevador2_PuntaEvans,B5,9,base,aux/bloque_009.aux,planned
R000947,GMD_0p9144m,0.9144,B5_FV15,FallaElevador3_PuntaEvans,B5,9,base,aux/bloque_009.aux,planned
R000948,GMD_0p9144m,0.9144,B5_FV15,FallaTrafo1_ElBight,B5,9,base,aux/bloque_009.aux,planned
R000949,GMD_0p9144m,0.9144,B5_FV15,FallaTrafo2_ElBight,B5,9,base,aux/bloque_009.aux,planned
R000950,GMD_0p9144m,0.9144,B5_FV15,FallaTrafo1_SchoolHouse,B5,9,base,aux/bloque_009.aux,planned
R000951,GMD_0p9144m,0.9144,B5_FV30,FallaLinea1_PuntaEvans_ElBight,B5,9,base,aux/bloque_009.aux,planned
R000952,GMD_0p9144m,0.9144,B5_FV30,FallaLinea2_PuntaEvans_ElBight,B5,9,base,aux/bloque_009.aux,planned
R000953,GMD_0p9144m,0.9144,B5_FV30,FallaLinea1_PuntaEvans_SchoolHouse,B5,9,base,aux/bloque_009.aux,planned
R000954,GMD_0p9144m,0.9144,B5_FV30,FallaLinea1_ElBight_SchoolHouse,B5,9,base,aux/bloque_009.aux,planned
R000955,GMD_0p9144m,0.9144,B5_FV30,FallaElevador1_PuntaEvans,B5,9,base,aux/bloque_009.aux,planned
R000956,GMD_0p9144m,0.9144,B5_FV30,FallaElevador2_PuntaEvans,B5,9,base,aux/bloque_009.aux,planned
R000957,GMD_0p9144m,0.9144,B5_FV30,FallaElevador3_PuntaEvans,B5,9,base,aux/bloque_009.aux,planned
R000958,GMD_0p9144m,0.9144,B5_FV30,FallaTrafo1_ElBight,B5,9,base,aux/bloque_009.aux,planned
R000959,GMD_0p9144m,0.9144,B5_FV30,FallaTrafo2_ElBight,B5,9,base,aux/bloque_009.aux,planned
R000960,GMD_0p9144m,0.9144,B5_FV30,FallaTrafo1_SchoolHouse,B5,9,base,aux/bloque_009.aux,planned
R000961,GMD_0p9144m,0.9144,B5_FV50,FallaLinea1_PuntaEvans_ElBight,B5,9,base,aux/bloque_009.aux,planned
R000962,GMD_0p9144m,0.9144,B5_FV50,FallaLinea2_PuntaEvans_ElBight,B5,9,base,aux/bloque_009.aux,planned
R000963,GMD_0p9144m,0.9144,B5_FV50,FallaLinea1_PuntaEvans_SchoolHouse,B5,9,base,aux/bloque_009.aux,planned
R000964,GMD_0p9144m,0.9144,B5_FV50,FallaLinea1_ElBight_SchoolHouse,B5,9,base,aux/bloque_009.aux,planned
R000965,GMD_0p9144m,0.9144,B5_FV50,FallaElevador1_PuntaEvans,B5,9,base,aux/bloque_009.aux,planned
R000966,GMD_0p9144m,0.9144,B5_FV50,FallaElevador2_PuntaEvans,B5,9,base,aux/bloque_009.aux,planned
R000967,GMD_0p9144m,0.9144,B5_FV50,FallaElevador3_PuntaEvans,B5,9,base,aux/bloque_009.aux,planned
R000968,GMD_0p9144m,0.9144,B5_FV50,FallaTrafo1_ElBight,B5,9,base,aux/bloque_009.aux,planned
R000969,GMD_0p9144m,0.9144,B5_FV50,FallaTrafo2_ElBight,B5,9,base,aux/bloque_009.aux,planned
R000970,GMD_0p9144m,0.9144,B5_FV50,FallaTrafo1_SchoolHouse,B5,9,base,aux/bloque_009.aux,planned
R000971,GMD_0p9144m,0.9144,B6_FV15,FallaLinea1_PuntaEvans_ElBight,B5,9,base,aux/bloque_009.aux,planned
R000972,GMD_0p9144m,0.9144,B6_FV15,FallaLinea2_PuntaEvans_ElBight,B5,9,base,aux/bloque_009.aux,planned
R000973,GMD_0p9144m,0.9144,B6_FV15,FallaLinea1_PuntaEvans_SchoolHouse,B5,9,base,aux/bloque_009.aux,planned
R000974,GMD_0p9144m,0.9144,B6_FV15,FallaLinea1_ElBight_SchoolHouse,B5,9,base,aux/bloque_009.aux,planned
R000975,GMD_0p9144m,0.9144,B6_FV15,FallaElevador1_PuntaEvans,B5,9,base,aux/bloque_009.aux,planned
R000976,GMD_0p9144m,0.9144,B6_FV15,FallaElevador2_PuntaEvans,B5,9,base,aux/bloque_009.aux,planned
R000977,GMD_0p9144m,0.9144,B6_FV15,FallaElevador3_PuntaEvans,B5,9,base,aux/bloque_009.aux,planned
R000978,GMD_0p9144m,0.9144,B6_FV15,FallaTrafo1_ElBight,B5,9,base,aux/bloque_009.aux,planned
R000979,GMD_0p9144m,0.9144,B6_FV15,FallaTrafo2_ElBight,B5,9,base,aux/bloque_009.aux,planned
R000980,GMD_0p9144m,0.9144,B6_FV15,FallaTrafo1_SchoolHouse,B5,9,base,aux/bloque_009.aux,planned
R000981,GMD_0p9144m,0.9144,B6_FV30,FallaLinea1_PuntaEvans_ElBight,B5,9,base,aux/bloque_009.aux,planned
R000982,GMD_0p9144m,0.9144,B6_FV30,FallaLinea2_PuntaEvans_ElBight,B5,9,base,aux/bloque_009.aux,planned
R000983,GMD_0p9144m,0.9144,B6_FV30,FallaLinea1_PuntaEvans_SchoolHouse,B5,9,base,aux/bloque_009.aux,planned
R000984,GMD_0p9144m,0.9144,B6_FV30,FallaLinea1_ElBight_SchoolHouse,B5,9,base,aux/bloque_009.aux,planned
R000985,GMD_0p9144m,0.9144,B6_FV30,FallaElevador1_PuntaEvans,B5,9,base,aux/bloque_009.aux,planned
R000986,GMD_0p9144m,0.9144,B6_FV30,FallaElevador2_PuntaEvans,B5,9,base,aux/bloque_009.aux,planned
R000987,GMD_0p9144m,0.9144,B6_FV30,FallaElevador3_PuntaEvans,B5,9,base,aux/bloque_009.aux,planned
R000988,GMD_0p9144m,0.9144,B6_FV30,FallaTrafo1_ElBight,B5,9,base,aux/bloque_009.aux,planned
R000989,GMD_0p9144m,0.9144,B6_FV30,FallaTrafo2_ElBight,B5,9,base,aux/bloque_009.aux,planned
R000990,GMD_0p9144m,0.9144,B6_FV30,FallaTrafo1_SchoolHouse,B5,9,base,aux/bloque_009.aux,planned
R000991,GMD_0p9144m,0.9144,B6_FV50,FallaLinea1_PuntaEvans_ElBight,B5,9,base,aux/bloque_010.aux,planned
R000992,GMD_0p9144m,0.9144,B6_FV50,FallaLinea2_PuntaEvans_ElBight,B5,9,base,aux/bloque_010.aux,planned
R000993,GMD_0p9144m,0.9144,B6_FV50,FallaLinea1_PuntaEvans_SchoolHouse,B5,9,base,aux/bloque_010.aux,planned
R000994,GMD_0p9144m,0.9144,B6_FV50,FallaLinea1_ElBight_SchoolHouse,B5,9,base,aux/bloque_010.aux,planned
R000995,GMD_0p9144m,0.9144,B6_FV50,FallaElevador1_PuntaEvans,B5,9,base,aux/bloque_010.aux,planned
R000996,GMD_0p9144m,0.9144,B6_FV50,FallaElevador2_PuntaEvans,B5,9,base,aux/bloque_010.aux,planned
R000997,GMD_0p9144m,0.9144,B6_FV50,FallaElevador3_PuntaEvans,B5,9,base,aux/bloque_010.aux,planned
R000998,GMD_0p9144m,0.9144,B6_FV50,FallaTrafo1_ElBight,B5,9,base,aux/bloque_010.aux,planned
R000999,GMD_0p9144m,0.9144,B6_FV50,FallaTrafo2_ElBight,B5,9,base,aux/bloque_010.aux,planned
R001000,GMD_0p9144m,0.9144,B6_FV50,FallaTrafo1_SchoolHouse,B5,9,base,aux/bloque_010.aux,planned
R001001,GMD_0p9144m,0.9144,BASE,FallaLinea1_PuntaEvans_ElBight,B5,10,base,aux/bloque_010.aux,planned
R001002,GMD_0p9144m,0.9144,BASE,FallaLinea2_PuntaEvans_ElBight,B5,10,base,aux/bloque_010.aux,planned
R001003,GMD_0p9144m,0.9144,BASE,FallaLinea1_PuntaEvans_SchoolHouse,B5,10,base,aux/bloque_010.aux,planned
R001004,GMD_0p9144m,0.9144,BASE,FallaLinea1_ElBight_SchoolHouse,B5,10,base,aux/bloque_010.aux,planned
R001005,GMD_0p9144m,0.9144,BASE,FallaElevador1_PuntaEvans,B5,10,base,aux/bloque_010.aux,planned
R001006,GMD_0p9144m,0.9144,BASE,FallaElevador2_PuntaEvans,B5,10,base,aux/bloque_010.aux,planned
R001007,GMD_0p9144m,0.9144,BASE,FallaElevador3_PuntaEvans,B5,10,base,aux/bloque_010.aux,planned
R001008,GMD_0p9144m,0.9144,BASE,FallaTrafo1_ElBight,B5,10,base,aux/bloque_010.aux,planned
R001009,GMD_0p9144m,0.9144,BASE,FallaTrafo2_ElBight,B5,10,base,aux/bloque_010.aux,planned
R001010,GMD_0p9144m,0.9144,BASE,FallaTrafo1_SchoolHouse,B5,10,base,aux/bloque_010.aux,planned
R001011,GMD_0p9144m,0.9144,B1_FV15,FallaLinea1_PuntaEvans_ElBight,B5,10,base,aux/bloque_010.aux,planned
R001012,GMD_0p9144m,0.9144,B1_FV15,FallaLinea2_PuntaEvans_ElBight,B5,10,base,aux/bloque_010.aux,planned
R001013,GMD_0p9144m,0.9144,B1_FV15,FallaLinea1_PuntaEvans_SchoolHouse,B5,10,base,aux/bloque_010.aux,planned
R001014,GMD_0p9144m,0.9144,B1_FV15,FallaLinea1_ElBight_SchoolHouse,B5,10,base,aux/bloque_010.aux,planned
R001015,GMD_0p9144m,0.9144,B1_FV15,FallaElevador1_PuntaEvans,B5,10,base,aux/bloque_010.aux,planned
R001016,GMD_0p9144m,0.9144,B1_FV15,FallaElevador2_PuntaEvans,B5,10,base,aux/bloque_010.aux,planned
R001017,GMD_0p9144m,0.9144,B1_FV15,FallaElevador3_PuntaEvans,B5,10,base,aux/bloque_010.aux,planned
R001018,GMD_0p9144m,0.9144,B1_FV15,FallaTrafo1_ElBight,B5,10,base,aux/bloque_010.aux,planned
R001019,GMD_0p9144m,0.9144,B1_FV15,FallaTrafo2_ElBight,B5,10,base,aux/bloque_010.aux,planned
R001020,GMD_0p9144m,0.9144,B1_FV15,FallaTrafo1_SchoolHouse,B5,10,base,aux/bloque_010.aux,planned
R001021,GMD_0p9144m,0.9144,B1_FV30,FallaLinea1_PuntaEvans_ElBight,B5,10,base,aux/bloque_010.aux,planned
R001022,GMD_0p9144m,0.9144,B1_FV30,FallaLinea2_PuntaEvans_ElBight,B5,10,base,aux/bloque_010.aux,planned
R001023,GMD_0p9144m,0.9144,B1_FV30,FallaLinea1_PuntaEvans_SchoolHouse,B5,10,base,aux/bloque_010.aux,planned
R001024,GMD_0p9144m,0.9144,B1_FV30,FallaLinea1_ElBight_SchoolHouse,B5,10,base,aux/bloque_010.aux,planned
R001025,GMD_0p9144m,0.9144,B1_FV30,FallaElevador1_PuntaEvans,B5,10,base,aux/bloque_010.aux,planned
R001026,GMD_0p9144m,0.9144,B1_FV30,FallaElevador2_PuntaEvans,B5,10,base,aux/bloque_010.aux,planned
R001027,GMD_0p9144m,0.9144,B1_FV30,FallaElevador3_PuntaEvans,B5,10,base,aux/bloque_010.aux,planned
R001028,GMD_0p9144m,0.9144,B1_FV30,FallaTrafo1_ElBight,B5,10,base,aux/bloque_010.aux,planned
R001029,GMD_0p9144m,0.9144,B1_FV30,FallaTrafo2_ElBight,B5,10,base,aux/bloque_010.aux,planned
R001030,GMD_0p9144m,0.9144,B1_FV30,FallaTrafo1_SchoolHouse,B5,10,base,aux/bloque_010.aux,planned
R001031,GMD_0p9144m,0.9144,B1_FV50,FallaLinea1_PuntaEvans_ElBight,B5,10,base,aux/bloque_010.aux,planned
R001032,GMD_0p9144m,0.9144,B1_FV50,FallaLinea2_PuntaEvans_ElBight,B5,10,base,aux/bloque_010.aux,planned
R001033,GMD_0p9144m,0.9144,B1_FV50,FallaLinea1_PuntaEvans_SchoolHouse,B5,10,base,aux/bloque_010.aux,planned
R001034,GMD_0p9144m,0.9144,B1_FV50,FallaLinea1_ElBight_SchoolHouse,B5,10,base,aux/bloque_010.aux,planned
R001035,GMD_0p9144m,0.9144,B1_FV50,FallaElevador1_PuntaEvans,B5,10,base,aux/bloque_010.aux,planned
R001036,GMD_0p9144m,0.9144,B1_FV50,FallaElevador2_PuntaEvans,B5,10,base,aux/bloque_010.aux,planned
R001037,GMD_0p9144m,0.9144,B1_FV50,FallaElevador3_PuntaEvans,B5,10,base,aux/bloque_010.aux,planned
R001038,GMD_0p9144m,0.9144,B1_FV50,FallaTrafo1_ElBight,B5,10,base,aux/bloque_010.aux,planned
R001039,GMD_0p9144m,0.9144,B1_FV50,FallaTrafo2_ElBight,B5,10,base,aux/bloque_010.aux,planned
R001040,GMD_0p9144m,0.9144,B1_FV50,FallaTrafo1_SchoolHouse,B5,10,base,aux/bloque_010.aux,planned
R001041,GMD_0p9144m,0.9144,B5_FV15,FallaLinea1_PuntaEvans_ElBight,B5,10,base,aux/bloque_010.aux,planned
R001042,GMD_0p9144m,0.9144,B5_FV15,FallaLinea2_PuntaEvans_ElBight,B5,10,base,aux/bloque_010.aux,planned
R001043,GMD_0p9144m,0.9144,B5_FV15,FallaLinea1_PuntaEvans_SchoolHouse,B5,10,base,aux/bloque_010.aux,planned
R001044,GMD_0p9144m,0.9144,B5_FV15,FallaLinea1_ElBight_SchoolHouse,B5,10,base,aux/bloque_010.aux,planned
R001045,GMD_0p9144m,0.9144,B5_FV15,FallaElevador1_PuntaEvans,B5,10,base,aux/bloque_010.aux,planned
R001046,GMD_0p9144m,0.9144,B5_FV15,FallaElevador2_PuntaEvans,B5,10,base,aux/bloque_010.aux,planned
R001047,GMD_0p9144m,0.9144,B5_FV15,FallaElevador3_PuntaEvans,B5,10,base,aux/bloque_010.aux,planned
R001048,GMD_0p9144m,0.9144,B5_FV15,FallaTrafo1_ElBight,B5,10,base,aux/bloque_010.aux,planned
R001049,GMD_0p9144m,0.9144,B5_FV15,FallaTrafo2_ElBight,B5,10,base,aux/bloque_010.aux,planned
R001050,GMD_0p9144m,0.9144,B5_FV15,FallaTrafo1_SchoolHouse,B5,10,base,aux/bloque_010.aux,planned
R001051,GMD_0p9144m,0.9144,B5_FV30,FallaLinea1_PuntaEvans_ElBight,B5,10,base,aux/bloque_010.aux,planned
R001052,GMD_0p9144m,0.9144,B5_FV30,FallaLinea2_PuntaEvans_ElBight,B5,10,base,aux/bloque_010.aux,planned
R001053,GMD_0p9144m,0.9144,B5_FV30,FallaLinea1_PuntaEvans_SchoolHouse,B5,10,base,aux/bloque_010.aux,planned
R001054,GMD_0p9144m,0.9144,B5_FV30,FallaLinea1_ElBight_SchoolHouse,B5,10,base,aux/bloque_010.aux,planned
R001055,GMD_0p9144m,0.9144,B5_FV30,FallaElevador1_PuntaEvans,B5,10,base,aux/bloque_010.aux,planned
R001056,GMD_0p9144m,0.9144,B5_FV30,FallaElevador2_PuntaEvans,B5,10,base,aux/bloque_010.aux,planned
R001057,GMD_0p9144m,0.9144,B5_FV30,FallaElevador3_PuntaEvans,B5,10,base,aux/bloque_010.aux,planned
R001058,GMD_0p9144m,0.9144,B5_FV30,FallaTrafo1_ElBight,B5,10,base,aux/bloque_010.aux,planned
R001059,GMD_0p9144m,0.9144,B5_FV30,FallaTrafo2_ElBight,B5,10,base,aux/bloque_010.aux,planned
R001060,GMD_0p9144m,0.9144,B5_FV30,FallaTrafo1_SchoolHouse,B5,10,base,aux/bloque_010.aux,planned
R001061,GMD_0p9144m,0.9144,B5_FV50,FallaLinea1_PuntaEvans_ElBight,B5,10,base,aux/bloque_010.aux,planned
R001062,GMD_0p9144m,0.9144,B5_FV50,FallaLinea2_PuntaEvans_ElBight,B5,10,base,aux/bloque_010.aux,planned
R001063,GMD_0p9144m,0.9144,B5_FV50,FallaLinea1_PuntaEvans_SchoolHouse,B5,10,base,aux/bloque_010.aux,planned
R001064,GMD_0p9144m,0.9144,B5_FV50,FallaLinea1_ElBight_SchoolHouse,B5,10,base,aux/bloque_010.aux,planned
R001065,GMD_0p9144m,0.9144,B5_FV50,FallaElevador1_PuntaEvans,B5,10,base,aux/bloque_010.aux,planned
R001066,GMD_0p9144m,0.9144,B5_FV50,FallaElevador2_PuntaEvans,B5,10,base,aux/bloque_010.aux,planned
R001067,GMD_0p9144m,0.9144,B5_FV50,FallaElevador3_PuntaEvans,B5,10,base,aux/bloque_010.aux,planned
R001068,GMD_0p9144m,0.9144,B5_FV50,FallaTrafo1_ElBight,B5,10,base,aux/bloque_010.aux,planned
R001069,GMD_0p9144m,0.9144,B5_FV50,FallaTrafo2_ElBight,B5,10,base,aux/bloque_010.aux,planned
R001070,GMD_0p9144m,0.9144,B5_FV50,FallaTrafo1_SchoolHouse,B5,10,base,aux/bloque_010.aux,planned
R001071,GMD_0p9144m,0.9144,B6_FV15,FallaLinea1_PuntaEvans_ElBight,B5,10,base,aux/bloque_010.aux,planned
R001072,GMD_0p9144m,0.9144,B6_FV15,FallaLinea2_PuntaEvans_ElBight,B5,10,base,aux/bloque_010.aux,planned
R001073,GMD_0p9144m,0.9144,B6_FV15,FallaLinea1_PuntaEvans_SchoolHouse,B5,10,base,aux/bloque_010.aux,planned
R001074,GMD_0p9144m,0.9144,B6_FV15,FallaLinea1_ElBight_SchoolHouse,B5,10,base,aux/bloque_010.aux,planned
R001075,GMD_0p9144m,0.9144,B6_FV15,FallaElevador1_PuntaEvans,B5,10,base,aux/bloque_010.aux,planned
R001076,GMD_0p9144m,0.9144,B6_FV15,FallaElevador2_PuntaEvans,B5,10,base,aux/bloque_010.aux,planned
R001077,GMD_0p9144m,0.9144,B6_FV15,FallaElevador3_PuntaEvans,B5,10,base,aux/bloque_010.aux,planned
R001078,GMD_0p9144m,0.9144,B6_FV15,FallaTrafo1_ElBight,B5,10,base,aux/bloque_010.aux,planned
R001079,GMD_0p9144m,0.9144,B6_FV15,FallaTrafo2_ElBight,B5,10,base,aux/bloque_010.aux,planned
R001080,GMD_0p9144m,0.9144,B6_FV15,FallaTrafo1_SchoolHouse,B5,10,base,aux/bloque_010.aux,planned
R001081,GMD_0p9144m,0.9144,B6_FV30,FallaLinea1_PuntaEvans_ElBight,B5,10,base,aux/bloque_010.aux,planned
R001082,GMD_0p9144m,0.9144,B6_FV30,FallaLinea2_PuntaEvans_ElBight,B5,10,base,aux/bloque_010.aux,planned
R001083,GMD_0p9144m,0.9144,B6_FV30,FallaLinea1_PuntaEvans_SchoolHouse,B5,10,base,aux/bloque_010.aux,planned
R001084,GMD_0p9144m,0.9144,B6_FV30,FallaLinea1_ElBight_SchoolHouse,B5,10,base,aux/bloque_010.aux,planned
R001085,GMD_0p9144m,0.9144,B6_FV30,FallaElevador1_PuntaEvans,B5,10,base,aux/bloque_010.aux,planned
R001086,GMD_0p9144m,0.9144,B6_FV30,FallaElevador2_PuntaEvans,B5,10,base,aux/bloque_010.aux,planned
R001087,GMD_0p9144m,0.9144,B6_FV30,FallaElevador3_PuntaEvans,B5,10,base,aux/bloque_010.aux,planned
R001088,GMD_0p9144m,0.9144,B6_FV30,FallaTrafo1_ElBight,B5,10,base,aux/bloque_010.aux,planned
R001089,GMD_0p9144m,0.9144,B6_FV30,FallaTrafo2_ElBight,B5,10,base,aux/bloque_010.aux,planned
R001090,GMD_0p9144m,0.9144,B6_FV30,FallaTrafo1_SchoolHouse,B5,10,base,aux/bloque_010.aux,planned
R001091,GMD_0p9144m,0.9144,B6_FV50,FallaLinea1_PuntaEvans_ElBight,B5,10,base,aux/bloque_010.aux,planned
R001092,GMD_0p9144m,0.9144,B6_FV50,FallaLinea2_PuntaEvans_ElBight,B5,10,base,aux/bloque_010.aux,planned
R001093,GMD_0p9144m,0.9144,B6_FV50,FallaLinea1_PuntaEvans_SchoolHouse,B5,10,base,aux/bloque_010.aux,planned
R001094,GMD_0p9144m,0.9144,B6_FV50,FallaLinea1_ElBight_SchoolHouse,B5,10,base,aux/bloque_010.aux,planned
R001095,GMD_0p9144m,0.9144,B6_FV50,FallaElevador1_PuntaEvans,B5,10,base,aux/bloque_010.aux,planned
R001096,GMD_0p9144m,0.9144,B6_FV50,FallaElevador2_PuntaEvans,B5,10,base,aux/bloque_010.aux,planned
R001097,GMD_0p9144m,0.9144,B6_FV50,FallaElevador3_PuntaEvans,B5,10,base,aux/bloque_010.aux,planned
R001098,GMD_0p9144m,0.9144,B6_FV50,FallaTrafo1_ElBight,B5,10,base,aux/bloque_010.aux,planned
R001099,GMD_0p9144m,0.9144,B6_FV50,FallaTrafo2_ElBight,B5,10,base,aux/bloque_010.aux,planned
R001100,GMD_0p9144m,0.9144,B6_FV50,FallaTrafo1_SchoolHouse,B5,10,base,aux/bloque_010.aux,planned
R001101,GMD_0p9144m,0.9144,BASE,FallaLinea1_PuntaEvans_ElBight,B6,0,base,aux/bloque_011.aux,planned
R001102,GMD_0p9144m,0.9144,BASE,FallaLinea2_PuntaEvans_ElBight,B6,0,base,aux/bloque_011.aux,planned
R001103,GMD_0p9144m,0.9144,BASE,FallaLinea1_PuntaEvans_SchoolHouse,B6,0,base,aux/bloque_011.aux,planned
R001104,GMD_0p9144m,0.9144,BASE,FallaLinea1_ElBight_SchoolHouse,B6,0,base,aux/bloque_011.aux,planned
R001105,GMD_0p9144m,0.9144,BASE,FallaElevador1_PuntaEvans,B6,0,base,aux/bloque_011.aux,planned
R001106,GMD_0p9144m,0.9144,BASE,FallaElevador2_PuntaEvans,B6,0,base,aux/bloque_011.aux,planned
R001107,GMD_0p9144m,0.9144,BASE,FallaElevador3_PuntaEvans,B6,0,base,aux/bloque_011.aux,planned
R001108,GMD_0p9144m,0.9144,BASE,FallaTrafo1_ElBight,B6,0,base,aux/bloque_011.aux,planned
R001109,GMD_0p9144m,0.9144,BASE,FallaTrafo2_ElBight,B6,0,base,aux/bloque_011.aux,planned
R001110,GMD_0p9144m,0.9144,BASE,FallaTrafo1_SchoolHouse,B6,0,base,aux/bloque_011.aux,planned
R001111,GMD_0p9144m,0.9144,B1_FV15,FallaLinea1_PuntaEvans_ElBight,B6,0,base,aux/bloque_011.aux,planned
R001112,GMD_0p9144m,0.9144,B1_FV15,FallaLinea2_PuntaEvans_ElBight,B6,0,base,aux/bloque_011.aux,planned
R001113,GMD_0p9144m,0.9144,B1_FV15,FallaLinea1_PuntaEvans_SchoolHouse,B6,0,base,aux/bloque_011.aux,planned
R001114,GMD_0p9144m,0.9144,B1_FV15,FallaLinea1_ElBight_SchoolHouse,B6,0,base,aux/bloque_011.aux,planned
R001115,GMD_0p9144m,0.9144,B1_FV15,FallaElevador1_PuntaEvans,B6,0,base,aux/bloque_011.aux,planned
R001116,GMD_0p9144m,0.9144,B1_FV15,FallaElevador2_PuntaEvans,B6,0,base,aux/bloque_011.aux,planned
R001117,GMD_0p9144m,0.9144,B1_FV15,FallaElevador3_PuntaEvans,B6,0,base,aux/bloque_011.aux,planned
R001118,GMD_0p9144m,0.9144,B1_FV15,FallaTrafo1_ElBight,B6,0,base,aux/bloque_011.aux,planned
R001119,GMD_0p9144m,0.9144,B1_FV15,FallaTrafo2_ElBight,B6,0,base,aux/bloque_011.aux,planned
R001120,GMD_0p9144m,0.9144,B1_FV15,FallaTrafo1_SchoolHouse,B6,0,base,aux/bloque_011.aux,planned
R001121,GMD_0p9144m,0.9144,B1_FV30,FallaLinea1_PuntaEvans_ElBight,B6,0,base,aux/bloque_011.aux,planned
R001122,GMD_0p9144m,0.9144,B1_FV30,FallaLinea2_PuntaEvans_ElBight,B6,0,base,aux/bloque_011.aux,planned
R001123,GMD_0p9144m,0.9144,B1_FV30,FallaLinea1_PuntaEvans_SchoolHouse,B6,0,base,aux/bloque_011.aux,planned
R001124,GMD_0p9144m,0.9144,B1_FV30,FallaLinea1_ElBight_SchoolHouse,B6,0,base,aux/bloque_011.aux,planned
R001125,GMD_0p9144m,0.9144,B1_FV30,FallaElevador1_PuntaEvans,B6,0,base,aux/bloque_011.aux,planned
R001126,GMD_0p9144m,0.9144,B1_FV30,FallaElevador2_PuntaEvans,B6,0,base,aux/bloque_011.aux,planned
R001127,GMD_0p9144m,0.9144,B1_FV30,FallaElevador3_PuntaEvans,B6,0,base,aux/bloque_011.aux,planned
R001128,GMD_0p9144m,0.9144,B1_FV30,FallaTrafo1_ElBight,B6,0,base,aux/bloque_011.aux,planned
R001129,GMD_0p9144m,0.9144,B1_FV30,FallaTrafo2_ElBight,B6,0,base,aux/bloque_011.aux,planned
R001130,GMD_0p9144m,0.9144,B1_FV30,FallaTrafo1_SchoolHouse,B6,0,base,aux/bloque_011.aux,planned
R001131,GMD_0p9144m,0.9144,B1_FV50,FallaLinea1_PuntaEvans_ElBight,B6,0,base,aux/bloque_011.aux,planned
R001132,GMD_0p9144m,0.9144,B1_FV50,FallaLinea2_PuntaEvans_ElBight,B6,0,base,aux/bloque_011.aux,planned
R001133,GMD_0p9144m,0.9144,B1_FV50,FallaLinea1_PuntaEvans_SchoolHouse,B6,0,base,aux/bloque_011.aux,planned
R001134,GMD_0p9144m,0.9144,B1_FV50,FallaLinea1_ElBight_SchoolHouse,B6,0,base,aux/bloque_011.aux,planned
R001135,GMD_0p9144m,0.9144,B1_FV50,FallaElevador1_PuntaEvans,B6,0,base,aux/bloque_011.aux,planned
R001136,GMD_0p9144m,0.9144,B1_FV50,FallaElevador2_PuntaEvans,B6,0,base,aux/bloque_011.aux,planned
R001137,GMD_0p9144m,0.9144,B1_FV50,FallaElevador3_PuntaEvans,B6,0,base,aux/bloque_011.aux,planned
R001138,GMD_0p9144m,0.9144,B1_FV50,FallaTrafo1_ElBight,B6,0,base,aux/bloque_011.aux,planned
R001139,GMD_0p9144m,0.9144,B1_FV50,FallaTrafo2_ElBight,B6,0,base,aux/bloque_011.aux,planned
R001140,GMD_0p9144m,0.9144,B1_FV50,FallaTrafo1_SchoolHouse,B6,0,base,aux/bloque_011.aux,planned
R001141,GMD_0p9144m,0.9144,B5_FV15,FallaLinea1_PuntaEvans_ElBight,B6,0,base,aux/bloque_011.aux,planned
R001142,GMD_0p9144m,0.9144,B5_FV15,FallaLinea2_PuntaEvans_ElBight,B6,0,base,aux/bloque_011.aux,planned
R001143,GMD_0p9144m,0.9144,B5_FV15,FallaLinea1_PuntaEvans_SchoolHouse,B6,0,base,aux/bloque_011.aux,planned
R001144,GMD_0p9144m,0.9144,B5_FV15,FallaLinea1_ElBight_SchoolHouse,B6,0,base,aux/bloque_011.aux,planned
R001145,GMD_0p9144m,0.9144,B5_FV15,FallaElevador1_PuntaEvans,B6,0,base,aux/bloque_011.aux,planned
R001146,GMD_0p9144m,0.9144,B5_FV15,FallaElevador2_PuntaEvans,B6,0,base,aux/bloque_011.aux,planned
R001147,GMD_0p9144m,0.9144,B5_FV15,FallaElevador3_PuntaEvans,B6,0,base,aux/bloque_011.aux,planned
R001148,GMD_0p9144m,0.9144,B5_FV15,FallaTrafo1_ElBight,B6,0,base,aux/bloque_011.aux,planned
R001149,GMD_0p9144m,0.9144,B5_FV15,FallaTrafo2_ElBight,B6,0,base,aux/bloque_011.aux,planned
R001150,GMD_0p9144m,0.9144,B5_FV15,FallaTrafo1_SchoolHouse,B6,0,base,aux/bloque_011.aux,planned
R001151,GMD_0p9144m,0.9144,B5_FV30,FallaLinea1_PuntaEvans_ElBight,B6,0,base,aux/bloque_011.aux,planned
R001152,GMD_0p9144m,0.9144,B5_FV30,FallaLinea2_PuntaEvans_ElBight,B6,0,base,aux/bloque_011.aux,planned
R001153,GMD_0p9144m,0.9144,B5_FV30,FallaLinea1_PuntaEvans_SchoolHouse,B6,0,base,aux/bloque_011.aux,planned
R001154,GMD_0p9144m,0.9144,B5_FV30,FallaLinea1_ElBight_SchoolHouse,B6,0,base,aux/bloque_011.aux,planned
R001155,GMD_0p9144m,0.9144,B5_FV30,FallaElevador1_PuntaEvans,B6,0,base,aux/bloque_011.aux,planned
R001156,GMD_0p9144m,0.9144,B5_FV30,FallaElevador2_PuntaEvans,B6,0,base,aux/bloque_011.aux,planned
R001157,GMD_0p9144m,0.9144,B5_FV30,FallaElevador3_PuntaEvans,B6,0,base,aux/bloque_011.aux,planned
R001158,GMD_0p9144m,0.9144,B5_FV30,FallaTrafo1_ElBight,B6,0,base,aux/bloque_011.aux,planned
R001159,GMD_0p9144m,0.9144,B5_FV30,FallaTrafo2_ElBight,B6,0,base,aux/bloque_011.aux,planned
R001160,GMD_0p9144m,0.9144,B5_FV30,FallaTrafo1_SchoolHouse,B6,0,base,aux/bloque_011.aux,planned
R001161,GMD_0p9144m,0.9144,B5_FV50,FallaLinea1_PuntaEvans_ElBight,B6,0,base,aux/bloque_011.aux,planned
R001162,GMD_0p9144m,0.9144,B5_FV50,FallaLinea2_PuntaEvans_ElBight,B6,0,base,aux/bloque_011.aux,planned
R001163,GMD_0p9144m,0.9144,B5_FV50,FallaLinea1_PuntaEvans_SchoolHouse,B6,0,base,aux/bloque_011.aux,planned
R001164,GMD_0p9144m,0.9144,B5_FV50,FallaLinea1_ElBight_SchoolHouse,B6,0,base,aux/bloque_011.aux,planned
R001165,GMD_0p9144m,0.9144,B5_FV50,FallaElevador1_PuntaEvans,B6,0,base,aux/bloque_011.aux,planned
R001166,GMD_0p9144m,0.9144,B5_FV50,FallaElevador2_PuntaEvans,B6,0,base,aux/bloque_011.aux,planned
R001167,GMD_0p9144m,0.9144,B5_FV50,FallaElevador3_PuntaEvans,B6,0,base,aux/bloque_011.aux,planned
R001168,GMD_0p9144m,0.9144,B5_FV50,FallaTrafo1_ElBight,B6,0,base,aux/bloque_011.aux,planned
R001169,GMD_0p9144m,0.9144,B5_FV50,FallaTrafo2_ElBight,B6,0,base,aux/bloque_011.aux,planned
R001170,GMD_0p9144m,0.9144,B5_FV50,FallaTrafo1_SchoolHouse,B6,0,base,aux/bloque_011.aux,planned
R001171,GMD_0p9144m,0.9144,B6_FV15,FallaLinea1_PuntaEvans_ElBight,B6,0,base,aux/bloque_011.aux,planned
R001172,GMD_0p9144m,0.9144,B6_FV15,FallaLinea2_PuntaEvans_ElBight,B6,0,base,aux/bloque_011.aux,planned
R001173,GMD_0p9144m,0.9144,B6_FV15,FallaLinea1_PuntaEvans_SchoolHouse,B6,0,base,aux/bloque_011.aux,planned
R001174,GMD_0p9144m,0.9144,B6_FV15,FallaLinea1_ElBight_SchoolHouse,B6,0,base,aux/bloque_011.aux,planned
R001175,GMD_0p9144m,0.9144,B6_FV15,FallaElevador1_PuntaEvans,B6,0,base,aux/bloque_011.aux,planned
R001176,GMD_0p9144m,0.9144,B6_FV15,FallaElevador2_PuntaEvans,B6,0,base,aux/bloque_011.aux,planned
R001177,GMD_0p9144m,0.9144,B6_FV15,FallaElevador3_PuntaEvans,B6,0,base,aux/bloque_011.aux,planned
R001178,GMD_0p9144m,0.9144,B6_FV15,FallaTrafo1_ElBight,B6,0,base,aux/bloque_011.aux,planned
R001179,GMD_0p9144m,0.9144,B6_FV15,FallaTrafo2_ElBight,B6,0,base,aux/bloque_011.aux,planned
R001180,GMD_0p9144m,0.9144,B6_FV15,FallaTrafo1_SchoolHouse,B6,0,base,aux/bloque_011.aux,planned
R001181,GMD_0p9144m,0.9144,B6_FV30,FallaLinea1_PuntaEvans_ElBight,B6,0,base,aux/bloque_011.aux,planned
R001182,GMD_0p9144m,0.9144,B6_FV30,FallaLinea2_PuntaEvans_ElBight,B6,0,base,aux/bloque_011.aux,planned
R001183,GMD_0p9144m,0.9144,B6_FV30,FallaLinea1_PuntaEvans_SchoolHouse,B6,0,base,aux/bloque_011.aux,planned
R001184,GMD_0p9144m,0.9144,B6_FV30,FallaLinea1_ElBight_SchoolHouse,B6,0,base,aux/bloque_011.aux,planned
R001185,GMD_0p9144m,0.9144,B6_FV30,FallaElevador1_PuntaEvans,B6,0,base,aux/bloque_011.aux,planned
R001186,GMD_0p9144m,0.9144,B6_FV30,FallaElevador2_PuntaEvans,B6,0,base,aux/bloque_011.aux,planned
R001187,GMD_0p9144m,0.9144,B6_FV30,FallaElevador3_PuntaEvans,B6,0,base,aux/bloque_011.aux,planned
R001188,GMD_0p9144m,0.9144,B6_FV30,FallaTrafo1_ElBight,B6,0,base,aux/bloque_011.aux,planned
R001189,GMD_0p9144m,0.9144,B6_FV30,FallaTrafo2_ElBight,B6,0,base,aux/bloque_011.aux,planned
R001190,GMD_0p9144m,0.9144,B6_FV30,FallaTrafo1_SchoolHouse,B6,0,base,aux/bloque_011.aux,planned
R001191,GMD_0p9144m,0.9144,B6_FV50,FallaLinea1_PuntaEvans_ElBight,B6,0,base,aux/bloque_011.aux,planned
R001192,GMD_0p9144m,0.9144,B6_FV50,FallaLinea2_PuntaEvans_ElBight,B6,0,base,aux/bloque_011.aux,planned
R001193,GMD_0p9144m,0.9144,B6_FV50,FallaLinea1_PuntaEvans_SchoolHouse,B6,0,base,aux/bloque_011.aux,planned
R001194,GMD_0p9144m,0.9144,B6_FV50,FallaLinea1_ElBight_SchoolHouse,B6,0,base,aux/bloque_011.aux,planned
R001195,GMD_0p9144m,0.9144,B6_FV50,FallaElevador1_PuntaEvans,B6,0,base,aux/bloque_011.aux,planned
R001196,GMD_0p9144m,0.9144,B6_FV50,FallaElevador2_PuntaEvans,B6,0,base,aux/bloque_011.aux,planned
R001197,GMD_0p9144m,0.9144,B6_FV50,FallaElevador3_PuntaEvans,B6,0,base,aux/bloque_011.aux,planned
R001198,GMD_0p9144m,0.9144,B6_FV50,FallaTrafo1_ElBight,B6,0,base,aux/bloque_011.aux,planned
R001199,GMD_0p9144m,0.9144,B6_FV50,FallaTrafo2_ElBight,B6,0,base,aux/bloque_011.aux,planned
R001200,GMD_0p9144m,0.9144,B6_FV50,FallaTrafo1_SchoolHouse,B6,0,base,aux/bloque_011.aux,planned
R001201,GMD_0p9144m,0.9144,BASE,FallaLinea1_PuntaEvans_ElBight,B6,1,base,aux/bloque_011.aux,planned
R001202,GMD_0p9144m,0.9144,BASE,FallaLinea2_PuntaEvans_ElBight,B6,1,base,aux/bloque_011.aux,planned
R001203,GMD_0p9144m,0.9144,BASE,FallaLinea1_PuntaEvans_SchoolHouse,B6,1,base,aux/bloque_011.aux,planned
R001204,GMD_0p9144m,0.9144,BASE,FallaLinea1_ElBight_SchoolHouse,B6,1,base,aux/bloque_011.aux,planned
R001205,GMD_0p9144m,0.9144,BASE,FallaElevador1_PuntaEvans,B6,1,base,aux/bloque_011.aux,planned
R001206,GMD_0p9144m,0.9144,BASE,FallaElevador2_PuntaEvans,B6,1,base,aux/bloque_011.aux,planned
R001207,GMD_0p9144m,0.9144,BASE,FallaElevador3_PuntaEvans,B6,1,base,aux/bloque_011.aux,planned
R001208,GMD_0p9144m,0.9144,BASE,FallaTrafo1_ElBight,B6,1,base,aux/bloque_011.aux,planned
R001209,GMD_0p9144m,0.9144,BASE,FallaTrafo2_ElBight,B6,1,base,aux/bloque_011.aux,planned
R001210,GMD_0p9144m,0.9144,BASE,FallaTrafo1_SchoolHouse,B6,1,base,aux/bloque_011.aux,planned
R001211,GMD_0p9144m,0.9144,B1_FV15,FallaLinea1_PuntaEvans_ElBight,B6,1,base,aux/bloque_012.aux,planned
R001212,GMD_0p9144m,0.9144,B1_FV15,FallaLinea2_PuntaEvans_ElBight,B6,1,base,aux/bloque_012.aux,planned
R001213,GMD_0p9144m,0.9144,B1_FV15,FallaLinea1_PuntaEvans_SchoolHouse,B6,1,base,aux/bloque_012.aux,planned
R001214,GMD_0p9144m,0.9144,B1_FV15,FallaLinea1_ElBight_SchoolHouse,B6,1,base,aux/bloque_012.aux,planned
R001215,GMD_0p9144m,0.9144,B1_FV15,FallaElevador1_PuntaEvans,B6,1,base,aux/bloque_012.aux,planned
R001216,GMD_0p9144m,0.9144,B1_FV15,FallaElevador2_PuntaEvans,B6,1,base,aux/bloque_012.aux,planned
R001217,GMD_0p9144m,0.9144,B1_FV15,FallaElevador3_PuntaEvans,B6,1,base,aux/bloque_012.aux,planned
R001218,GMD_0p9144m,0.9144,B1_FV15,FallaTrafo1_ElBight,B6,1,base,aux/bloque_012.aux,planned
R001219,GMD_0p9144m,0.9144,B1_FV15,FallaTrafo2_ElBight,B6,1,base,aux/bloque_012.aux,planned
R001220,GMD_0p9144m,0.9144,B1_FV15,FallaTrafo1_SchoolHouse,B6,1,base,aux/bloque_012.aux,planned
R001221,GMD_0p9144m,0.9144,B1_FV30,FallaLinea1_PuntaEvans_ElBight,B6,1,base,aux/bloque_012.aux,planned
R001222,GMD_0p9144m,0.9144,B1_FV30,FallaLinea2_PuntaEvans_ElBight,B6,1,base,aux/bloque_012.aux,planned
R001223,GMD_0p9144m,0.9144,B1_FV30,FallaLinea1_PuntaEvans_SchoolHouse,B6,1,base,aux/bloque_012.aux,planned
R001224,GMD_0p9144m,0.9144,B1_FV30,FallaLinea1_ElBight_SchoolHouse,B6,1,base,aux/bloque_012.aux,planned
R001225,GMD_0p9144m,0.9144,B1_FV30,FallaElevador1_PuntaEvans,B6,1,base,aux/bloque_012.aux,planned
R001226,GMD_0p9144m,0.9144,B1_FV30,FallaElevador2_PuntaEvans,B6,1,base,aux/bloque_012.aux,planned
R001227,GMD_0p9144m,0.9144,B1_FV30,FallaElevador3_PuntaEvans,B6,1,base,aux/bloque_012.aux,planned
R001228,GMD_0p9144m,0.9144,B1_FV30,FallaTrafo1_ElBight,B6,1,base,aux/bloque_012.aux,planned
R001229,GMD_0p9144m,0.9144,B1_FV30,FallaTrafo2_ElBight,B6,1,base,aux/bloque_012.aux,planned
R001230,GMD_0p9144m,0.9144,B1_FV30,FallaTrafo1_SchoolHouse,B6,1,base,aux/bloque_012.aux,planned
R001231,GMD_0p9144m,0.9144,B1_FV50,FallaLinea1_PuntaEvans_ElBight,B6,1,base,aux/bloque_012.aux,planned
R001232,GMD_0p9144m,0.9144,B1_FV50,FallaLinea2_PuntaEvans_ElBight,B6,1,base,aux/bloque_012.aux,planned
R001233,GMD_0p9144m,0.9144,B1_FV50,FallaLinea1_PuntaEvans_SchoolHouse,B6,1,base,aux/bloque_012.aux,planned
R001234,GMD_0p9144m,0.9144,B1_FV50,FallaLinea1_ElBight_SchoolHouse,B6,1,base,aux/bloque_012.aux,planned
R001235,GMD_0p9144m,0.9144,B1_FV50,FallaElevador1_PuntaEvans,B6,1,base,aux/bloque_012.aux,planned
R001236,GMD_0p9144m,0.9144,B1_FV50,FallaElevador2_PuntaEvans,B6,1,base,aux/bloque_012.aux,planned
R001237,GMD_0p9144m,0.9144,B1_FV50,FallaElevador3_PuntaEvans,B6,1,base,aux/bloque_012.aux,planned
R001238,GMD_0p9144m,0.9144,B1_FV50,FallaTrafo1_ElBight,B6,1,base,aux/bloque_012.aux,planned
R001239,GMD_0p9144m,0.9144,B1_FV50,FallaTrafo2_ElBight,B6,1,base,aux/bloque_012.aux,planned
R001240,GMD_0p9144m,0.9144,B1_FV50,FallaTrafo1_SchoolHouse,B6,1,base,aux/bloque_012.aux,planned
R001241,GMD_0p9144m,0.9144,B5_FV15,FallaLinea1_PuntaEvans_ElBight,B6,1,base,aux/bloque_012.aux,planned
R001242,GMD_0p9144m,0.9144,B5_FV15,FallaLinea2_PuntaEvans_ElBight,B6,1,base,aux/bloque_012.aux,planned
R001243,GMD_0p9144m,0.9144,B5_FV15,FallaLinea1_PuntaEvans_SchoolHouse,B6,1,base,aux/bloque_012.aux,planned
R001244,GMD_0p9144m,0.9144,B5_FV15,FallaLinea1_ElBight_SchoolHouse,B6,1,base,aux/bloque_012.aux,planned
R001245,GMD_0p9144m,0.9144,B5_FV15,FallaElevador1_PuntaEvans,B6,1,base,aux/bloque_012.aux,planned
R001246,GMD_0p9144m,0.9144,B5_FV15,FallaElevador2_PuntaEvans,B6,1,base,aux/bloque_012.aux,planned
R001247,GMD_0p9144m,0.9144,B5_FV15,FallaElevador3_PuntaEvans,B6,1,base,aux/bloque_012.aux,planned
R001248,GMD_0p9144m,0.9144,B5_FV15,FallaTrafo1_ElBight,B6,1,base,aux/bloque_012.aux,planned
R001249,GMD_0p9144m,0.9144,B5_FV15,FallaTrafo2_ElBight,B6,1,base,aux/bloque_012.aux,planned
R001250,GMD_0p9144m,0.9144,B5_FV15,FallaTrafo1_SchoolHouse,B6,1,base,aux/bloque_012.aux,planned
R001251,GMD_0p9144m,0.9144,B5_FV30,FallaLinea1_PuntaEvans_ElBight,B6,1,base,aux/bloque_012.aux,planned
R001252,GMD_0p9144m,0.9144,B5_FV30,FallaLinea2_PuntaEvans_ElBight,B6,1,base,aux/bloque_012.aux,planned
R001253,GMD_0p9144m,0.9144,B5_FV30,FallaLinea1_PuntaEvans_SchoolHouse,B6,1,base,aux/bloque_012.aux,planned
R001254,GMD_0p9144m,0.9144,B5_FV30,FallaLinea1_ElBight_SchoolHouse,B6,1,base,aux/bloque_012.aux,planned
R001255,GMD_0p9144m,0.9144,B5_FV30,FallaElevador1_PuntaEvans,B6,1,base,aux/bloque_012.aux,planned
R001256,GMD_0p9144m,0.9144,B5_FV30,FallaElevador2_PuntaEvans,B6,1,base,aux/bloque_012.aux,planned
R001257,GMD_0p9144m,0.9144,B5_FV30,FallaElevador3_PuntaEvans,B6,1,base,aux/bloque_012.aux,planned
R001258,GMD_0p9144m,0.9144,B5_FV30,FallaTrafo1_ElBight,B6,1,base,aux/bloque_012.aux,planned
R001259,GMD_0p9144m,0.9144,B5_FV30,FallaTrafo2_ElBight,B6,1,base,aux/bloque_012.aux,planned
R001260,GMD_0p9144m,0.9144,B5_FV30,FallaTrafo1_SchoolHouse,B6,1,base,aux/bloque_012.aux,planned
R001261,GMD_0p9144m,0.9144,B5_FV50,FallaLinea1_PuntaEvans_ElBight,B6,1,base,aux/bloque_012.aux,planned
R001262,GMD_0p9144m,0.9144,B5_FV50,FallaLinea2_PuntaEvans_ElBight,B6,1,base,aux/bloque_012.aux,planned
R001263,GMD_0p9144m,0.9144,B5_FV50,FallaLinea1_PuntaEvans_SchoolHouse,B6,1,base,aux/bloque_012.aux,planned
R001264,GMD_0p9144m,0.9144,B5_FV50,FallaLinea1_ElBight_SchoolHouse,B6,1,base,aux/bloque_012.aux,planned
R001265,GMD_0p9144m,0.9144,B5_FV50,FallaElevador1_PuntaEvans,B6,1,base,aux/bloque_012.aux,planned
R001266,GMD_0p9144m,0.9144,B5_FV50,FallaElevador2_PuntaEvans,B6,1,base,aux/bloque_012.aux,planned
R001267,GMD_0p9144m,0.9144,B5_FV50,FallaElevador3_PuntaEvans,B6,1,base,aux/bloque_012.aux,planned
R001268,GMD_0p9144m,0.9144,B5_FV50,FallaTrafo1_ElBight,B6,1,base,aux/bloque_012.aux,planned
R001269,GMD_0p9144m,0.9144,B5_FV50,FallaTrafo2_ElBight,B6,1,base,aux/bloque_012.aux,planned
R001270,GMD_0p9144m,0.9144,B5_FV50,FallaTrafo1_SchoolHouse,B6,1,base,aux/bloque_012.aux,planned
R001271,GMD_0p9144m,0.9144,B6_FV15,FallaLinea1_PuntaEvans_ElBight,B6,1,base,aux/bloque_012.aux,planned
R001272,GMD_0p9144m,0.9144,B6_FV15,FallaLinea2_PuntaEvans_ElBight,B6,1,base,aux/bloque_012.aux,planned
R001273,GMD_0p9144m,0.9144,B6_FV15,FallaLinea1_PuntaEvans_SchoolHouse,B6,1,base,aux/bloque_012.aux,planned
R001274,GMD_0p9144m,0.9144,B6_FV15,FallaLinea1_ElBight_SchoolHouse,B6,1,base,aux/bloque_012.aux,planned
R001275,GMD_0p9144m,0.9144,B6_FV15,FallaElevador1_PuntaEvans,B6,1,base,aux/bloque_012.aux,planned
R001276,GMD_0p9144m,0.9144,B6_FV15,FallaElevador2_PuntaEvans,B6,1,base,aux/bloque_012.aux,planned
R001277,GMD_0p9144m,0.9144,B6_FV15,FallaElevador3_PuntaEvans,B6,1,base,aux/bloque_012.aux,planned
R001278,GMD_0p9144m,0.9144,B6_FV15,FallaTrafo1_ElBight,B6,1,base,aux/bloque_012.aux,planned
R001279,GMD_0p9144m,0.9144,B6_FV15,FallaTrafo2_ElBight,B6,1,base,aux/bloque_012.aux,planned
R001280,GMD_0p9144m,0.9144,B6_FV15,FallaTrafo1_SchoolHouse,B6,1,base,aux/bloque_012.aux,planned
R001281,GMD_0p9144m,0.9144,B6_FV30,FallaLinea1_PuntaEvans_ElBight,B6,1,base,aux/bloque_012.aux,planned
R001282,GMD_0p9144m,0.9144,B6_FV30,FallaLinea2_PuntaEvans_ElBight,B6,1,base,aux/bloque_012.aux,planned
R001283,GMD_0p9144m,0.9144,B6_FV30,FallaLinea1_PuntaEvans_SchoolHouse,B6,1,base,aux/bloque_012.aux,planned
R001284,GMD_0p9144m,0.9144,B6_FV30,FallaLinea1_ElBight_SchoolHouse,B6,1,base,aux/bloque_012.aux,planned
R001285,GMD_0p9144m,0.9144,B6_FV30,FallaElevador1_PuntaEvans,B6,1,base,aux/bloque_012.aux,planned
R001286,GMD_0p9144m,0.9144,B6_FV30,FallaElevador2_PuntaEvans,B6,1,base,aux/bloque_012.aux,planned
R001287,GMD_0p9144m,0.9144,B6_FV30,FallaElevador3_PuntaEvans,B6,1,base,aux/bloque_012.aux,planned
R001288,GMD_0p9144m,0.9144,B6_FV30,FallaTrafo1_ElBight,B6,1,base,aux/bloque_012.aux,planned
R001289,GMD_0p9144m,0.9144,B6_FV30,FallaTrafo2_ElBight,B6,1,base,aux/bloque_012.aux,planned
R001290,GMD_0p9144m,0.9144,B6_FV30,FallaTrafo1_SchoolHouse,B6,1,base,aux/bloque_012.aux,planned
R001291,GMD_0p9144m,0.9144,B6_FV50,FallaLinea1_PuntaEvans_ElBight,B6,1,base,aux/bloque_012.aux,planned
R001292,GMD_0p9144m,0.9144,B6_FV50,FallaLinea2_PuntaEvans_ElBight,B6,1,base,aux/bloque_012.aux,planned
R001293,GMD_0p9144m,0.9144,B6_FV50,FallaLinea1_PuntaEvans_SchoolHouse,B6,1,base,aux/bloque_012.aux,planned
R001294,GMD_0p9144m,0.9144,B6_FV50,FallaLinea1_ElBight_SchoolHouse,B6,1,base,aux/bloque_012.aux,planned
R001295,GMD_0p9144m,0.9144,B6_FV50,FallaElevador1_PuntaEvans,B6,1,base,aux/bloque_012.aux,planned
R001296,GMD_0p9144m,0.9144,B6_FV50,FallaElevador2_PuntaEvans,B6,1,base,aux/bloque_012.aux,planned
R001297,GMD_0p9144m,0.9144,B6_FV50,FallaElevador3_PuntaEvans,B6,1,base,aux/bloque_012.aux,planned
R001298,GMD_0p9144m,0.9144,B6_FV50,FallaTrafo1_ElBight,B6,1,base,aux/bloque_012.aux,planned
R001299,GMD_0p9144m,0.9144,B6_FV50,FallaTrafo2_ElBight,B6,1,base,aux/bloque_012.aux,planned
R001300,GMD_0p9144m,0.9144,B6_FV50,FallaTrafo1_SchoolHouse,B6,1,base,aux/bloque_012.aux,planned
R001301,GMD_0p9144m,0.9144,BASE,FallaLinea1_PuntaEvans_ElBight,B6,2,base,aux/bloque_012.aux,planned
R001302,GMD_0p9144m,0.9144,BASE,FallaLinea2_PuntaEvans_ElBight,B6,2,base,aux/bloque_012.aux,planned
R001303,GMD_0p9144m,0.9144,BASE,FallaLinea1_PuntaEvans_SchoolHouse,B6,2,base,aux/bloque_012.aux,planned
R001304,GMD_0p9144m,0.9144,BASE,FallaLinea1_ElBight_SchoolHouse,B6,2,base,aux/bloque_012.aux,planned
R001305,GMD_0p9144m,0.9144,BASE,FallaElevador1_PuntaEvans,B6,2,base,aux/bloque_012.aux,planned
R001306,GMD_0p9144m,0.9144,BASE,FallaElevador2_PuntaEvans,B6,2,base,aux/bloque_012.aux,planned
R001307,GMD_0p9144m,0.9144,BASE,FallaElevador3_PuntaEvans,B6,2,base,aux/bloque_012.aux,planned
R001308,GMD_0p9144m,0.9144,BASE,FallaTrafo1_ElBight,B6,2,base,aux/bloque_012.aux,planned
R001309,GMD_0p9144m,0.9144,BASE,FallaTrafo2_ElBight,B6,2,base,aux/bloque_012.aux,planned
R001310,GMD_0p9144m,0.9144,BASE,FallaTrafo1_SchoolHouse,B6,2,base,aux/bloque_012.aux,planned
R001311,GMD_0p9144m,0.9144,B1_FV15,FallaLinea1_PuntaEvans_ElBight,B6,2,base,aux/bloque_012.aux,planned
R001312,GMD_0p9144m,0.9144,B1_FV15,FallaLinea2_PuntaEvans_ElBight,B6,2,base,aux/bloque_012.aux,planned
R001313,GMD_0p9144m,0.9144,B1_FV15,FallaLinea1_PuntaEvans_SchoolHouse,B6,2,base,aux/bloque_012.aux,planned
R001314,GMD_0p9144m,0.9144,B1_FV15,FallaLinea1_ElBight_SchoolHouse,B6,2,base,aux/bloque_012.aux,planned
R001315,GMD_0p9144m,0.9144,B1_FV15,FallaElevador1_PuntaEvans,B6,2,base,aux/bloque_012.aux,planned
R001316,GMD_0p9144m,0.9144,B1_FV15,FallaElevador2_PuntaEvans,B6,2,base,aux/bloque_012.aux,planned
R001317,GMD_0p9144m,0.9144,B1_FV15,FallaElevador3_PuntaEvans,B6,2,base,aux/bloque_012.aux,planned
R001318,GMD_0p9144m,0.9144,B1_FV15,FallaTrafo1_ElBight,B6,2,base,aux/bloque_012.aux,planned
R001319,GMD_0p9144m,0.9144,B1_FV15,FallaTrafo2_ElBight,B6,2,base,aux/bloque_012.aux,planned
R001320,GMD_0p9144m,0.9144,B1_FV15,FallaTrafo1_SchoolHouse,B6,2,base,aux/bloque_012.aux,planned
R001321,GMD_0p9144m,0.9144,B1_FV30,FallaLinea1_PuntaEvans_ElBight,B6,2,base,aux/bloque_013.aux,planned
R001322,GMD_0p9144m,0.9144,B1_FV30,FallaLinea2_PuntaEvans_ElBight,B6,2,base,aux/bloque_013.aux,planned
R001323,GMD_0p9144m,0.9144,B1_FV30,FallaLinea1_PuntaEvans_SchoolHouse,B6,2,base,aux/bloque_013.aux,planned
R001324,GMD_0p9144m,0.9144,B1_FV30,FallaLinea1_ElBight_SchoolHouse,B6,2,base,aux/bloque_013.aux,planned
R001325,GMD_0p9144m,0.9144,B1_FV30,FallaElevador1_PuntaEvans,B6,2,base,aux/bloque_013.aux,planned
R001326,GMD_0p9144m,0.9144,B1_FV30,FallaElevador2_PuntaEvans,B6,2,base,aux/bloque_013.aux,planned
R001327,GMD_0p9144m,0.9144,B1_FV30,FallaElevador3_PuntaEvans,B6,2,base,aux/bloque_013.aux,planned
R001328,GMD_0p9144m,0.9144,B1_FV30,FallaTrafo1_ElBight,B6,2,base,aux/bloque_013.aux,planned
R001329,GMD_0p9144m,0.9144,B1_FV30,FallaTrafo2_ElBight,B6,2,base,aux/bloque_013.aux,planned
R001330,GMD_0p9144m,0.9144,B1_FV30,FallaTrafo1_SchoolHouse,B6,2,base,aux/bloque_013.aux,planned
R001331,GMD_0p9144m,0.9144,B1_FV50,FallaLinea1_PuntaEvans_ElBight,B6,2,base,aux/bloque_013.aux,planned
R001332,GMD_0p9144m,0.9144,B1_FV50,FallaLinea2_PuntaEvans_ElBight,B6,2,base,aux/bloque_013.aux,planned
R001333,GMD_0p9144m,0.9144,B1_FV50,FallaLinea1_PuntaEvans_SchoolHouse,B6,2,base,aux/bloque_013.aux,planned
R001334,GMD_0p9144m,0.9144,B1_FV50,FallaLinea1_ElBight_SchoolHouse,B6,2,base,aux/bloque_013.aux,planned
R001335,GMD_0p9144m,0.9144,B1_FV50,FallaElevador1_PuntaEvans,B6,2,base,aux/bloque_013.aux,planned
R001336,GMD_0p9144m,0.9144,B1_FV50,FallaElevador2_PuntaEvans,B6,2,base,aux/bloque_013.aux,planned
R001337,GMD_0p9144m,0.9144,B1_FV50,FallaElevador3_PuntaEvans,B6,2,base,aux/bloque_013.aux,planned
R001338,GMD_0p9144m,0.9144,B1_FV50,FallaTrafo1_ElBight,B6,2,base,aux/bloque_013.aux,planned
R001339,GMD_0p9144m,0.9144,B1_FV50,FallaTrafo2_ElBight,B6,2,base,aux/bloque_013.aux,planned
R001340,GMD_0p9144m,0.9144,B1_FV50,FallaTrafo1_SchoolHouse,B6,2,base,aux/bloque_013.aux,planned
R001341,GMD_0p9144m,0.9144,B5_FV15,FallaLinea1_PuntaEvans_ElBight,B6,2,base,aux/bloque_013.aux,planned
R001342,GMD_0p9144m,0.9144,B5_FV15,FallaLinea2_PuntaEvans_ElBight,B6,2,base,aux/bloque_013.aux,planned
R001343,GMD_0p9144m,0.9144,B5_FV15,FallaLinea1_PuntaEvans_SchoolHouse,B6,2,base,aux/bloque_013.aux,planned
R001344,GMD_0p9144m,0.9144,B5_FV15,FallaLinea1_ElBight_SchoolHouse,B6,2,base,aux/bloque_013.aux,planned
R001345,GMD_0p9144m,0.9144,B5_FV15,FallaElevador1_PuntaEvans,B6,2,base,aux/bloque_013.aux,planned
R001346,GMD_0p9144m,0.9144,B5_FV15,FallaElevador2_PuntaEvans,B6,2,base,aux/bloque_013.aux,planned
R001347,GMD_0p9144m,0.9144,B5_FV15,FallaElevador3_PuntaEvans,B6,2,base,aux/bloque_013.aux,planned
R001348,GMD_0p9144m,0.9144,B5_FV15,FallaTrafo1_ElBight,B6,2,base,aux/bloque_013.aux,planned
R001349,GMD_0p9144m,0.9144,B5_FV15,FallaTrafo2_ElBight,B6,2,base,aux/bloque_013.aux,planned
R001350,GMD_0p9144m,0.9144,B5_FV15,FallaTrafo1_SchoolHouse,B6,2,base,aux/bloque_013.aux,planned
R001351,GMD_0p9144m,0.9144,B5_FV30,FallaLinea1_PuntaEvans_ElBight,B6,2,base,aux/bloque_013.aux,planned
R001352,GMD_0p9144m,0.9144,B5_FV30,FallaLinea2_PuntaEvans_ElBight,B6,2,base,aux/bloque_013.aux,planned
R001353,GMD_0p9144m,0.9144,B5_FV30,FallaLinea1_PuntaEvans_SchoolHouse,B6,2,base,aux/bloque_013.aux,planned
R001354,GMD_0p9144m,0.9144,B5_FV30,FallaLinea1_ElBight_SchoolHouse,B6,2,base,aux/bloque_013.aux,planned
R001355,GMD_0p9144m,0.9144,B5_FV30,FallaElevador1_PuntaEvans,B6,2,base,aux/bloque_013.aux,planned
R001356,GMD_0p9144m,0.9144,B5_FV30,FallaElevador2_PuntaEvans,B6,2,base,aux/bloque_013.aux,planned
R001357,GMD_0p9144m,0.9144,B5_FV30,FallaElevador3_PuntaEvans,B6,2,base,aux/bloque_013.aux,planned
R001358,GMD_0p9144m,0.9144,B5_FV30,FallaTrafo1_ElBight,B6,2,base,aux/bloque_013.aux,planned
R001359,GMD_0p9144m,0.9144,B5_FV30,FallaTrafo2_ElBight,B6,2,base,aux/bloque_013.aux,planned
R001360,GMD_0p9144m,0.9144,B5_FV30,FallaTrafo1_SchoolHouse,B6,2,base,aux/bloque_013.aux,planned
R001361,GMD_0p9144m,0.9144,B5_FV50,FallaLinea1_PuntaEvans_ElBight,B6,2,base,aux/bloque_013.aux,planned
R001362,GMD_0p9144m,0.9144,B5_FV50,FallaLinea2_PuntaEvans_ElBight,B6,2,base,aux/bloque_013.aux,planned
R001363,GMD_0p9144m,0.9144,B5_FV50,FallaLinea1_PuntaEvans_SchoolHouse,B6,2,base,aux/bloque_013.aux,planned
R001364,GMD_0p9144m,0.9144,B5_FV50,FallaLinea1_ElBight_SchoolHouse,B6,2,base,aux/bloque_013.aux,planned
R001365,GMD_0p9144m,0.9144,B5_FV50,FallaElevador1_PuntaEvans,B6,2,base,aux/bloque_013.aux,planned
R001366,GMD_0p9144m,0.9144,B5_FV50,FallaElevador2_PuntaEvans,B6,2,base,aux/bloque_013.aux,planned
R001367,GMD_0p9144m,0.9144,B5_FV50,FallaElevador3_PuntaEvans,B6,2,base,aux/bloque_013.aux,planned
R001368,GMD_0p9144m,0.9144,B5_FV50,FallaTrafo1_ElBight,B6,2,base,aux/bloque_013.aux,planned
R001369,GMD_0p9144m,0.9144,B5_FV50,FallaTrafo2_ElBight,B6,2,base,aux/bloque_013.aux,planned
R001370,GMD_0p9144m,0.9144,B5_FV50,FallaTrafo1_SchoolHouse,B6,2,base,aux/bloque_013.aux,planned
R001371,GMD_0p9144m,0.9144,B6_FV15,FallaLinea1_PuntaEvans_ElBight,B6,2,base,aux/bloque_013.aux,planned
R001372,GMD_0p9144m,0.9144,B6_FV15,FallaLinea2_PuntaEvans_ElBight,B6,2,base,aux/bloque_013.aux,planned
R001373,GMD_0p9144m,0.9144,B6_FV15,FallaLinea1_PuntaEvans_SchoolHouse,B6,2,base,aux/bloque_013.aux,planned
R001374,GMD_0p9144m,0.9144,B6_FV15,FallaLinea1_ElBight_SchoolHouse,B6,2,base,aux/bloque_013.aux,planned
R001375,GMD_0p9144m,0.9144,B6_FV15,FallaElevador1_PuntaEvans,B6,2,base,aux/bloque_013.aux,planned
R001376,GMD_0p9144m,0.9144,B6_FV15,FallaElevador2_PuntaEvans,B6,2,base,aux/bloque_013.aux,planned
R001377,GMD_0p9144m,0.9144,B6_FV15,FallaElevador3_PuntaEvans,B6,2,base,aux/bloque_013.aux,planned
R001378,GMD_0p9144m,0.9144,B6_FV15,FallaTrafo1_ElBight,B6,2,base,aux/bloque_013.aux,planned
R001379,GMD_0p9144m,0.9144,B6_FV15,FallaTrafo2_ElBight,B6,2,base,aux/bloque_013.aux,planned
R001380,GMD_0p9144m,0.9144,B6_FV15,FallaTrafo1_SchoolHouse,B6,2,base,aux/bloque_013.aux,planned
R001381,GMD_0p9144m,0.9144,B6_FV30,FallaLinea1_PuntaEvans_ElBight,B6,2,base,aux/bloque_013.aux,planned
R001382,GMD_0p9144m,0.9144,B6_FV30,FallaLinea2_PuntaEvans_ElBight,B6,2,base,aux/bloque_013.aux,planned
R001383,GMD_0p9144m,0.9144,B6_FV30,FallaLinea1_PuntaEvans_SchoolHouse,B6,2,base,aux/bloque_013.aux,planned
R001384,GMD_0p9144m,0.9144,B6_FV30,FallaLinea1_ElBight_SchoolHouse,B6,2,base,aux/bloque_013.aux,planned
R001385,GMD_0p9144m,0.9144,B6_FV30,FallaElevador1_PuntaEvans,B6,2,base,aux/bloque_013.aux,planned
R001386,GMD_0p9144m,0.9144,B6_FV30,FallaElevador2_PuntaEvans,B6,2,base,aux/bloque_013.aux,planned
R001387,GMD_0p9144m,0.9144,B6_FV30,FallaElevador3_PuntaEvans,B6,2,base,aux/bloque_013.aux,planned
R001388,GMD_0p9144m,0.9144,B6_FV30,FallaTrafo1_ElBight,B6,2,base,aux/bloque_013.aux,planned
R001389,GMD_0p9144m,0.9144,B6_FV30,FallaTrafo2_ElBight,B6,2,base,aux/bloque_013.aux,planned
R001390,GMD_0p9144m,0.9144,B6_FV30,FallaTrafo1_SchoolHouse,B6,2,base,aux/bloque_013.aux,planned
R001391,GMD_0p9144m,0.9144,B6_FV50,FallaLinea1_PuntaEvans_ElBight,B6,2,base,aux/bloque_013.aux,planned
R001392,GMD_0p9144m,0.9144,B6_FV50,FallaLinea2_PuntaEvans_ElBight,B6,2,base,aux/bloque_013.aux,planned
R001393,GMD_0p9144m,0.9144,B6_FV50,FallaLinea1_PuntaEvans_SchoolHouse,B6,2,base,aux/bloque_013.aux,planned
R001394,GMD_0p9144m,0.9144,B6_FV50,FallaLinea1_ElBight_SchoolHouse,B6,2,base,aux/bloque_013.aux,planned
R001395,GMD_0p9144m,0.9144,B6_FV50,FallaElevador1_PuntaEvans,B6,2,base,aux/bloque_013.aux,planned
R001396,GMD_0p9144m,0.9144,B6_FV50,FallaElevador2_PuntaEvans,B6,2,base,aux/bloque_013.aux,planned
R001397,GMD_0p9144m,0.9144,B6_FV50,FallaElevador3_PuntaEvans,B6,2,base,aux/bloque_013.aux,planned
R001398,GMD_0p9144m,0.9144,B6_FV50,FallaTrafo1_ElBight,B6,2,base,aux/bloque_013.aux,planned
R001399,GMD_0p9144m,0.9144,B6_FV50,FallaTrafo2_ElBight,B6,2,base,aux/bloque_013.aux,planned
R001400,GMD_0p9144m,0.9144,B6_FV50,FallaTrafo1_SchoolHouse,B6,2,base,aux/bloque_013.aux,planned
R001401,GMD_0p9144m,0.9144,BASE,FallaLinea1_PuntaEvans_ElBight,B6,3,base,aux/bloque_013.aux,planned
R001402,GMD_0p9144m,0.9144,BASE,FallaLinea2_PuntaEvans_ElBight,B6,3,base,aux/bloque_013.aux,planned
R001403,GMD_0p9144m,0.9144,BASE,FallaLinea1_PuntaEvans_SchoolHouse,B6,3,base,aux/bloque_013.aux,planned
R001404,GMD_0p9144m,0.9144,BASE,FallaLinea1_ElBight_SchoolHouse,B6,3,base,aux/bloque_013.aux,planned
R001405,GMD_0p9144m,0.9144,BASE,FallaElevador1_PuntaEvans,B6,3,base,aux/bloque_013.aux,planned
R001406,GMD_0p9144m,0.9144,BASE,FallaElevador2_PuntaEvans,B6,3,base,aux/bloque_013.aux,planned
R001407,GMD_0p9144m,0.9144,BASE,FallaElevador3_PuntaEvans,B6,3,base,aux/bloque_013.aux,planned
R001408,GMD_0p9144m,0.9144,BASE,FallaTrafo1_ElBight,B6,3,base,aux/bloque_013.aux,planned
R001409,GMD_0p9144m,0.9144,BASE,FallaTrafo2_ElBight,B6,3,base,aux/bloque_013.aux,planned
R001410,GMD_0p9144m,0.9144,BASE,FallaTrafo1_SchoolHouse,B6,3,base,aux/bloque_013.aux,planned
R001411,GMD_0p9144m,0.9144,B1_FV15,FallaLinea1_PuntaEvans_ElBight,B6,3,base,aux/bloque_013.aux,planned
R001412,GMD_0p9144m,0.9144,B1_FV15,FallaLinea2_PuntaEvans_ElBight,B6,3,base,aux/bloque_013.aux,planned
R001413,GMD_0p9144m,0.9144,B1_FV15,FallaLinea1_PuntaEvans_SchoolHouse,B6,3,base,aux/bloque_013.aux,planned
R001414,GMD_0p9144m,0.9144,B1_FV15,FallaLinea1_ElBight_SchoolHouse,B6,3,base,aux/bloque_013.aux,planned
R001415,GMD_0p9144m,0.9144,B1_FV15,FallaElevador1_PuntaEvans,B6,3,base,aux/bloque_013.aux,planned
R001416,GMD_0p9144m,0.9144,B1_FV15,FallaElevador2_PuntaEvans,B6,3,base,aux/bloque_013.aux,planned
R001417,GMD_0p9144m,0.9144,B1_FV15,FallaElevador3_PuntaEvans,B6,3,base,aux/bloque_013.aux,planned
R001418,GMD_0p9144m,0.9144,B1_FV15,FallaTrafo1_ElBight,B6,3,base,aux/bloque_013.aux,planned
R001419,GMD_0p9144m,0.9144,B1_FV15,FallaTrafo2_ElBight,B6,3,base,aux/bloque_013.aux,planned
R001420,GMD_0p9144m,0.9144,B1_FV15,FallaTrafo1_SchoolHouse,B6,3,base,aux/bloque_013.aux,planned
R001421,GMD_0p9144m,0.9144,B1_FV30,FallaLinea1_PuntaEvans_ElBight,B6,3,base,aux/bloque_013.aux,planned
R001422,GMD_0p9144m,0.9144,B1_FV30,FallaLinea2_PuntaEvans_ElBight,B6,3,base,aux/bloque_013.aux,planned
R001423,GMD_0p9144m,0.9144,B1_FV30,FallaLinea1_PuntaEvans_SchoolHouse,B6,3,base,aux/bloque_013.aux,planned
R001424,GMD_0p9144m,0.9144,B1_FV30,FallaLinea1_ElBight_SchoolHouse,B6,3,base,aux/bloque_013.aux,planned
R001425,GMD_0p9144m,0.9144,B1_FV30,FallaElevador1_PuntaEvans,B6,3,base,aux/bloque_013.aux,planned
R001426,GMD_0p9144m,0.9144,B1_FV30,FallaElevador2_PuntaEvans,B6,3,base,aux/bloque_013.aux,planned
R001427,GMD_0p9144m,0.9144,B1_FV30,FallaElevador3_PuntaEvans,B6,3,base,aux/bloque_013.aux,planned
R001428,GMD_0p9144m,0.9144,B1_FV30,FallaTrafo1_ElBight,B6,3,base,aux/bloque_013.aux,planned
R001429,GMD_0p9144m,0.9144,B1_FV30,FallaTrafo2_ElBight,B6,3,base,aux/bloque_013.aux,planned
R001430,GMD_0p9144m,0.9144,B1_FV30,FallaTrafo1_SchoolHouse,B6,3,base,aux/bloque_013.aux,planned
R001431,GMD_0p9144m,0.9144,B1_FV50,FallaLinea1_PuntaEvans_ElBight,B6,3,base,aux/bloque_014.aux,planned
R001432,GMD_0p9144m,0.9144,B1_FV50,FallaLinea2_PuntaEvans_ElBight,B6,3,base,aux/bloque_014.aux,planned
R001433,GMD_0p9144m,0.9144,B1_FV50,FallaLinea1_PuntaEvans_SchoolHouse,B6,3,base,aux/bloque_014.aux,planned
R001434,GMD_0p9144m,0.9144,B1_FV50,FallaLinea1_ElBight_SchoolHouse,B6,3,base,aux/bloque_014.aux,planned
R001435,GMD_0p9144m,0.9144,B1_FV50,FallaElevador1_PuntaEvans,B6,3,base,aux/bloque_014.aux,planned
R001436,GMD_0p9144m,0.9144,B1_FV50,FallaElevador2_PuntaEvans,B6,3,base,aux/bloque_014.aux,planned
R001437,GMD_0p9144m,0.9144,B1_FV50,FallaElevador3_PuntaEvans,B6,3,base,aux/bloque_014.aux,planned
R001438,GMD_0p9144m,0.9144,B1_FV50,FallaTrafo1_ElBight,B6,3,base,aux/bloque_014.aux,planned
R001439,GMD_0p9144m,0.9144,B1_FV50,FallaTrafo2_ElBight,B6,3,base,aux/bloque_014.aux,planned
R001440,GMD_0p9144m,0.9144,B1_FV50,FallaTrafo1_SchoolHouse,B6,3,base,aux/bloque_014.aux,planned
R001441,GMD_0p9144m,0.9144,B5_FV15,FallaLinea1_PuntaEvans_ElBight,B6,3,base,aux/bloque_014.aux,planned
R001442,GMD_0p9144m,0.9144,B5_FV15,FallaLinea2_PuntaEvans_ElBight,B6,3,base,aux/bloque_014.aux,planned
R001443,GMD_0p9144m,0.9144,B5_FV15,FallaLinea1_PuntaEvans_SchoolHouse,B6,3,base,aux/bloque_014.aux,planned
R001444,GMD_0p9144m,0.9144,B5_FV15,FallaLinea1_ElBight_SchoolHouse,B6,3,base,aux/bloque_014.aux,planned
R001445,GMD_0p9144m,0.9144,B5_FV15,FallaElevador1_PuntaEvans,B6,3,base,aux/bloque_014.aux,planned
R001446,GMD_0p9144m,0.9144,B5_FV15,FallaElevador2_PuntaEvans,B6,3,base,aux/bloque_014.aux,planned
R001447,GMD_0p9144m,0.9144,B5_FV15,FallaElevador3_PuntaEvans,B6,3,base,aux/bloque_014.aux,planned
R001448,GMD_0p9144m,0.9144,B5_FV15,FallaTrafo1_ElBight,B6,3,base,aux/bloque_014.aux,planned
R001449,GMD_0p9144m,0.9144,B5_FV15,FallaTrafo2_ElBight,B6,3,base,aux/bloque_014.aux,planned
R001450,GMD_0p9144m,0.9144,B5_FV15,FallaTrafo1_SchoolHouse,B6,3,base,aux/bloque_014.aux,planned
R001451,GMD_0p9144m,0.9144,B5_FV30,FallaLinea1_PuntaEvans_ElBight,B6,3,base,aux/bloque_014.aux,planned
R001452,GMD_0p9144m,0.9144,B5_FV30,FallaLinea2_PuntaEvans_ElBight,B6,3,base,aux/bloque_014.aux,planned
R001453,GMD_0p9144m,0.9144,B5_FV30,FallaLinea1_PuntaEvans_SchoolHouse,B6,3,base,aux/bloque_014.aux,planned
R001454,GMD_0p9144m,0.9144,B5_FV30,FallaLinea1_ElBight_SchoolHouse,B6,3,base,aux/bloque_014.aux,planned
R001455,GMD_0p9144m,0.9144,B5_FV30,FallaElevador1_PuntaEvans,B6,3,base,aux/bloque_014.aux,planned
R001456,GMD_0p9144m,0.9144,B5_FV30,FallaElevador2_PuntaEvans,B6,3,base,aux/bloque_014.aux,planned
R001457,GMD_0p9144m,0.9144,B5_FV30,FallaElevador3_PuntaEvans,B6,3,base,aux/bloque_014.aux,planned
R001458,GMD_0p9144m,0.9144,B5_FV30,FallaTrafo1_ElBight,B6,3,base,aux/bloque_014.aux,planned
R001459,GMD_0p9144m,0.9144,B5_FV30,FallaTrafo2_ElBight,B6,3,base,aux/bloque_014.aux,planned
R001460,GMD_0p9144m,0.9144,B5_FV30,FallaTrafo1_SchoolHouse,B6,3,base,aux/bloque_014.aux,planned
R001461,GMD_0p9144m,0.9144,B5_FV50,FallaLinea1_PuntaEvans_ElBight,B6,3,base,aux/bloque_014.aux,planned
R001462,GMD_0p9144m,0.9144,B5_FV50,FallaLinea2_PuntaEvans_ElBight,B6,3,base,aux/bloque_014.aux,planned
R001463,GMD_0p9144m,0.9144,B5_FV50,FallaLinea1_PuntaEvans_SchoolHouse,B6,3,base,aux/bloque_014.aux,planned
R001464,GMD_0p9144m,0.9144,B5_FV50,FallaLinea1_ElBight_SchoolHouse,B6,3,base,aux/bloque_014.aux,planned
R001465,GMD_0p9144m,0.9144,B5_FV50,FallaElevador1_PuntaEvans,B6,3,base,aux/bloque_014.aux,planned
R001466,GMD_0p9144m,0.9144,B5_FV50,FallaElevador2_PuntaEvans,B6,3,base,aux/bloque_014.aux,planned
R001467,GMD_0p9144m,0.9144,B5_FV50,FallaElevador3_PuntaEvans,B6,3,base,aux/bloque_014.aux,planned
R001468,GMD_0p9144m,0.9144,B5_FV50,FallaTrafo1_ElBight,B6,3,base,aux/bloque_014.aux,planned
R001469,GMD_0p9144m,0.9144,B5_FV50,FallaTrafo2_ElBight,B6,3,base,aux/bloque_014.aux,planned
R001470,GMD_0p9144m,0.9144,B5_FV50,FallaTrafo1_SchoolHouse,B6,3,base,aux/bloque_014.aux,planned
R001471,GMD_0p9144m,0.9144,B6_FV15,FallaLinea1_PuntaEvans_ElBight,B6,3,base,aux/bloque_014.aux,planned
R001472,GMD_0p9144m,0.9144,B6_FV15,FallaLinea2_PuntaEvans_ElBight,B6,3,base,aux/bloque_014.aux,planned
R001473,GMD_0p9144m,0.9144,B6_FV15,FallaLinea1_PuntaEvans_SchoolHouse,B6,3,base,aux/bloque_014.aux,planned
R001474,GMD_0p9144m,0.9144,B6_FV15,FallaLinea1_ElBight_SchoolHouse,B6,3,base,aux/bloque_014.aux,planned
R001475,GMD_0p9144m,0.9144,B6_FV15,FallaElevador1_PuntaEvans,B6,3,base,aux/bloque_014.aux,planned
R001476,GMD_0p9144m,0.9144,B6_FV15,FallaElevador2_PuntaEvans,B6,3,base,aux/bloque_014.aux,planned
R001477,GMD_0p9144m,0.9144,B6_FV15,FallaElevador3_PuntaEvans,B6,3,base,aux/bloque_014.aux,planned
R001478,GMD_0p9144m,0.9144,B6_FV15,FallaTrafo1_ElBight,B6,3,base,aux/bloque_014.aux,planned
R001479,GMD_0p9144m,0.9144,B6_FV15,FallaTrafo2_ElBight,B6,3,base,aux/bloque_014.aux,planned
R001480,GMD_0p9144m,0.9144,B6_FV15,FallaTrafo1_SchoolHouse,B6,3,base,aux/bloque_014.aux,planned
R001481,GMD_0p9144m,0.9144,B6_FV30,FallaLinea1_PuntaEvans_ElBight,B6,3,base,aux/bloque_014.aux,planned
R001482,GMD_0p9144m,0.9144,B6_FV30,FallaLinea2_PuntaEvans_ElBight,B6,3,base,aux/bloque_014.aux,planned
R001483,GMD_0p9144m,0.9144,B6_FV30,FallaLinea1_PuntaEvans_SchoolHouse,B6,3,base,aux/bloque_014.aux,planned
R001484,GMD_0p9144m,0.9144,B6_FV30,FallaLinea1_ElBight_SchoolHouse,B6,3,base,aux/bloque_014.aux,planned
R001485,GMD_0p9144m,0.9144,B6_FV30,FallaElevador1_PuntaEvans,B6,3,base,aux/bloque_014.aux,planned
R001486,GMD_0p9144m,0.9144,B6_FV30,FallaElevador2_PuntaEvans,B6,3,base,aux/bloque_014.aux,planned
R001487,GMD_0p9144m,0.9144,B6_FV30,FallaElevador3_PuntaEvans,B6,3,base,aux/bloque_014.aux,planned
R001488,GMD_0p9144m,0.9144,B6_FV30,FallaTrafo1_ElBight,B6,3,base,aux/bloque_014.aux,planned
R001489,GMD_0p9144m,0.9144,B6_FV30,FallaTrafo2_ElBight,B6,3,base,aux/bloque_014.aux,planned
R001490,GMD_0p9144m,0.9144,B6_FV30,FallaTrafo1_SchoolHouse,B6,3,base,aux/bloque_014.aux,planned
R001491,GMD_0p9144m,0.9144,B6_FV50,FallaLinea1_PuntaEvans_ElBight,B6,3,base,aux/bloque_014.aux,planned
R001492,GMD_0p9144m,0.9144,B6_FV50,FallaLinea2_PuntaEvans_ElBight,B6,3,base,aux/bloque_014.aux,planned
R001493,GMD_0p9144m,0.9144,B6_FV50,FallaLinea1_PuntaEvans_SchoolHouse,B6,3,base,aux/bloque_014.aux,planned
R001494,GMD_0p9144m,0.9144,B6_FV50,FallaLinea1_ElBight_SchoolHouse,B6,3,base,aux/bloque_014.aux,planned
R001495,GMD_0p9144m,0.9144,B6_FV50,FallaElevador1_PuntaEvans,B6,3,base,aux/bloque_014.aux,planned
R001496,GMD_0p9144m,0.9144,B6_FV50,FallaElevador2_PuntaEvans,B6,3,base,aux/bloque_014.aux,planned
R001497,GMD_0p9144m,0.9144,B6_FV50,FallaElevador3_PuntaEvans,B6,3,base,aux/bloque_014.aux,planned
R001498,GMD_0p9144m,0.9144,B6_FV50,FallaTrafo1_ElBight,B6,3,base,aux/bloque_014.aux,planned
R001499,GMD_0p9144m,0.9144,B6_FV50,FallaTrafo2_ElBight,B6,3,base,aux/bloque_014.aux,planned
R001500,GMD_0p9144m,0.9144,B6_FV50,FallaTrafo1_SchoolHouse,B6,3,base,aux/bloque_014.aux,planned
R001501,GMD_0p9144m,0.9144,BASE,FallaLinea1_PuntaEvans_ElBight,B6,4,base,aux/bloque_014.aux,planned
R001502,GMD_0p9144m,0.9144,BASE,FallaLinea2_PuntaEvans_ElBight,B6,4,base,aux/bloque_014.aux,planned
R001503,GMD_0p9144m,0.9144,BASE,FallaLinea1_PuntaEvans_SchoolHouse,B6,4,base,aux/bloque_014.aux,planned
R001504,GMD_0p9144m,0.9144,BASE,FallaLinea1_ElBight_SchoolHouse,B6,4,base,aux/bloque_014.aux,planned
R001505,GMD_0p9144m,0.9144,BASE,FallaElevador1_PuntaEvans,B6,4,base,aux/bloque_014.aux,planned
R001506,GMD_0p9144m,0.9144,BASE,FallaElevador2_PuntaEvans,B6,4,base,aux/bloque_014.aux,planned
R001507,GMD_0p9144m,0.9144,BASE,FallaElevador3_PuntaEvans,B6,4,base,aux/bloque_014.aux,planned
R001508,GMD_0p9144m,0.9144,BASE,FallaTrafo1_ElBight,B6,4,base,aux/bloque_014.aux,planned
R001509,GMD_0p9144m,0.9144,BASE,FallaTrafo2_ElBight,B6,4,base,aux/bloque_014.aux,planned
R001510,GMD_0p9144m,0.9144,BASE,FallaTrafo1_SchoolHouse,B6,4,base,aux/bloque_014.aux,planned
R001511,GMD_0p9144m,0.9144,B1_FV15,FallaLinea1_PuntaEvans_ElBight,B6,4,base,aux/bloque_014.aux,planned
R001512,GMD_0p9144m,0.9144,B1_FV15,FallaLinea2_PuntaEvans_ElBight,B6,4,base,aux/bloque_014.aux,planned
R001513,GMD_0p9144m,0.9144,B1_FV15,FallaLinea1_PuntaEvans_SchoolHouse,B6,4,base,aux/bloque_014.aux,planned
R001514,GMD_0p9144m,0.9144,B1_FV15,FallaLinea1_ElBight_SchoolHouse,B6,4,base,aux/bloque_014.aux,planned
R001515,GMD_0p9144m,0.9144,B1_FV15,FallaElevador1_PuntaEvans,B6,4,base,aux/bloque_014.aux,planned
R001516,GMD_0p9144m,0.9144,B1_FV15,FallaElevador2_PuntaEvans,B6,4,base,aux/bloque_014.aux,planned
R001517,GMD_0p9144m,0.9144,B1_FV15,FallaElevador3_PuntaEvans,B6,4,base,aux/bloque_014.aux,planned
R001518,GMD_0p9144m,0.9144,B1_FV15,FallaTrafo1_ElBight,B6,4,base,aux/bloque_014.aux,planned
R001519,GMD_0p9144m,0.9144,B1_FV15,FallaTrafo2_ElBight,B6,4,base,aux/bloque_014.aux,planned
R001520,GMD_0p9144m,0.9144,B1_FV15,FallaTrafo1_SchoolHouse,B6,4,base,aux/bloque_014.aux,planned
R001521,GMD_0p9144m,0.9144,B1_FV30,FallaLinea1_PuntaEvans_ElBight,B6,4,base,aux/bloque_014.aux,planned
R001522,GMD_0p9144m,0.9144,B1_FV30,FallaLinea2_PuntaEvans_ElBight,B6,4,base,aux/bloque_014.aux,planned
R001523,GMD_0p9144m,0.9144,B1_FV30,FallaLinea1_PuntaEvans_SchoolHouse,B6,4,base,aux/bloque_014.aux,planned
R001524,GMD_0p9144m,0.9144,B1_FV30,FallaLinea1_ElBight_SchoolHouse,B6,4,base,aux/bloque_014.aux,planned
R001525,GMD_0p9144m,0.9144,B1_FV30,FallaElevador1_PuntaEvans,B6,4,base,aux/bloque_014.aux,planned
R001526,GMD_0p9144m,0.9144,B1_FV30,FallaElevador2_PuntaEvans,B6,4,base,aux/bloque_014.aux,planned
R001527,GMD_0p9144m,0.9144,B1_FV30,FallaElevador3_PuntaEvans,B6,4,base,aux/bloque_014.aux,planned
R001528,GMD_0p9144m,0.9144,B1_FV30,FallaTrafo1_ElBight,B6,4,base,aux/bloque_014.aux,planned
R001529,GMD_0p9144m,0.9144,B1_FV30,FallaTrafo2_ElBight,B6,4,base,aux/bloque_014.aux,planned
R001530,GMD_0p9144m,0.9144,B1_FV30,FallaTrafo1_SchoolHouse,B6,4,base,aux/bloque_014.aux,planned
R001531,GMD_0p9144m,0.9144,B1_FV50,FallaLinea1_PuntaEvans_ElBight,B6,4,base,aux/bloque_014.aux,planned
R001532,GMD_0p9144m,0.9144,B1_FV50,FallaLinea2_PuntaEvans_ElBight,B6,4,base,aux/bloque_014.aux,planned
R001533,GMD_0p9144m,0.9144,B1_FV50,FallaLinea1_PuntaEvans_SchoolHouse,B6,4,base,aux/bloque_014.aux,planned
R001534,GMD_0p9144m,0.9144,B1_FV50,FallaLinea1_ElBight_SchoolHouse,B6,4,base,aux/bloque_014.aux,planned
R001535,GMD_0p9144m,0.9144,B1_FV50,FallaElevador1_PuntaEvans,B6,4,base,aux/bloque_014.aux,planned
R001536,GMD_0p9144m,0.9144,B1_FV50,FallaElevador2_PuntaEvans,B6,4,base,aux/bloque_014.aux,planned
R001537,GMD_0p9144m,0.9144,B1_FV50,FallaElevador3_PuntaEvans,B6,4,base,aux/bloque_014.aux,planned
R001538,GMD_0p9144m,0.9144,B1_FV50,FallaTrafo1_ElBight,B6,4,base,aux/bloque_014.aux,planned
R001539,GMD_0p9144m,0.9144,B1_FV50,FallaTrafo2_ElBight,B6,4,base,aux/bloque_014.aux,planned
R001540,GMD_0p9144m,0.9144,B1_FV50,FallaTrafo1_SchoolHouse,B6,4,base,aux/bloque_014.aux,planned
R001541,GMD_0p9144m,0.9144,B5_FV15,FallaLinea1_PuntaEvans_ElBight,B6,4,base,aux/bloque_015.aux,planned
R001542,GMD_0p9144m,0.9144,B5_FV15,FallaLinea2_PuntaEvans_ElBight,B6,4,base,aux/bloque_015.aux,planned
R001543,GMD_0p9144m,0.9144,B5_FV15,FallaLinea1_PuntaEvans_SchoolHouse,B6,4,base,aux/bloque_015.aux,planned
R001544,GMD_0p9144m,0.9144,B5_FV15,FallaLinea1_ElBight_SchoolHouse,B6,4,base,aux/bloque_015.aux,planned
R001545,GMD_0p9144m,0.9144,B5_FV15,FallaElevador1_PuntaEvans,B6,4,base,aux/bloque_015.aux,planned
R001546,GMD_0p9144m,0.9144,B5_FV15,FallaElevador2_PuntaEvans,B6,4,base,aux/bloque_015.aux,planned
R001547,GMD_0p9144m,0.9144,B5_FV15,FallaElevador3_PuntaEvans,B6,4,base,aux/bloque_015.aux,planned
R001548,GMD_0p9144m,0.9144,B5_FV15,FallaTrafo1_ElBight,B6,4,base,aux/bloque_015.aux,planned
R001549,GMD_0p9144m,0.9144,B5_FV15,FallaTrafo2_ElBight,B6,4,base,aux/bloque_015.aux,planned
R001550,GMD_0p9144m,0.9144,B5_FV15,FallaTrafo1_SchoolHouse,B6,4,base,aux/bloque_015.aux,planned
R001551,GMD_0p9144m,0.9144,B5_FV30,FallaLinea1_PuntaEvans_ElBight,B6,4,base,aux/bloque_015.aux,planned
R001552,GMD_0p9144m,0.9144,B5_FV30,FallaLinea2_PuntaEvans_ElBight,B6,4,base,aux/bloque_015.aux,planned
R001553,GMD_0p9144m,0.9144,B5_FV30,FallaLinea1_PuntaEvans_SchoolHouse,B6,4,base,aux/bloque_015.aux,planned
R001554,GMD_0p9144m,0.9144,B5_FV30,FallaLinea1_ElBight_SchoolHouse,B6,4,base,aux/bloque_015.aux,planned
R001555,GMD_0p9144m,0.9144,B5_FV30,FallaElevador1_PuntaEvans,B6,4,base,aux/bloque_015.aux,planned
R001556,GMD_0p9144m,0.9144,B5_FV30,FallaElevador2_PuntaEvans,B6,4,base,aux/bloque_015.aux,planned
R001557,GMD_0p9144m,0.9144,B5_FV30,FallaElevador3_PuntaEvans,B6,4,base,aux/bloque_015.aux,planned
R001558,GMD_0p9144m,0.9144,B5_FV30,FallaTrafo1_ElBight,B6,4,base,aux/bloque_015.aux,planned
R001559,GMD_0p9144m,0.9144,B5_FV30,FallaTrafo2_ElBight,B6,4,base,aux/bloque_015.aux,planned
R001560,GMD_0p9144m,0.9144,B5_FV30,FallaTrafo1_SchoolHouse,B6,4,base,aux/bloque_015.aux,planned
R001561,GMD_0p9144m,0.9144,B5_FV50,FallaLinea1_PuntaEvans_ElBight,B6,4,base,aux/bloque_015.aux,planned
R001562,GMD_0p9144m,0.9144,B5_FV50,FallaLinea2_PuntaEvans_ElBight,B6,4,base,aux/bloque_015.aux,planned
R001563,GMD_0p9144m,0.9144,B5_FV50,FallaLinea1_PuntaEvans_SchoolHouse,B6,4,base,aux/bloque_015.aux,planned
R001564,GMD_0p9144m,0.9144,B5_FV50,FallaLinea1_ElBight_SchoolHouse,B6,4,base,aux/bloque_015.aux,planned
R001565,GMD_0p9144m,0.9144,B5_FV50,FallaElevador1_PuntaEvans,B6,4,base,aux/bloque_015.aux,planned
R001566,GMD_0p9144m,0.9144,B5_FV50,FallaElevador2_PuntaEvans,B6,4,base,aux/bloque_015.aux,planned
R001567,GMD_0p9144m,0.9144,B5_FV50,FallaElevador3_PuntaEvans,B6,4,base,aux/bloque_015.aux,planned
R001568,GMD_0p9144m,0.9144,B5_FV50,FallaTrafo1_ElBight,B6,4,base,aux/bloque_015.aux,planned
R001569,GMD_0p9144m,0.9144,B5_FV50,FallaTrafo2_ElBight,B6,4,base,aux/bloque_015.aux,planned
R001570,GMD_0p9144m,0.9144,B5_FV50,FallaTrafo1_SchoolHouse,B6,4,base,aux/bloque_015.aux,planned
R001571,GMD_0p9144m,0.9144,B6_FV15,FallaLinea1_PuntaEvans_ElBight,B6,4,base,aux/bloque_015.aux,planned
R001572,GMD_0p9144m,0.9144,B6_FV15,FallaLinea2_PuntaEvans_ElBight,B6,4,base,aux/bloque_015.aux,planned
R001573,GMD_0p9144m,0.9144,B6_FV15,FallaLinea1_PuntaEvans_SchoolHouse,B6,4,base,aux/bloque_015.aux,planned
R001574,GMD_0p9144m,0.9144,B6_FV15,FallaLinea1_ElBight_SchoolHouse,B6,4,base,aux/bloque_015.aux,planned
R001575,GMD_0p9144m,0.9144,B6_FV15,FallaElevador1_PuntaEvans,B6,4,base,aux/bloque_015.aux,planned
R001576,GMD_0p9144m,0.9144,B6_FV15,FallaElevador2_PuntaEvans,B6,4,base,aux/bloque_015.aux,planned
R001577,GMD_0p9144m,0.9144,B6_FV15,FallaElevador3_PuntaEvans,B6,4,base,aux/bloque_015.aux,planned
R001578,GMD_0p9144m,0.9144,B6_FV15,FallaTrafo1_ElBight,B6,4,base,aux/bloque_015.aux,planned
R001579,GMD_0p9144m,0.9144,B6_FV15,FallaTrafo2_ElBight,B6,4,base,aux/bloque_015.aux,planned
R001580,GMD_0p9144m,0.9144,B6_FV15,FallaTrafo1_SchoolHouse,B6,4,base,aux/bloque_015.aux,planned
R001581,GMD_0p9144m,0.9144,B6_FV30,FallaLinea1_PuntaEvans_ElBight,B6,4,base,aux/bloque_015.aux,planned
R001582,GMD_0p9144m,0.9144,B6_FV30,FallaLinea2_PuntaEvans_ElBight,B6,4,base,aux/bloque_015.aux,planned
R001583,GMD_0p9144m,0.9144,B6_FV30,FallaLinea1_PuntaEvans_SchoolHouse,B6,4,base,aux/bloque_015.aux,planned
R001584,GMD_0p9144m,0.9144,B6_FV30,FallaLinea1_ElBight_SchoolHouse,B6,4,base,aux/bloque_015.aux,planned
R001585,GMD_0p9144m,0.9144,B6_FV30,FallaElevador1_PuntaEvans,B6,4,base,aux/bloque_015.aux,planned
R001586,GMD_0p9144m,0.9144,B6_FV30,FallaElevador2_PuntaEvans,B6,4,base,aux/bloque_015.aux,planned
R001587,GMD_0p9144m,0.9144,B6_FV30,FallaElevador3_PuntaEvans,B6,4,base,aux/bloque_015.aux,planned
R001588,GMD_0p9144m,0.9144,B6_FV30,FallaTrafo1_ElBight,B6,4,base,aux/bloque_015.aux,planned
R001589,GMD_0p9144m,0.9144,B6_FV30,FallaTrafo2_ElBight,B6,4,base,aux/bloque_015.aux,planned
R001590,GMD_0p9144m,0.9144,B6_FV30,FallaTrafo1_SchoolHouse,B6,4,base,aux/bloque_015.aux,planned
R001591,GMD_0p9144m,0.9144,B6_FV50,FallaLinea1_PuntaEvans_ElBight,B6,4,base,aux/bloque_015.aux,planned
R001592,GMD_0p9144m,0.9144,B6_FV50,FallaLinea2_PuntaEvans_ElBight,B6,4,base,aux/bloque_015.aux,planned
R001593,GMD_0p9144m,0.9144,B6_FV50,FallaLinea1_PuntaEvans_SchoolHouse,B6,4,base,aux/bloque_015.aux,planned
R001594,GMD_0p9144m,0.9144,B6_FV50,FallaLinea1_ElBight_SchoolHouse,B6,4,base,aux/bloque_015.aux,planned
R001595,GMD_0p9144m,0.9144,B6_FV50,FallaElevador1_PuntaEvans,B6,4,base,aux/bloque_015.aux,planned
R001596,GMD_0p9144m,0.9144,B6_FV50,FallaElevador2_PuntaEvans,B6,4,base,aux/bloque_015.aux,planned
R001597,GMD_0p9144m,0.9144,B6_FV50,FallaElevador3_PuntaEvans,B6,4,base,aux/bloque_015.aux,planned
R001598,GMD_0p9144m,0.9144,B6_FV50,FallaTrafo1_ElBight,B6,4,base,aux/bloque_015.aux,planned
R001599,GMD_0p9144m,0.9144,B6_FV50,FallaTrafo2_ElBight,B6,4,base,aux/bloque_015.aux,planned
R001600,GMD_0p9144m,0.9144,B6_FV50,FallaTrafo1_SchoolHouse,B6,4,base,aux/bloque_015.aux,planned
R001601,GMD_0p9144m,0.9144,BASE,FallaLinea1_PuntaEvans_ElBight,B6,5,base,aux/bloque_015.aux,planned
R001602,GMD_0p9144m,0.9144,BASE,FallaLinea2_PuntaEvans_ElBight,B6,5,base,aux/bloque_015.aux,planned
R001603,GMD_0p9144m,0.9144,BASE,FallaLinea1_PuntaEvans_SchoolHouse,B6,5,base,aux/bloque_015.aux,planned
R001604,GMD_0p9144m,0.9144,BASE,FallaLinea1_ElBight_SchoolHouse,B6,5,base,aux/bloque_015.aux,planned
R001605,GMD_0p9144m,0.9144,BASE,FallaElevador1_PuntaEvans,B6,5,base,aux/bloque_015.aux,planned
R001606,GMD_0p9144m,0.9144,BASE,FallaElevador2_PuntaEvans,B6,5,base,aux/bloque_015.aux,planned
R001607,GMD_0p9144m,0.9144,BASE,FallaElevador3_PuntaEvans,B6,5,base,aux/bloque_015.aux,planned
R001608,GMD_0p9144m,0.9144,BASE,FallaTrafo1_ElBight,B6,5,base,aux/bloque_015.aux,planned
R001609,GMD_0p9144m,0.9144,BASE,FallaTrafo2_ElBight,B6,5,base,aux/bloque_015.aux,planned
R001610,GMD_0p9144m,0.9144,BASE,FallaTrafo1_SchoolHouse,B6,5,base,aux/bloque_015.aux,planned
R001611,GMD_0p9144m,0.9144,B1_FV15,FallaLinea1_PuntaEvans_ElBight,B6,5,base,aux/bloque_015.aux,planned
R001612,GMD_0p9144m,0.9144,B1_FV15,FallaLinea2_PuntaEvans_ElBight,B6,5,base,aux/bloque_015.aux,planned
R001613,GMD_0p9144m,0.9144,B1_FV15,FallaLinea1_PuntaEvans_SchoolHouse,B6,5,base,aux/bloque_015.aux,planned
R001614,GMD_0p9144m,0.9144,B1_FV15,FallaLinea1_ElBight_SchoolHouse,B6,5,base,aux/bloque_015.aux,planned
R001615,GMD_0p9144m,0.9144,B1_FV15,FallaElevador1_PuntaEvans,B6,5,base,aux/bloque_015.aux,planned
R001616,GMD_0p9144m,0.9144,B1_FV15,FallaElevador2_PuntaEvans,B6,5,base,aux/bloque_015.aux,planned
R001617,GMD_0p9144m,0.9144,B1_FV15,FallaElevador3_PuntaEvans,B6,5,base,aux/bloque_015.aux,planned
R001618,GMD_0p9144m,0.9144,B1_FV15,FallaTrafo1_ElBight,B6,5,base,aux/bloque_015.aux,planned
R001619,GMD_0p9144m,0.9144,B1_FV15,FallaTrafo2_ElBight,B6,5,base,aux/bloque_015.aux,planned
R001620,GMD_0p9144m,0.9144,B1_FV15,FallaTrafo1_SchoolHouse,B6,5,base,aux/bloque_015.aux,planned
R001621,GMD_0p9144m,0.9144,B1_FV30,FallaLinea1_PuntaEvans_ElBight,B6,5,base,aux/bloque_015.aux,planned
R001622,GMD_0p9144m,0.9144,B1_FV30,FallaLinea2_PuntaEvans_ElBight,B6,5,base,aux/bloque_015.aux,planned
R001623,GMD_0p9144m,0.9144,B1_FV30,FallaLinea1_PuntaEvans_SchoolHouse,B6,5,base,aux/bloque_015.aux,planned
R001624,GMD_0p9144m,0.9144,B1_FV30,FallaLinea1_ElBight_SchoolHouse,B6,5,base,aux/bloque_015.aux,planned
R001625,GMD_0p9144m,0.9144,B1_FV30,FallaElevador1_PuntaEvans,B6,5,base,aux/bloque_015.aux,planned
R001626,GMD_0p9144m,0.9144,B1_FV30,FallaElevador2_PuntaEvans,B6,5,base,aux/bloque_015.aux,planned
R001627,GMD_0p9144m,0.9144,B1_FV30,FallaElevador3_PuntaEvans,B6,5,base,aux/bloque_015.aux,planned
R001628,GMD_0p9144m,0.9144,B1_FV30,FallaTrafo1_ElBight,B6,5,base,aux/bloque_015.aux,planned
R001629,GMD_0p9144m,0.9144,B1_FV30,FallaTrafo2_ElBight,B6,5,base,aux/bloque_015.aux,planned
R001630,GMD_0p9144m,0.9144,B1_FV30,FallaTrafo1_SchoolHouse,B6,5,base,aux/bloque_015.aux,planned
R001631,GMD_0p9144m,0.9144,B1_FV50,FallaLinea1_PuntaEvans_ElBight,B6,5,base,aux/bloque_015.aux,planned
R001632,GMD_0p9144m,0.9144,B1_FV50,FallaLinea2_PuntaEvans_ElBight,B6,5,base,aux/bloque_015.aux,planned
R001633,GMD_0p9144m,0.9144,B1_FV50,FallaLinea1_PuntaEvans_SchoolHouse,B6,5,base,aux/bloque_015.aux,planned
R001634,GMD_0p9144m,0.9144,B1_FV50,FallaLinea1_ElBight_SchoolHouse,B6,5,base,aux/bloque_015.aux,planned
R001635,GMD_0p9144m,0.9144,B1_FV50,FallaElevador1_PuntaEvans,B6,5,base,aux/bloque_015.aux,planned
R001636,GMD_0p9144m,0.9144,B1_FV50,FallaElevador2_PuntaEvans,B6,5,base,aux/bloque_015.aux,planned
R001637,GMD_0p9144m,0.9144,B1_FV50,FallaElevador3_PuntaEvans,B6,5,base,aux/bloque_015.aux,planned
R001638,GMD_0p9144m,0.9144,B1_FV50,FallaTrafo1_ElBight,B6,5,base,aux/bloque_015.aux,planned
R001639,GMD_0p9144m,0.9144,B1_FV50,FallaTrafo2_ElBight,B6,5,base,aux/bloque_015.aux,planned
R001640,GMD_0p9144m,0.9144,B1_FV50,FallaTrafo1_SchoolHouse,B6,5,base,aux/bloque_015.aux,planned
R001641,GMD_0p9144m,0.9144,B5_FV15,FallaLinea1_PuntaEvans_ElBight,B6,5,base,aux/bloque_015.aux,planned
R001642,GMD_0p9144m,0.9144,B5_FV15,FallaLinea2_PuntaEvans_ElBight,B6,5,base,aux/bloque_015.aux,planned
R001643,GMD_0p9144m,0.9144,B5_FV15,FallaLinea1_PuntaEvans_SchoolHouse,B6,5,base,aux/bloque_015.aux,planned
R001644,GMD_0p9144m,0.9144,B5_FV15,FallaLinea1_ElBight_SchoolHouse,B6,5,base,aux/bloque_015.aux,planned
R001645,GMD_0p9144m,0.9144,B5_FV15,FallaElevador1_PuntaEvans,B6,5,base,aux/bloque_015.aux,planned
R001646,GMD_0p9144m,0.9144,B5_FV15,FallaElevador2_PuntaEvans,B6,5,base,aux/bloque_015.aux,planned
R001647,GMD_0p9144m,0.9144,B5_FV15,FallaElevador3_PuntaEvans,B6,5,base,aux/bloque_015.aux,planned
R001648,GMD_0p9144m,0.9144,B5_FV15,FallaTrafo1_ElBight,B6,5,base,aux/bloque_015.aux,planned
R001649,GMD_0p9144m,0.9144,B5_FV15,FallaTrafo2_ElBight,B6,5,base,aux/bloque_015.aux,planned
R001650,GMD_0p9144m,0.9144,B5_FV15,FallaTrafo1_SchoolHouse,B6,5,base,aux/bloque_015.aux,planned
R001651,GMD_0p9144m,0.9144,B5_FV30,FallaLinea1_PuntaEvans_ElBight,B6,5,base,aux/bloque_016.aux,planned
R001652,GMD_0p9144m,0.9144,B5_FV30,FallaLinea2_PuntaEvans_ElBight,B6,5,base,aux/bloque_016.aux,planned
R001653,GMD_0p9144m,0.9144,B5_FV30,FallaLinea1_PuntaEvans_SchoolHouse,B6,5,base,aux/bloque_016.aux,planned
R001654,GMD_0p9144m,0.9144,B5_FV30,FallaLinea1_ElBight_SchoolHouse,B6,5,base,aux/bloque_016.aux,planned
R001655,GMD_0p9144m,0.9144,B5_FV30,FallaElevador1_PuntaEvans,B6,5,base,aux/bloque_016.aux,planned
R001656,GMD_0p9144m,0.9144,B5_FV30,FallaElevador2_PuntaEvans,B6,5,base,aux/bloque_016.aux,planned
R001657,GMD_0p9144m,0.9144,B5_FV30,FallaElevador3_PuntaEvans,B6,5,base,aux/bloque_016.aux,planned
R001658,GMD_0p9144m,0.9144,B5_FV30,FallaTrafo1_ElBight,B6,5,base,aux/bloque_016.aux,planned
R001659,GMD_0p9144m,0.9144,B5_FV30,FallaTrafo2_ElBight,B6,5,base,aux/bloque_016.aux,planned
R001660,GMD_0p9144m,0.9144,B5_FV30,FallaTrafo1_SchoolHouse,B6,5,base,aux/bloque_016.aux,planned
R001661,GMD_0p9144m,0.9144,B5_FV50,FallaLinea1_PuntaEvans_ElBight,B6,5,base,aux/bloque_016.aux,planned
R001662,GMD_0p9144m,0.9144,B5_FV50,FallaLinea2_PuntaEvans_ElBight,B6,5,base,aux/bloque_016.aux,planned
R001663,GMD_0p9144m,0.9144,B5_FV50,FallaLinea1_PuntaEvans_SchoolHouse,B6,5,base,aux/bloque_016.aux,planned
R001664,GMD_0p9144m,0.9144,B5_FV50,FallaLinea1_ElBight_SchoolHouse,B6,5,base,aux/bloque_016.aux,planned
R001665,GMD_0p9144m,0.9144,B5_FV50,FallaElevador1_PuntaEvans,B6,5,base,aux/bloque_016.aux,planned
R001666,GMD_0p9144m,0.9144,B5_FV50,FallaElevador2_PuntaEvans,B6,5,base,aux/bloque_016.aux,planned
R001667,GMD_0p9144m,0.9144,B5_FV50,FallaElevador3_PuntaEvans,B6,5,base,aux/bloque_016.aux,planned
R001668,GMD_0p9144m,0.9144,B5_FV50,FallaTrafo1_ElBight,B6,5,base,aux/bloque_016.aux,planned
R001669,GMD_0p9144m,0.9144,B5_FV50,FallaTrafo2_ElBight,B6,5,base,aux/bloque_016.aux,planned
R001670,GMD_0p9144m,0.9144,B5_FV50,FallaTrafo1_SchoolHouse,B6,5,base,aux/bloque_016.aux,planned
R001671,GMD_0p9144m,0.9144,B6_FV15,FallaLinea1_PuntaEvans_ElBight,B6,5,base,aux/bloque_016.aux,planned
R001672,GMD_0p9144m,0.9144,B6_FV15,FallaLinea2_PuntaEvans_ElBight,B6,5,base,aux/bloque_016.aux,planned
R001673,GMD_0p9144m,0.9144,B6_FV15,FallaLinea1_PuntaEvans_SchoolHouse,B6,5,base,aux/bloque_016.aux,planned
R001674,GMD_0p9144m,0.9144,B6_FV15,FallaLinea1_ElBight_SchoolHouse,B6,5,base,aux/bloque_016.aux,planned
R001675,GMD_0p9144m,0.9144,B6_FV15,FallaElevador1_PuntaEvans,B6,5,base,aux/bloque_016.aux,planned
R001676,GMD_0p9144m,0.9144,B6_FV15,FallaElevador2_PuntaEvans,B6,5,base,aux/bloque_016.aux,planned
R001677,GMD_0p9144m,0.9144,B6_FV15,FallaElevador3_PuntaEvans,B6,5,base,aux/bloque_016.aux,planned
R001678,GMD_0p9144m,0.9144,B6_FV15,FallaTrafo1_ElBight,B6,5,base,aux/bloque_016.aux,planned
R001679,GMD_0p9144m,0.9144,B6_FV15,FallaTrafo2_ElBight,B6,5,base,aux/bloque_016.aux,planned
R001680,GMD_0p9144m,0.9144,B6_FV15,FallaTrafo1_SchoolHouse,B6,5,base,aux/bloque_016.aux,planned
R001681,GMD_0p9144m,0.9144,B6_FV30,FallaLinea1_PuntaEvans_ElBight,B6,5,base,aux/bloque_016.aux,planned
R001682,GMD_0p9144m,0.9144,B6_FV30,FallaLinea2_PuntaEvans_ElBight,B6,5,base,aux/bloque_016.aux,planned
R001683,GMD_0p9144m,0.9144,B6_FV30,FallaLinea1_PuntaEvans_SchoolHouse,B6,5,base,aux/bloque_016.aux,planned
R001684,GMD_0p9144m,0.9144,B6_FV30,FallaLinea1_ElBight_SchoolHouse,B6,5,base,aux/bloque_016.aux,planned
R001685,GMD_0p9144m,0.9144,B6_FV30,FallaElevador1_PuntaEvans,B6,5,base,aux/bloque_016.aux,planned
R001686,GMD_0p9144m,0.9144,B6_FV30,FallaElevador2_PuntaEvans,B6,5,base,aux/bloque_016.aux,planned
R001687,GMD_0p9144m,0.9144,B6_FV30,FallaElevador3_PuntaEvans,B6,5,base,aux/bloque_016.aux,planned
R001688,GMD_0p9144m,0.9144,B6_FV30,FallaTrafo1_ElBight,B6,5,base,aux/bloque_016.aux,planned
R001689,GMD_0p9144m,0.9144,B6_FV30,FallaTrafo2_ElBight,B6,5,base,aux/bloque_016.aux,planned
R001690,GMD_0p9144m,0.9144,B6_FV30,FallaTrafo1_SchoolHouse,B6,5,base,aux/bloque_016.aux,planned
R001691,GMD_0p9144m,0.9144,B6_FV50,FallaLinea1_PuntaEvans_ElBight,B6,5,base,aux/bloque_016.aux,planned
R001692,GMD_0p9144m,0.9144,B6_FV50,FallaLinea2_PuntaEvans_ElBight,B6,5,base,aux/bloque_016.aux,planned
R001693,GMD_0p9144m,0.9144,B6_FV50,FallaLinea1_PuntaEvans_SchoolHouse,B6,5,base,aux/bloque_016.aux,planned
R001694,GMD_0p9144m,0.9144,B6_FV50,FallaLinea1_ElBight_SchoolHouse,B6,5,base,aux/bloque_016.aux,planned
R001695,GMD_0p9144m,0.9144,B6_FV50,FallaElevador1_PuntaEvans,B6,5,base,aux/bloque_016.aux,planned
R001696,GMD_0p9144m,0.9144,B6_FV50,FallaElevador2_PuntaEvans,B6,5,base,aux/bloque_016.aux,planned
R001697,GMD_0p9144m,0.9144,B6_FV50,FallaElevador3_PuntaEvans,B6,5,base,aux/bloque_016.aux,planned
R001698,GMD_0p9144m,0.9144,B6_FV50,FallaTrafo1_ElBight,B6,5,base,aux/bloque_016.aux,planned
R001699,GMD_0p9144m,0.9144,B6_FV50,FallaTrafo2_ElBight,B6,5,base,aux/bloque_016.aux,planned
R001700,GMD_0p9144m,0.9144,B6_FV50,FallaTrafo1_SchoolHouse,B6,5,base,aux/bloque_016.aux,planned
R001701,GMD_0p9144m,0.9144,BASE,FallaLinea1_PuntaEvans_ElBight,B6,6,base,aux/bloque_016.aux,planned
R001702,GMD_0p9144m,0.9144,BASE,FallaLinea2_PuntaEvans_ElBight,B6,6,base,aux/bloque_016.aux,planned
R001703,GMD_0p9144m,0.9144,BASE,FallaLinea1_PuntaEvans_SchoolHouse,B6,6,base,aux/bloque_016.aux,planned
R001704,GMD_0p9144m,0.9144,BASE,FallaLinea1_ElBight_SchoolHouse,B6,6,base,aux/bloque_016.aux,planned
R001705,GMD_0p9144m,0.9144,BASE,FallaElevador1_PuntaEvans,B6,6,base,aux/bloque_016.aux,planned
R001706,GMD_0p9144m,0.9144,BASE,FallaElevador2_PuntaEvans,B6,6,base,aux/bloque_016.aux,planned
R001707,GMD_0p9144m,0.9144,BASE,FallaElevador3_PuntaEvans,B6,6,base,aux/bloque_016.aux,planned
R001708,GMD_0p9144m,0.9144,BASE,FallaTrafo1_ElBight,B6,6,base,aux/bloque_016.aux,planned
R001709,GMD_0p9144m,0.9144,BASE,FallaTrafo2_ElBight,B6,6,base,aux/bloque_016.aux,planned
R001710,GMD_0p9144m,0.9144,BASE,FallaTrafo1_SchoolHouse,B6,6,base,aux/bloque_016.aux,planned
R001711,GMD_0p9144m,0.9144,B1_FV15,FallaLinea1_PuntaEvans_ElBight,B6,6,base,aux/bloque_016.aux,planned
R001712,GMD_0p9144m,0.9144,B1_FV15,FallaLinea2_PuntaEvans_ElBight,B6,6,base,aux/bloque_016.aux,planned
R001713,GMD_0p9144m,0.9144,B1_FV15,FallaLinea1_PuntaEvans_SchoolHouse,B6,6,base,aux/bloque_016.aux,planned
R001714,GMD_0p9144m,0.9144,B1_FV15,FallaLinea1_ElBight_SchoolHouse,B6,6,base,aux/bloque_016.aux,planned
R001715,GMD_0p9144m,0.9144,B1_FV15,FallaElevador1_PuntaEvans,B6,6,base,aux/bloque_016.aux,planned
R001716,GMD_0p9144m,0.9144,B1_FV15,FallaElevador2_PuntaEvans,B6,6,base,aux/bloque_016.aux,planned
R001717,GMD_0p9144m,0.9144,B1_FV15,FallaElevador3_PuntaEvans,B6,6,base,aux/bloque_016.aux,planned
R001718,GMD_0p9144m,0.9144,B1_FV15,FallaTrafo1_ElBight,B6,6,base,aux/bloque_016.aux,planned
R001719,GMD_0p9144m,0.9144,B1_FV15,FallaTrafo2_ElBight,B6,6,base,aux/bloque_016.aux,planned
R001720,GMD_0p9144m,0.9144,B1_FV15,FallaTrafo1_SchoolHouse,B6,6,base,aux/bloque_016.aux,planned
R001721,GMD_0p9144m,0.9144,B1_FV30,FallaLinea1_PuntaEvans_ElBight,B6,6,base,aux/bloque_016.aux,planned
R001722,GMD_0p9144m,0.9144,B1_FV30,FallaLinea2_PuntaEvans_ElBight,B6,6,base,aux/bloque_016.aux,planned
R001723,GMD_0p9144m,0.9144,B1_FV30,FallaLinea1_PuntaEvans_SchoolHouse,B6,6,base,aux/bloque_016.aux,planned
R001724,GMD_0p9144m,0.9144,B1_FV30,FallaLinea1_ElBight_SchoolHouse,B6,6,base,aux/bloque_016.aux,planned
R001725,GMD_0p9144m,0.9144,B1_FV30,FallaElevador1_PuntaEvans,B6,6,base,aux/bloque_016.aux,planned
R001726,GMD_0p9144m,0.9144,B1_FV30,FallaElevador2_PuntaEvans,B6,6,base,aux/bloque_016.aux,planned
R001727,GMD_0p9144m,0.9144,B1_FV30,FallaElevador3_PuntaEvans,B6,6,base,aux/bloque_016.aux,planned
R001728,GMD_0p9144m,0.9144,B1_FV30,FallaTrafo1_ElBight,B6,6,base,aux/bloque_016.aux,planned
R001729,GMD_0p9144m,0.9144,B1_FV30,FallaTrafo2_ElBight,B6,6,base,aux/bloque_016.aux,planned
R001730,GMD_0p9144m,0.9144,B1_FV30,FallaTrafo1_SchoolHouse,B6,6,base,aux/bloque_016.aux,planned
R001731,GMD_0p9144m,0.9144,B1_FV50,FallaLinea1_PuntaEvans_ElBight,B6,6,base,aux/bloque_016.aux,planned
R001732,GMD_0p9144m,0.9144,B1_FV50,FallaLinea2_PuntaEvans_ElBight,B6,6,base,aux/bloque_016.aux,planned
R001733,GMD_0p9144m,0.9144,B1_FV50,FallaLinea1_PuntaEvans_SchoolHouse,B6,6,base,aux/bloque_016.aux,planned
R001734,GMD_0p9144m,0.9144,B1_FV50,FallaLinea1_ElBight_SchoolHouse,B6,6,base,aux/bloque_016.aux,planned
R001735,GMD_0p9144m,0.9144,B1_FV50,FallaElevador1_PuntaEvans,B6,6,base,aux/bloque_016.aux,planned
R001736,GMD_0p9144m,0.9144,B1_FV50,FallaElevador2_PuntaEvans,B6,6,base,aux/bloque_016.aux,planned
R001737,GMD_0p9144m,0.9144,B1_FV50,FallaElevador3_PuntaEvans,B6,6,base,aux/bloque_016.aux,planned
R001738,GMD_0p9144m,0.9144,B1_FV50,FallaTrafo1_ElBight,B6,6,base,aux/bloque_016.aux,planned
R001739,GMD_0p9144m,0.9144,B1_FV50,FallaTrafo2_ElBight,B6,6,base,aux/bloque_016.aux,planned
R001740,GMD_0p9144m,0.9144,B1_FV50,FallaTrafo1_SchoolHouse,B6,6,base,aux/bloque_016.aux,planned
R001741,GMD_0p9144m,0.9144,B5_FV15,FallaLinea1_PuntaEvans_ElBight,B6,6,base,aux/bloque_016.aux,planned
R001742,GMD_0p9144m,0.9144,B5_FV15,FallaLinea2_PuntaEvans_ElBight,B6,6,base,aux/bloque_016.aux,planned
R001743,GMD_0p9144m,0.9144,B5_FV15,FallaLinea1_PuntaEvans_SchoolHouse,B6,6,base,aux/bloque_016.aux,planned
R001744,GMD_0p9144m,0.9144,B5_FV15,FallaLinea1_ElBight_SchoolHouse,B6,6,base,aux/bloque_016.aux,planned
R001745,GMD_0p9144m,0.9144,B5_FV15,FallaElevador1_PuntaEvans,B6,6,base,aux/bloque_016.aux,planned
R001746,GMD_0p9144m,0.9144,B5_FV15,FallaElevador2_PuntaEvans,B6,6,base,aux/bloque_016.aux,planned
R001747,GMD_0p9144m,0.9144,B5_FV15,FallaElevador3_PuntaEvans,B6,6,base,aux/bloque_016.aux,planned
R001748,GMD_0p9144m,0.9144,B5_FV15,FallaTrafo1_ElBight,B6,6,base,aux/bloque_016.aux,planned
R001749,GMD_0p9144m,0.9144,B5_FV15,FallaTrafo2_ElBight,B6,6,base,aux/bloque_016.aux,planned
R001750,GMD_0p9144m,0.9144,B5_FV15,FallaTrafo1_SchoolHouse,B6,6,base,aux/bloque_016.aux,planned
R001751,GMD_0p9144m,0.9144,B5_FV30,FallaLinea1_PuntaEvans_ElBight,B6,6,base,aux/bloque_016.aux,planned
R001752,GMD_0p9144m,0.9144,B5_FV30,FallaLinea2_PuntaEvans_ElBight,B6,6,base,aux/bloque_016.aux,planned
R001753,GMD_0p9144m,0.9144,B5_FV30,FallaLinea1_PuntaEvans_SchoolHouse,B6,6,base,aux/bloque_016.aux,planned
R001754,GMD_0p9144m,0.9144,B5_FV30,FallaLinea1_ElBight_SchoolHouse,B6,6,base,aux/bloque_016.aux,planned
R001755,GMD_0p9144m,0.9144,B5_FV30,FallaElevador1_PuntaEvans,B6,6,base,aux/bloque_016.aux,planned
R001756,GMD_0p9144m,0.9144,B5_FV30,FallaElevador2_PuntaEvans,B6,6,base,aux/bloque_016.aux,planned
R001757,GMD_0p9144m,0.9144,B5_FV30,FallaElevador3_PuntaEvans,B6,6,base,aux/bloque_016.aux,planned
R001758,GMD_0p9144m,0.9144,B5_FV30,FallaTrafo1_ElBight,B6,6,base,aux/bloque_016.aux,planned
R001759,GMD_0p9144m,0.9144,B5_FV30,FallaTrafo2_ElBight,B6,6,base,aux/bloque_016.aux,planned
R001760,GMD_0p9144m,0.9144,B5_FV30,FallaTrafo1_SchoolHouse,B6,6,base,aux/bloque_016.aux,planned
R001761,GMD_0p9144m,0.9144,B5_FV50,FallaLinea1_PuntaEvans_ElBight,B6,6,base,aux/bloque_017.aux,planned
R001762,GMD_0p9144m,0.9144,B5_FV50,FallaLinea2_PuntaEvans_ElBight,B6,6,base,aux/bloque_017.aux,planned
R001763,GMD_0p9144m,0.9144,B5_FV50,FallaLinea1_PuntaEvans_SchoolHouse,B6,6,base,aux/bloque_017.aux,planned
R001764,GMD_0p9144m,0.9144,B5_FV50,FallaLinea1_ElBight_SchoolHouse,B6,6,base,aux/bloque_017.aux,planned
R001765,GMD_0p9144m,0.9144,B5_FV50,FallaElevador1_PuntaEvans,B6,6,base,aux/bloque_017.aux,planned
R001766,GMD_0p9144m,0.9144,B5_FV50,FallaElevador2_PuntaEvans,B6,6,base,aux/bloque_017.aux,planned
R001767,GMD_0p9144m,0.9144,B5_FV50,FallaElevador3_PuntaEvans,B6,6,base,aux/bloque_017.aux,planned
R001768,GMD_0p9144m,0.9144,B5_FV50,FallaTrafo1_ElBight,B6,6,base,aux/bloque_017.aux,planned
R001769,GMD_0p9144m,0.9144,B5_FV50,FallaTrafo2_ElBight,B6,6,base,aux/bloque_017.aux,planned
R001770,GMD_0p9144m,0.9144,B5_FV50,FallaTrafo1_SchoolHouse,B6,6,base,aux/bloque_017.aux,planned
R001771,GMD_0p9144m,0.9144,B6_FV15,FallaLinea1_PuntaEvans_ElBight,B6,6,base,aux/bloque_017.aux,planned
R001772,GMD_0p9144m,0.9144,B6_FV15,FallaLinea2_PuntaEvans_ElBight,B6,6,base,aux/bloque_017.aux,planned
R001773,GMD_0p9144m,0.9144,B6_FV15,FallaLinea1_PuntaEvans_SchoolHouse,B6,6,base,aux/bloque_017.aux,planned
R001774,GMD_0p9144m,0.9144,B6_FV15,FallaLinea1_ElBight_SchoolHouse,B6,6,base,aux/bloque_017.aux,planned
R001775,GMD_0p9144m,0.9144,B6_FV15,FallaElevador1_PuntaEvans,B6,6,base,aux/bloque_017.aux,planned
R001776,GMD_0p9144m,0.9144,B6_FV15,FallaElevador2_PuntaEvans,B6,6,base,aux/bloque_017.aux,planned
R001777,GMD_0p9144m,0.9144,B6_FV15,FallaElevador3_PuntaEvans,B6,6,base,aux/bloque_017.aux,planned
R001778,GMD_0p9144m,0.9144,B6_FV15,FallaTrafo1_ElBight,B6,6,base,aux/bloque_017.aux,planned
R001779,GMD_0p9144m,0.9144,B6_FV15,FallaTrafo2_ElBight,B6,6,base,aux/bloque_017.aux,planned
R001780,GMD_0p9144m,0.9144,B6_FV15,FallaTrafo1_SchoolHouse,B6,6,base,aux/bloque_017.aux,planned
R001781,GMD_0p9144m,0.9144,B6_FV30,FallaLinea1_PuntaEvans_ElBight,B6,6,base,aux/bloque_017.aux,planned
R001782,GMD_0p9144m,0.9144,B6_FV30,FallaLinea2_PuntaEvans_ElBight,B6,6,base,aux/bloque_017.aux,planned
R001783,GMD_0p9144m,0.9144,B6_FV30,FallaLinea1_PuntaEvans_SchoolHouse,B6,6,base,aux/bloque_017.aux,planned
R001784,GMD_0p9144m,0.9144,B6_FV30,FallaLinea1_ElBight_SchoolHouse,B6,6,base,aux/bloque_017.aux,planned
R001785,GMD_0p9144m,0.9144,B6_FV30,FallaElevador1_PuntaEvans,B6,6,base,aux/bloque_017.aux,planned
R001786,GMD_0p9144m,0.9144,B6_FV30,FallaElevador2_PuntaEvans,B6,6,base,aux/bloque_017.aux,planned
R001787,GMD_0p9144m,0.9144,B6_FV30,FallaElevador3_PuntaEvans,B6,6,base,aux/bloque_017.aux,planned
R001788,GMD_0p9144m,0.9144,B6_FV30,FallaTrafo1_ElBight,B6,6,base,aux/bloque_017.aux,planned
R001789,GMD_0p9144m,0.9144,B6_FV30,FallaTrafo2_ElBight,B6,6,base,aux/bloque_017.aux,planned
R001790,GMD_0p9144m,0.9144,B6_FV30,FallaTrafo1_SchoolHouse,B6,6,base,aux/bloque_017.aux,planned
R001791,GMD_0p9144m,0.9144,B6_FV50,FallaLinea1_PuntaEvans_ElBight,B6,6,base,aux/bloque_017.aux,planned
R001792,GMD_0p9144m,0.9144,B6_FV50,FallaLinea2_PuntaEvans_ElBight,B6,6,base,aux/bloque_017.aux,planned
R001793,GMD_0p9144m,0.9144,B6_FV50,FallaLinea1_PuntaEvans_SchoolHouse,B6,6,base,aux/bloque_017.aux,planned
R001794,GMD_0p9144m,0.9144,B6_FV50,FallaLinea1_ElBight_SchoolHouse,B6,6,base,aux/bloque_017.aux,planned
R001795,GMD_0p9144m,0.9144,B6_FV50,FallaElevador1_PuntaEvans,B6,6,base,aux/bloque_017.aux,planned
R001796,GMD_0p9144m,0.9144,B6_FV50,FallaElevador2_PuntaEvans,B6,6,base,aux/bloque_017.aux,planned
R001797,GMD_0p9144m,0.9144,B6_FV50,FallaElevador3_PuntaEvans,B6,6,base,aux/bloque_017.aux,planned
R001798,GMD_0p9144m,0.9144,B6_FV50,FallaTrafo1_ElBight,B6,6,base,aux/bloque_017.aux,planned
R001799,GMD_0p9144m,0.9144,B6_FV50,FallaTrafo2_ElBight,B6,6,base,aux/bloque_017.aux,planned
R001800,GMD_0p9144m,0.9144,B6_FV50,FallaTrafo1_SchoolHouse,B6,6,base,aux/bloque_017.aux,planned
R001801,GMD_0p9144m,0.9144,BASE,FallaLinea1_PuntaEvans_ElBight,B6,7,base,aux/bloque_017.aux,planned
R001802,GMD_0p9144m,0.9144,BASE,FallaLinea2_PuntaEvans_ElBight,B6,7,base,aux/bloque_017.aux,planned
R001803,GMD_0p9144m,0.9144,BASE,FallaLinea1_PuntaEvans_SchoolHouse,B6,7,base,aux/bloque_017.aux,planned
R001804,GMD_0p9144m,0.9144,BASE,FallaLinea1_ElBight_SchoolHouse,B6,7,base,aux/bloque_017.aux,planned
R001805,GMD_0p9144m,0.9144,BASE,FallaElevador1_PuntaEvans,B6,7,base,aux/bloque_017.aux,planned
R001806,GMD_0p9144m,0.9144,BASE,FallaElevador2_PuntaEvans,B6,7,base,aux/bloque_017.aux,planned
R001807,GMD_0p9144m,0.9144,BASE,FallaElevador3_PuntaEvans,B6,7,base,aux/bloque_017.aux,planned
R001808,GMD_0p9144m,0.9144,BASE,FallaTrafo1_ElBight,B6,7,base,aux/bloque_017.aux,planned
R001809,GMD_0p9144m,0.9144,BASE,FallaTrafo2_ElBight,B6,7,base,aux/bloque_017.aux,planned
R001810,GMD_0p9144m,0.9144,BASE,FallaTrafo1_SchoolHouse,B6,7,base,aux/bloque_017.aux,planned
R001811,GMD_0p9144m,0.9144,B1_FV15,FallaLinea1_PuntaEvans_ElBight,B6,7,base,aux/bloque_017.aux,planned
R001812,GMD_0p9144m,0.9144,B1_FV15,FallaLinea2_PuntaEvans_ElBight,B6,7,base,aux/bloque_017.aux,planned
R001813,GMD_0p9144m,0.9144,B1_FV15,FallaLinea1_PuntaEvans_SchoolHouse,B6,7,base,aux/bloque_017.aux,planned
R001814,GMD_0p9144m,0.9144,B1_FV15,FallaLinea1_ElBight_SchoolHouse,B6,7,base,aux/bloque_017.aux,planned
R001815,GMD_0p9144m,0.9144,B1_FV15,FallaElevador1_PuntaEvans,B6,7,base,aux/bloque_017.aux,planned
R001816,GMD_0p9144m,0.9144,B1_FV15,FallaElevador2_PuntaEvans,B6,7,base,aux/bloque_017.aux,planned
R001817,GMD_0p9144m,0.9144,B1_FV15,FallaElevador3_PuntaEvans,B6,7,base,aux/bloque_017.aux,planned
R001818,GMD_0p9144m,0.9144,B1_FV15,FallaTrafo1_ElBight,B6,7,base,aux/bloque_017.aux,planned
R001819,GMD_0p9144m,0.9144,B1_FV15,FallaTrafo2_ElBight,B6,7,base,aux/bloque_017.aux,planned
R001820,GMD_0p9144m,0.9144,B1_FV15,FallaTrafo1_SchoolHouse,B6,7,base,aux/bloque_017.aux,planned
R001821,GMD_0p9144m,0.9144,B1_FV30,FallaLinea1_PuntaEvans_ElBight,B6,7,base,aux/bloque_017.aux,planned
R001822,GMD_0p9144m,0.9144,B1_FV30,FallaLinea2_PuntaEvans_ElBight,B6,7,base,aux/bloque_017.aux,planned
R001823,GMD_0p9144m,0.9144,B1_FV30,FallaLinea1_PuntaEvans_SchoolHouse,B6,7,base,aux/bloque_017.aux,planned
R001824,GMD_0p9144m,0.9144,B1_FV30,FallaLinea1_ElBight_SchoolHouse,B6,7,base,aux/bloque_017.aux,planned
R001825,GMD_0p9144m,0.9144,B1_FV30,FallaElevador1_PuntaEvans,B6,7,base,aux/bloque_017.aux,planned
R001826,GMD_0p9144m,0.9144,B1_FV30,FallaElevador2_PuntaEvans,B6,7,base,aux/bloque_017.aux,planned
R001827,GMD_0p9144m,0.9144,B1_FV30,FallaElevador3_PuntaEvans,B6,7,base,aux/bloque_017.aux,planned
R001828,GMD_0p9144m,0.9144,B1_FV30,FallaTrafo1_ElBight,B6,7,base,aux/bloque_017.aux,planned
R001829,GMD_0p9144m,0.9144,B1_FV30,FallaTrafo2_ElBight,B6,7,base,aux/bloque_017.aux,planned
R001830,GMD_0p9144m,0.9144,B1_FV30,FallaTrafo1_SchoolHouse,B6,7,base,aux/bloque_017.aux,planned
R001831,GMD_0p9144m,0.9144,B1_FV50,FallaLinea1_PuntaEvans_ElBight,B6,7,base,aux/bloque_017.aux,planned
R001832,GMD_0p9144m,0.9144,B1_FV50,FallaLinea2_PuntaEvans_ElBight,B6,7,base,aux/bloque_017.aux,planned
R001833,GMD_0p9144m,0.9144,B1_FV50,FallaLinea1_PuntaEvans_SchoolHouse,B6,7,base,aux/bloque_017.aux,planned
R001834,GMD_0p9144m,0.9144,B1_FV50,FallaLinea1_ElBight_SchoolHouse,B6,7,base,aux/bloque_017.aux,planned
R001835,GMD_0p9144m,0.9144,B1_FV50,FallaElevador1_PuntaEvans,B6,7,base,aux/bloque_017.aux,planned
R001836,GMD_0p9144m,0.9144,B1_FV50,FallaElevador2_PuntaEvans,B6,7,base,aux/bloque_017.aux,planned
R001837,GMD_0p9144m,0.9144,B1_FV50,FallaElevador3_PuntaEvans,B6,7,base,aux/bloque_017.aux,planned
R001838,GMD_0p9144m,0.9144,B1_FV50,FallaTrafo1_ElBight,B6,7,base,aux/bloque_017.aux,planned
R001839,GMD_0p9144m,0.9144,B1_FV50,FallaTrafo2_ElBight,B6,7,base,aux/bloque_017.aux,planned
R001840,GMD_0p9144m,0.9144,B1_FV50,FallaTrafo1_SchoolHouse,B6,7,base,aux/bloque_017.aux,planned
R001841,GMD_0p9144m,0.9144,B5_FV15,FallaLinea1_PuntaEvans_ElBight,B6,7,base,aux/bloque_017.aux,planned
R001842,GMD_0p9144m,0.9144,B5_FV15,FallaLinea2_PuntaEvans_ElBight,B6,7,base,aux/bloque_017.aux,planned
R001843,GMD_0p9144m,0.9144,B5_FV15,FallaLinea1_PuntaEvans_SchoolHouse,B6,7,base,aux/bloque_017.aux,planned
R001844,GMD_0p9144m,0.9144,B5_FV15,FallaLinea1_ElBight_SchoolHouse,B6,7,base,aux/bloque_017.aux,planned
R001845,GMD_0p9144m,0.9144,B5_FV15,FallaElevador1_PuntaEvans,B6,7,base,aux/bloque_017.aux,planned
R001846,GMD_0p9144m,0.9144,B5_FV15,FallaElevador2_PuntaEvans,B6,7,base,aux/bloque_017.aux,planned
R001847,GMD_0p9144m,0.9144,B5_FV15,FallaElevador3_PuntaEvans,B6,7,base,aux/bloque_017.aux,planned
R001848,GMD_0p9144m,0.9144,B5_FV15,FallaTrafo1_ElBight,B6,7,base,aux/bloque_017.aux,planned
R001849,GMD_0p9144m,0.9144,B5_FV15,FallaTrafo2_ElBight,B6,7,base,aux/bloque_017.aux,planned
R001850,GMD_0p9144m,0.9144,B5_FV15,FallaTrafo1_SchoolHouse,B6,7,base,aux/bloque_017.aux,planned
R001851,GMD_0p9144m,0.9144,B5_FV30,FallaLinea1_PuntaEvans_ElBight,B6,7,base,aux/bloque_017.aux,planned
R001852,GMD_0p9144m,0.9144,B5_FV30,FallaLinea2_PuntaEvans_ElBight,B6,7,base,aux/bloque_017.aux,planned
R001853,GMD_0p9144m,0.9144,B5_FV30,FallaLinea1_PuntaEvans_SchoolHouse,B6,7,base,aux/bloque_017.aux,planned
R001854,GMD_0p9144m,0.9144,B5_FV30,FallaLinea1_ElBight_SchoolHouse,B6,7,base,aux/bloque_017.aux,planned
R001855,GMD_0p9144m,0.9144,B5_FV30,FallaElevador1_PuntaEvans,B6,7,base,aux/bloque_017.aux,planned
R001856,GMD_0p9144m,0.9144,B5_FV30,FallaElevador2_PuntaEvans,B6,7,base,aux/bloque_017.aux,planned
R001857,GMD_0p9144m,0.9144,B5_FV30,FallaElevador3_PuntaEvans,B6,7,base,aux/bloque_017.aux,planned
R001858,GMD_0p9144m,0.9144,B5_FV30,FallaTrafo1_ElBight,B6,7,base,aux/bloque_017.aux,planned
R001859,GMD_0p9144m,0.9144,B5_FV30,FallaTrafo2_ElBight,B6,7,base,aux/bloque_017.aux,planned
R001860,GMD_0p9144m,0.9144,B5_FV30,FallaTrafo1_SchoolHouse,B6,7,base,aux/bloque_017.aux,planned
R001861,GMD_0p9144m,0.9144,B5_FV50,FallaLinea1_PuntaEvans_ElBight,B6,7,base,aux/bloque_017.aux,planned
R001862,GMD_0p9144m,0.9144,B5_FV50,FallaLinea2_PuntaEvans_ElBight,B6,7,base,aux/bloque_017.aux,planned
R001863,GMD_0p9144m,0.9144,B5_FV50,FallaLinea1_PuntaEvans_SchoolHouse,B6,7,base,aux/bloque_017.aux,planned
R001864,GMD_0p9144m,0.9144,B5_FV50,FallaLinea1_ElBight_SchoolHouse,B6,7,base,aux/bloque_017.aux,planned
R001865,GMD_0p9144m,0.9144,B5_FV50,FallaElevador1_PuntaEvans,B6,7,base,aux/bloque_017.aux,planned
R001866,GMD_0p9144m,0.9144,B5_FV50,FallaElevador2_PuntaEvans,B6,7,base,aux/bloque_017.aux,planned
R001867,GMD_0p9144m,0.9144,B5_FV50,FallaElevador3_PuntaEvans,B6,7,base,aux/bloque_017.aux,planned
R001868,GMD_0p9144m,0.9144,B5_FV50,FallaTrafo1_ElBight,B6,7,base,aux/bloque_017.aux,planned
R001869,GMD_0p9144m,0.9144,B5_FV50,FallaTrafo2_ElBight,B6,7,base,aux/bloque_017.aux,planned
R001870,GMD_0p9144m,0.9144,B5_FV50,FallaTrafo1_SchoolHouse,B6,7,base,aux/bloque_017.aux,planned
R001871,GMD_0p9144m,0.9144,B6_FV15,FallaLinea1_PuntaEvans_ElBight,B6,7,base,aux/bloque_018.aux,planned
R001872,GMD_0p9144m,0.9144,B6_FV15,FallaLinea2_PuntaEvans_ElBight,B6,7,base,aux/bloque_018.aux,planned
R001873,GMD_0p9144m,0.9144,B6_FV15,FallaLinea1_PuntaEvans_SchoolHouse,B6,7,base,aux/bloque_018.aux,planned
R001874,GMD_0p9144m,0.9144,B6_FV15,FallaLinea1_ElBight_SchoolHouse,B6,7,base,aux/bloque_018.aux,planned
R001875,GMD_0p9144m,0.9144,B6_FV15,FallaElevador1_PuntaEvans,B6,7,base,aux/bloque_018.aux,planned
R001876,GMD_0p9144m,0.9144,B6_FV15,FallaElevador2_PuntaEvans,B6,7,base,aux/bloque_018.aux,planned
R001877,GMD_0p9144m,0.9144,B6_FV15,FallaElevador3_PuntaEvans,B6,7,base,aux/bloque_018.aux,planned
R001878,GMD_0p9144m,0.9144,B6_FV15,FallaTrafo1_ElBight,B6,7,base,aux/bloque_018.aux,planned
R001879,GMD_0p9144m,0.9144,B6_FV15,FallaTrafo2_ElBight,B6,7,base,aux/bloque_018.aux,planned
R001880,GMD_0p9144m,0.9144,B6_FV15,FallaTrafo1_SchoolHouse,B6,7,base,aux/bloque_018.aux,planned
R001881,GMD_0p9144m,0.9144,B6_FV30,FallaLinea1_PuntaEvans_ElBight,B6,7,base,aux/bloque_018.aux,planned
R001882,GMD_0p9144m,0.9144,B6_FV30,FallaLinea2_PuntaEvans_ElBight,B6,7,base,aux/bloque_018.aux,planned
R001883,GMD_0p9144m,0.9144,B6_FV30,FallaLinea1_PuntaEvans_SchoolHouse,B6,7,base,aux/bloque_018.aux,planned
R001884,GMD_0p9144m,0.9144,B6_FV30,FallaLinea1_ElBight_SchoolHouse,B6,7,base,aux/bloque_018.aux,planned
R001885,GMD_0p9144m,0.9144,B6_FV30,FallaElevador1_PuntaEvans,B6,7,base,aux/bloque_018.aux,planned
R001886,GMD_0p9144m,0.9144,B6_FV30,FallaElevador2_PuntaEvans,B6,7,base,aux/bloque_018.aux,planned
R001887,GMD_0p9144m,0.9144,B6_FV30,FallaElevador3_PuntaEvans,B6,7,base,aux/bloque_018.aux,planned
R001888,GMD_0p9144m,0.9144,B6_FV30,FallaTrafo1_ElBight,B6,7,base,aux/bloque_018.aux,planned
R001889,GMD_0p9144m,0.9144,B6_FV30,FallaTrafo2_ElBight,B6,7,base,aux/bloque_018.aux,planned
R001890,GMD_0p9144m,0.9144,B6_FV30,FallaTrafo1_SchoolHouse,B6,7,base,aux/bloque_018.aux,planned
R001891,GMD_0p9144m,0.9144,B6_FV50,FallaLinea1_PuntaEvans_ElBight,B6,7,base,aux/bloque_018.aux,planned
R001892,GMD_0p9144m,0.9144,B6_FV50,FallaLinea2_PuntaEvans_ElBight,B6,7,base,aux/bloque_018.aux,planned
R001893,GMD_0p9144m,0.9144,B6_FV50,FallaLinea1_PuntaEvans_SchoolHouse,B6,7,base,aux/bloque_018.aux,planned
R001894,GMD_0p9144m,0.9144,B6_FV50,FallaLinea1_ElBight_SchoolHouse,B6,7,base,aux/bloque_018.aux,planned
R001895,GMD_0p9144m,0.9144,B6_FV50,FallaElevador1_PuntaEvans,B6,7,base,aux/bloque_018.aux,planned
R001896,GMD_0p9144m,0.9144,B6_FV50,FallaElevador2_PuntaEvans,B6,7,base,aux/bloque_018.aux,planned
R001897,GMD_0p9144m,0.9144,B6_FV50,FallaElevador3_PuntaEvans,B6,7,base,aux/bloque_018.aux,planned
R001898,GMD_0p9144m,0.9144,B6_FV50,FallaTrafo1_ElBight,B6,7,base,aux/bloque_018.aux,planned
R001899,GMD_0p9144m,0.9144,B6_FV50,FallaTrafo2_ElBight,B6,7,base,aux/bloque_018.aux,planned
R001900,GMD_0p9144m,0.9144,B6_FV50,FallaTrafo1_SchoolHouse,B6,7,base,aux/bloque_018.aux,planned
R001901,GMD_0p9144m,0.9144,BASE,FallaLinea1_PuntaEvans_ElBight,B6,8,base,aux/bloque_018.aux,planned
R001902,GMD_0p9144m,0.9144,BASE,FallaLinea2_PuntaEvans_ElBight,B6,8,base,aux/bloque_018.aux,planned
R001903,GMD_0p9144m,0.9144,BASE,FallaLinea1_PuntaEvans_SchoolHouse,B6,8,base,aux/bloque_018.aux,planned
R001904,GMD_0p9144m,0.9144,BASE,FallaLinea1_ElBight_SchoolHouse,B6,8,base,aux/bloque_018.aux,planned
R001905,GMD_0p9144m,0.9144,BASE,FallaElevador1_PuntaEvans,B6,8,base,aux/bloque_018.aux,planned
R001906,GMD_0p9144m,0.9144,BASE,FallaElevador2_PuntaEvans,B6,8,base,aux/bloque_018.aux,planned
R001907,GMD_0p9144m,0.9144,BASE,FallaElevador3_PuntaEvans,B6,8,base,aux/bloque_018.aux,planned
R001908,GMD_0p9144m,0.9144,BASE,FallaTrafo1_ElBight,B6,8,base,aux/bloque_018.aux,planned
R001909,GMD_0p9144m,0.9144,BASE,FallaTrafo2_ElBight,B6,8,base,aux/bloque_018.aux,planned
R001910,GMD_0p9144m,0.9144,BASE,FallaTrafo1_SchoolHouse,B6,8,base,aux/bloque_018.aux,planned
R001911,GMD_0p9144m,0.9144,B1_FV15,FallaLinea1_PuntaEvans_ElBight,B6,8,base,aux/bloque_018.aux,planned
R001912,GMD_0p9144m,0.9144,B1_FV15,FallaLinea2_PuntaEvans_ElBight,B6,8,base,aux/bloque_018.aux,planned
R001913,GMD_0p9144m,0.9144,B1_FV15,FallaLinea1_PuntaEvans_SchoolHouse,B6,8,base,aux/bloque_018.aux,planned
R001914,GMD_0p9144m,0.9144,B1_FV15,FallaLinea1_ElBight_SchoolHouse,B6,8,base,aux/bloque_018.aux,planned
R001915,GMD_0p9144m,0.9144,B1_FV15,FallaElevador1_PuntaEvans,B6,8,base,aux/bloque_018.aux,planned
R001916,GMD_0p9144m,0.9144,B1_FV15,FallaElevador2_PuntaEvans,B6,8,base,aux/bloque_018.aux,planned
R001917,GMD_0p9144m,0.9144,B1_FV15,FallaElevador3_PuntaEvans,B6,8,base,aux/bloque_018.aux,planned
R001918,GMD_0p9144m,0.9144,B1_FV15,FallaTrafo1_ElBight,B6,8,base,aux/bloque_018.aux,planned
R001919,GMD_0p9144m,0.9144,B1_FV15,FallaTrafo2_ElBight,B6,8,base,aux/bloque_018.aux,planned
R001920,GMD_0p9144m,0.9144,B1_FV15,FallaTrafo1_SchoolHouse,B6,8,base,aux/bloque_018.aux,planned
R001921,GMD_0p9144m,0.9144,B1_FV30,FallaLinea1_PuntaEvans_ElBight,B6,8,base,aux/bloque_018.aux,planned
R001922,GMD_0p9144m,0.9144,B1_FV30,FallaLinea2_PuntaEvans_ElBight,B6,8,base,aux/bloque_018.aux,planned
R001923,GMD_0p9144m,0.9144,B1_FV30,FallaLinea1_PuntaEvans_SchoolHouse,B6,8,base,aux/bloque_018.aux,planned
R001924,GMD_0p9144m,0.9144,B1_FV30,FallaLinea1_ElBight_SchoolHouse,B6,8,base,aux/bloque_018.aux,planned
R001925,GMD_0p9144m,0.9144,B1_FV30,FallaElevador1_PuntaEvans,B6,8,base,aux/bloque_018.aux,planned
R001926,GMD_0p9144m,0.9144,B1_FV30,FallaElevador2_PuntaEvans,B6,8,base,aux/bloque_018.aux,planned
R001927,GMD_0p9144m,0.9144,B1_FV30,FallaElevador3_PuntaEvans,B6,8,base,aux/bloque_018.aux,planned
R001928,GMD_0p9144m,0.9144,B1_FV30,FallaTrafo1_ElBight,B6,8,base,aux/bloque_018.aux,planned
R001929,GMD_0p9144m,0.9144,B1_FV30,FallaTrafo2_ElBight,B6,8,base,aux/bloque_018.aux,planned
R001930,GMD_0p9144m,0.9144,B1_FV30,FallaTrafo1_SchoolHouse,B6,8,base,aux/bloque_018.aux,planned
R001931,GMD_0p9144m,0.9144,B1_FV50,FallaLinea1_PuntaEvans_ElBight,B6,8,base,aux/bloque_018.aux,planned
R001932,GMD_0p9144m,0.9144,B1_FV50,FallaLinea2_PuntaEvans_ElBight,B6,8,base,aux/bloque_018.aux,planned
R001933,GMD_0p9144m,0.9144,B1_FV50,FallaLinea1_PuntaEvans_SchoolHouse,B6,8,base,aux/bloque_018.aux,planned
R001934,GMD_0p9144m,0.9144,B1_FV50,FallaLinea1_ElBight_SchoolHouse,B6,8,base,aux/bloque_018.aux,planned
R001935,GMD_0p9144m,0.9144,B1_FV50,FallaElevador1_PuntaEvans,B6,8,base,aux/bloque_018.aux,planned
R001936,GMD_0p9144m,0.9144,B1_FV50,FallaElevador2_PuntaEvans,B6,8,base,aux/bloque_018.aux,planned
R001937,GMD_0p9144m,0.9144,B1_FV50,FallaElevador3_PuntaEvans,B6,8,base,aux/bloque_018.aux,planned
R001938,GMD_0p9144m,0.9144,B1_FV50,FallaTrafo1_ElBight,B6,8,base,aux/bloque_018.aux,planned
R001939,GMD_0p9144m,0.9144,B1_FV50,FallaTrafo2_ElBight,B6,8,base,aux/bloque_018.aux,planned
R001940,GMD_0p9144m,0.9144,B1_FV50,FallaTrafo1_SchoolHouse,B6,8,base,aux/bloque_018.aux,planned
R001941,GMD_0p9144m,0.9144,B5_FV15,FallaLinea1_PuntaEvans_ElBight,B6,8,base,aux/bloque_018.aux,planned
R001942,GMD_0p9144m,0.9144,B5_FV15,FallaLinea2_PuntaEvans_ElBight,B6,8,base,aux/bloque_018.aux,planned
R001943,GMD_0p9144m,0.9144,B5_FV15,FallaLinea1_PuntaEvans_SchoolHouse,B6,8,base,aux/bloque_018.aux,planned
R001944,GMD_0p9144m,0.9144,B5_FV15,FallaLinea1_ElBight_SchoolHouse,B6,8,base,aux/bloque_018.aux,planned
R001945,GMD_0p9144m,0.9144,B5_FV15,FallaElevador1_PuntaEvans,B6,8,base,aux/bloque_018.aux,planned
R001946,GMD_0p9144m,0.9144,B5_FV15,FallaElevador2_PuntaEvans,B6,8,base,aux/bloque_018.aux,planned
R001947,GMD_0p9144m,0.9144,B5_FV15,FallaElevador3_PuntaEvans,B6,8,base,aux/bloque_018.aux,planned
R001948,GMD_0p9144m,0.9144,B5_FV15,FallaTrafo1_ElBight,B6,8,base,aux/bloque_018.aux,planned
R001949,GMD_0p9144m,0.9144,B5_FV15,FallaTrafo2_ElBight,B6,8,base,aux/bloque_018.aux,planned
R001950,GMD_0p9144m,0.9144,B5_FV15,FallaTrafo1_SchoolHouse,B6,8,base,aux/bloque_018.aux,planned
R001951,GMD_0p9144m,0.9144,B5_FV30,FallaLinea1_PuntaEvans_ElBight,B6,8,base,aux/bloque_018.aux,planned
R001952,GMD_0p9144m,0.9144,B5_FV30,FallaLinea2_PuntaEvans_ElBight,B6,8,base,aux/bloque_018.aux,planned
R001953,GMD_0p9144m,0.9144,B5_FV30,FallaLinea1_PuntaEvans_SchoolHouse,B6,8,base,aux/bloque_018.aux,planned
R001954,GMD_0p9144m,0.9144,B5_FV30,FallaLinea1_ElBight_SchoolHouse,B6,8,base,aux/bloque_018.aux,planned
R001955,GMD_0p9144m,0.9144,B5_FV30,FallaElevador1_PuntaEvans,B6,8,base,aux/bloque_018.aux,planned
R001956,GMD_0p9144m,0.9144,B5_FV30,FallaElevador2_PuntaEvans,B6,8,base,aux/bloque_018.aux,planned
R001957,GMD_0p9144m,0.9144,B5_FV30,FallaElevador3_PuntaEvans,B6,8,base,aux/bloque_018.aux,planned
R001958,GMD_0p9144m,0.9144,B5_FV30,FallaTrafo1_ElBight,B6,8,base,aux/bloque_018.aux,planned
R001959,GMD_0p9144m,0.9144,B5_FV30,FallaTrafo2_ElBight,B6,8,base,aux/bloque_018.aux,planned
R001960,GMD_0p9144m,0.9144,B5_FV30,FallaTrafo1_SchoolHouse,B6,8,base,aux/bloque_018.aux,planned
R001961,GMD_0p9144m,0.9144,B5_FV50,FallaLinea1_PuntaEvans_ElBight,B6,8,base,aux/bloque_018.aux,planned
R001962,GMD_0p9144m,0.9144,B5_FV50,FallaLinea2_PuntaEvans_ElBight,B6,8,base,aux/bloque_018.aux,planned
R001963,GMD_0p9144m,0.9144,B5_FV50,FallaLinea1_PuntaEvans_SchoolHouse,B6,8,base,aux/bloque_018.aux,planned
R001964,GMD_0p9144m,0.9144,B5_FV50,FallaLinea1_ElBight_SchoolHouse,B6,8,base,aux/bloque_018.aux,planned
R001965,GMD_0p9144m,0.9144,B5_FV50,FallaElevador1_PuntaEvans,B6,8,base,aux/bloque_018.aux,planned
R001966,GMD_0p9144m,0.9144,B5_FV50,FallaElevador2_PuntaEvans,B6,8,base,aux/bloque_018.aux,planned
R001967,GMD_0p9144m,0.9144,B5_FV50,FallaElevador3_PuntaEvans,B6,8,base,aux/bloque_018.aux,planned
R001968,GMD_0p9144m,0.9144,B5_FV50,FallaTrafo1_ElBight,B6,8,base,aux/bloque_018.aux,planned
R001969,GMD_0p9144m,0.9144,B5_FV50,FallaTrafo2_ElBight,B6,8,base,aux/bloque_018.aux,planned
R001970,GMD_0p9144m,0.9144,B5_FV50,FallaTrafo1_SchoolHouse,B6,8,base,aux/bloque_018.aux,planned
R001971,GMD_0p9144m,0.9144,B6_FV15,FallaLinea1_PuntaEvans_ElBight,B6,8,base,aux/bloque_018.aux,planned
R001972,GMD_0p9144m,0.9144,B6_FV15,FallaLinea2_PuntaEvans_ElBight,B6,8,base,aux/bloque_018.aux,planned
R001973,GMD_0p9144m,0.9144,B6_FV15,FallaLinea1_PuntaEvans_SchoolHouse,B6,8,base,aux/bloque_018.aux,planned
R001974,GMD_0p9144m,0.9144,B6_FV15,FallaLinea1_ElBight_SchoolHouse,B6,8,base,aux/bloque_018.aux,planned
R001975,GMD_0p9144m,0.9144,B6_FV15,FallaElevador1_PuntaEvans,B6,8,base,aux/bloque_018.aux,planned
R001976,GMD_0p9144m,0.9144,B6_FV15,FallaElevador2_PuntaEvans,B6,8,base,aux/bloque_018.aux,planned
R001977,GMD_0p9144m,0.9144,B6_FV15,FallaElevador3_PuntaEvans,B6,8,base,aux/bloque_018.aux,planned
R001978,GMD_0p9144m,0.9144,B6_FV15,FallaTrafo1_ElBight,B6,8,base,aux/bloque_018.aux,planned
R001979,GMD_0p9144m,0.9144,B6_FV15,FallaTrafo2_ElBight,B6,8,base,aux/bloque_018.aux,planned
R001980,GMD_0p9144m,0.9144,B6_FV15,FallaTrafo1_SchoolHouse,B6,8,base,aux/bloque_018.aux,planned
R001981,GMD_0p9144m,0.9144,B6_FV30,FallaLinea1_PuntaEvans_ElBight,B6,8,base,aux/bloque_019.aux,planned
R001982,GMD_0p9144m,0.9144,B6_FV30,FallaLinea2_PuntaEvans_ElBight,B6,8,base,aux/bloque_019.aux,planned
R001983,GMD_0p9144m,0.9144,B6_FV30,FallaLinea1_PuntaEvans_SchoolHouse,B6,8,base,aux/bloque_019.aux,planned
R001984,GMD_0p9144m,0.9144,B6_FV30,FallaLinea1_ElBight_SchoolHouse,B6,8,base,aux/bloque_019.aux,planned
R001985,GMD_0p9144m,0.9144,B6_FV30,FallaElevador1_PuntaEvans,B6,8,base,aux/bloque_019.aux,planned
R001986,GMD_0p9144m,0.9144,B6_FV30,FallaElevador2_PuntaEvans,B6,8,base,aux/bloque_019.aux,planned
R001987,GMD_0p9144m,0.9144,B6_FV30,FallaElevador3_PuntaEvans,B6,8,base,aux/bloque_019.aux,planned
R001988,GMD_0p9144m,0.9144,B6_FV30,FallaTrafo1_ElBight,B6,8,base,aux/bloque_019.aux,planned
R001989,GMD_0p9144m,0.9144,B6_FV30,FallaTrafo2_ElBight,B6,8,base,aux/bloque_019.aux,planned
R001990,GMD_0p9144m,0.9144,B6_FV30,FallaTrafo1_SchoolHouse,B6,8,base,aux/bloque_019.aux,planned
R001991,GMD_0p9144m,0.9144,B6_FV50,FallaLinea1_PuntaEvans_ElBight,B6,8,base,aux/bloque_019.aux,planned
R001992,GMD_0p9144m,0.9144,B6_FV50,FallaLinea2_PuntaEvans_ElBight,B6,8,base,aux/bloque_019.aux,planned
R001993,GMD_0p9144m,0.9144,B6_FV50,FallaLinea1_PuntaEvans_SchoolHouse,B6,8,base,aux/bloque_019.aux,planned
R001994,GMD_0p9144m,0.9144,B6_FV50,FallaLinea1_ElBight_SchoolHouse,B6,8,base,aux/bloque_019.aux,planned
R001995,GMD_0p9144m,0.9144,B6_FV50,FallaElevador1_PuntaEvans,B6,8,base,aux/bloque_019.aux,planned
R001996,GMD_0p9144m,0.9144,B6_FV50,FallaElevador2_PuntaEvans,B6,8,base,aux/bloque_019.aux,planned
R001997,GMD_0p9144m,0.9144,B6_FV50,FallaElevador3_PuntaEvans,B6,8,base,aux/bloque_019.aux,planned
R001998,GMD_0p9144m,0.9144,B6_FV50,FallaTrafo1_ElBight,B6,8,base,aux/bloque_019.aux,planned
R001999,GMD_0p9144m,0.9144,B6_FV50,FallaTrafo2_ElBight,B6,8,base,aux/bloque_019.aux,planned
R002000,GMD_0p9144m,0.9144,B6_FV50,FallaTrafo1_SchoolHouse,B6,8,base,aux/bloque_019.aux,planned
R002001,GMD_0p9144m,0.9144,BASE,FallaLinea1_PuntaEvans_ElBight,B6,9,base,aux/bloque_019.aux,planned
R002002,GMD_0p9144m,0.9144,BASE,FallaLinea2_PuntaEvans_ElBight,B6,9,base,aux/bloque_019.aux,planned
R002003,GMD_0p9144m,0.9144,BASE,FallaLinea1_PuntaEvans_SchoolHouse,B6,9,base,aux/bloque_019.aux,planned
R002004,GMD_0p9144m,0.9144,BASE,FallaLinea1_ElBight_SchoolHouse,B6,9,base,aux/bloque_019.aux,planned
R002005,GMD_0p9144m,0.9144,BASE,FallaElevador1_PuntaEvans,B6,9,base,aux/bloque_019.aux,planned
R002006,GMD_0p9144m,0.9144,BASE,FallaElevador2_PuntaEvans,B6,9,base,aux/bloque_019.aux,planned
R002007,GMD_0p9144m,0.9144,BASE,FallaElevador3_PuntaEvans,B6,9,base,aux/bloque_019.aux,planned
R002008,GMD_0p9144m,0.9144,BASE,FallaTrafo1_ElBight,B6,9,base,aux/bloque_019.aux,planned
R002009,GMD_0p9144m,0.9144,BASE,FallaTrafo2_ElBight,B6,9,base,aux/bloque_019.aux,planned
R002010,GMD_0p9144m,0.9144,BASE,FallaTrafo1_SchoolHouse,B6,9,base,aux/bloque_019.aux,planned
R002011,GMD_0p9144m,0.9144,B1_FV15,FallaLinea1_PuntaEvans_ElBight,B6,9,base,aux/bloque_019.aux,planned
R002012,GMD_0p9144m,0.9144,B1_FV15,FallaLinea2_PuntaEvans_ElBight,B6,9,base,aux/bloque_019.aux,planned
R002013,GMD_0p9144m,0.9144,B1_FV15,FallaLinea1_PuntaEvans_SchoolHouse,B6,9,base,aux/bloque_019.aux,planned
R002014,GMD_0p9144m,0.9144,B1_FV15,FallaLinea1_ElBight_SchoolHouse,B6,9,base,aux/bloque_019.aux,planned
R002015,GMD_0p9144m,0.9144,B1_FV15,FallaElevador1_PuntaEvans,B6,9,base,aux/bloque_019.aux,planned
R002016,GMD_0p9144m,0.9144,B1_FV15,FallaElevador2_PuntaEvans,B6,9,base,aux/bloque_019.aux,planned
R002017,GMD_0p9144m,0.9144,B1_FV15,FallaElevador3_PuntaEvans,B6,9,base,aux/bloque_019.aux,planned
R002018,GMD_0p9144m,0.9144,B1_FV15,FallaTrafo1_ElBight,B6,9,base,aux/bloque_019.aux,planned
R002019,GMD_0p9144m,0.9144,B1_FV15,FallaTrafo2_ElBight,B6,9,base,aux/bloque_019.aux,planned
R002020,GMD_0p9144m,0.9144,B1_FV15,FallaTrafo1_SchoolHouse,B6,9,base,aux/bloque_019.aux,planned
R002021,GMD_0p9144m,0.9144,B1_FV30,FallaLinea1_PuntaEvans_ElBight,B6,9,base,aux/bloque_019.aux,planned
R002022,GMD_0p9144m,0.9144,B1_FV30,FallaLinea2_PuntaEvans_ElBight,B6,9,base,aux/bloque_019.aux,planned
R002023,GMD_0p9144m,0.9144,B1_FV30,FallaLinea1_PuntaEvans_SchoolHouse,B6,9,base,aux/bloque_019.aux,planned
R002024,GMD_0p9144m,0.9144,B1_FV30,FallaLinea1_ElBight_SchoolHouse,B6,9,base,aux/bloque_019.aux,planned
R002025,GMD_0p9144m,0.9144,B1_FV30,FallaElevador1_PuntaEvans,B6,9,base,aux/bloque_019.aux,planned
R002026,GMD_0p9144m,0.9144,B1_FV30,FallaElevador2_PuntaEvans,B6,9,base,aux/bloque_019.aux,planned
R002027,GMD_0p9144m,0.9144,B1_FV30,FallaElevador3_PuntaEvans,B6,9,base,aux/bloque_019.aux,planned
R002028,GMD_0p9144m,0.9144,B1_FV30,FallaTrafo1_ElBight,B6,9,base,aux/bloque_019.aux,planned
R002029,GMD_0p9144m,0.9144,B1_FV30,FallaTrafo2_ElBight,B6,9,base,aux/bloque_019.aux,planned
R002030,GMD_0p9144m,0.9144,B1_FV30,FallaTrafo1_SchoolHouse,B6,9,base,aux/bloque_019.aux,planned
R002031,GMD_0p9144m,0.9144,B1_FV50,FallaLinea1_PuntaEvans_ElBight,B6,9,base,aux/bloque_019.aux,planned
R002032,GMD_0p9144m,0.9144,B1_FV50,FallaLinea2_PuntaEvans_ElBight,B6,9,base,aux/bloque_019.aux,planned
R002033,GMD_0p9144m,0.9144,B1_FV50,FallaLinea1_PuntaEvans_SchoolHouse,B6,9,base,aux/bloque_019.aux,planned
R002034,GMD_0p9144m,0.9144,B1_FV50,FallaLinea1_ElBight_SchoolHouse,B6,9,base,aux/bloque_019.aux,planned
R002035,GMD_0p9144m,0.9144,B1_FV50,FallaElevador1_PuntaEvans,B6,9,base,aux/bloque_019.aux,planned
R002036,GMD_0p9144m,0.9144,B1_FV50,FallaElevador2_PuntaEvans,B6,9,base,aux/bloque_019.aux,planned
R002037,GMD_0p9144m,0.9144,B1_FV50,FallaElevador3_PuntaEvans,B6,9,base,aux/bloque_019.aux,planned
R002038,GMD_0p9144m,0.9144,B1_FV50,FallaTrafo1_ElBight,B6,9,base,aux/bloque_019.aux,planned
R002039,GMD_0p9144m,0.9144,B1_FV50,FallaTrafo2_ElBight,B6,9,base,aux/bloque_019.aux,planned
R002040,GMD_0p9144m,0.9144,B1_FV50,FallaTrafo1_SchoolHouse,B6,9,base,aux/bloque_019.aux,planned
R002041,GMD_0p9144m,0.9144,B5_FV15,FallaLinea1_PuntaEvans_ElBight,B6,9,base,aux/bloque_019.aux,planned
R002042,GMD_0p9144m,0.9144,B5_FV15,FallaLinea2_PuntaEvans_ElBight,B6,9,base,aux/bloque_019.aux,planned
R002043,GMD_0p9144m,0.9144,B5_FV15,FallaLinea1_PuntaEvans_SchoolHouse,B6,9,base,aux/bloque_019.aux,planned
R002044,GMD_0p9144m,0.9144,B5_FV15,FallaLinea1_ElBight_SchoolHouse,B6,9,base,aux/bloque_019.aux,planned
R002045,GMD_0p9144m,0.9144,B5_FV15,FallaElevador1_PuntaEvans,B6,9,base,aux/bloque_019.aux,planned
R002046,GMD_0p9144m,0.9144,B5_FV15,FallaElevador2_PuntaEvans,B6,9,base,aux/bloque_019.aux,planned
R002047,GMD_0p9144m,0.9144,B5_FV15,FallaElevador3_PuntaEvans,B6,9,base,aux/bloque_019.aux,planned
R002048,GMD_0p9144m,0.9144,B5_FV15,FallaTrafo1_ElBight,B6,9,base,aux/bloque_019.aux,planned
R002049,GMD_0p9144m,0.9144,B5_FV15,FallaTrafo2_ElBight,B6,9,base,aux/bloque_019.aux,planned
R002050,GMD_0p9144m,0.9144,B5_FV15,FallaTrafo1_SchoolHouse,B6,9,base,aux/bloque_019.aux,planned
R002051,GMD_0p9144m,0.9144,B5_FV30,FallaLinea1_PuntaEvans_ElBight,B6,9,base,aux/bloque_019.aux,planned
R002052,GMD_0p9144m,0.9144,B5_FV30,FallaLinea2_PuntaEvans_ElBight,B6,9,base,aux/bloque_019.aux,planned
R002053,GMD_0p9144m,0.9144,B5_FV30,FallaLinea1_PuntaEvans_SchoolHouse,B6,9,base,aux/bloque_019.aux,planned
R002054,GMD_0p9144m,0.9144,B5_FV30,FallaLinea1_ElBight_SchoolHouse,B6,9,base,aux/bloque_019.aux,planned
R002055,GMD_0p9144m,0.9144,B5_FV30,FallaElevador1_PuntaEvans,B6,9,base,aux/bloque_019.aux,planned
R002056,GMD_0p9144m,0.9144,B5_FV30,FallaElevador2_PuntaEvans,B6,9,base,aux/bloque_019.aux,planned
R002057,GMD_0p9144m,0.9144,B5_FV30,FallaElevador3_PuntaEvans,B6,9,base,aux/bloque_019.aux,planned
R002058,GMD_0p9144m,0.9144,B5_FV30,FallaTrafo1_ElBight,B6,9,base,aux/bloque_019.aux,planned
R002059,GMD_0p9144m,0.9144,B5_FV30,FallaTrafo2_ElBight,B6,9,base,aux/bloque_019.aux,planned
R002060,GMD_0p9144m,0.9144,B5_FV30,FallaTrafo1_SchoolHouse,B6,9,base,aux/bloque_019.aux,planned
R002061,GMD_0p9144m,0.9144,B5_FV50,FallaLinea1_PuntaEvans_ElBight,B6,9,base,aux/bloque_019.aux,planned
R002062,GMD_0p9144m,0.9144,B5_FV50,FallaLinea2_PuntaEvans_ElBight,B6,9,base,aux/bloque_019.aux,planned
R002063,GMD_0p9144m,0.9144,B5_FV50,FallaLinea1_PuntaEvans_SchoolHouse,B6,9,base,aux/bloque_019.aux,planned
R002064,GMD_0p9144m,0.9144,B5_FV50,FallaLinea1_ElBight_SchoolHouse,B6,9,base,aux/bloque_019.aux,planned
R002065,GMD_0p9144m,0.9144,B5_FV50,FallaElevador1_PuntaEvans,B6,9,base,aux/bloque_019.aux,planned
R002066,GMD_0p9144m,0.9144,B5_FV50,FallaElevador2_PuntaEvans,B6,9,base,aux/bloque_019.aux,planned
R002067,GMD_0p9144m,0.9144,B5_FV50,FallaElevador3_PuntaEvans,B6,9,base,aux/bloque_019.aux,planned
R002068,GMD_0p9144m,0.9144,B5_FV50,FallaTrafo1_ElBight,B6,9,base,aux/bloque_019.aux,planned
R002069,GMD_0p9144m,0.9144,B5_FV50,FallaTrafo2_ElBight,B6,9,base,aux/bloque_019.aux,planned
R002070,GMD_0p9144m,0.9144,B5_FV50,FallaTrafo1_SchoolHouse,B6,9,base,aux/bloque_019.aux,planned
R002071,GMD_0p9144m,0.9144,B6_FV15,FallaLinea1_PuntaEvans_ElBight,B6,9,base,aux/bloque_019.aux,planned
R002072,GMD_0p9144m,0.9144,B6_FV15,FallaLinea2_PuntaEvans_ElBight,B6,9,base,aux/bloque_019.aux,planned
R002073,GMD_0p9144m,0.9144,B6_FV15,FallaLinea1_PuntaEvans_SchoolHouse,B6,9,base,aux/bloque_019.aux,planned
R002074,GMD_0p9144m,0.9144,B6_FV15,FallaLinea1_ElBight_SchoolHouse,B6,9,base,aux/bloque_019.aux,planned
R002075,GMD_0p9144m,0.9144,B6_FV15,FallaElevador1_PuntaEvans,B6,9,base,aux/bloque_019.aux,planned
R002076,GMD_0p9144m,0.9144,B6_FV15,FallaElevador2_PuntaEvans,B6,9,base,aux/bloque_019.aux,planned
R002077,GMD_0p9144m,0.9144,B6_FV15,FallaElevador3_PuntaEvans,B6,9,base,aux/bloque_019.aux,planned
R002078,GMD_0p9144m,0.9144,B6_FV15,FallaTrafo1_ElBight,B6,9,base,aux/bloque_019.aux,planned
R002079,GMD_0p9144m,0.9144,B6_FV15,FallaTrafo2_ElBight,B6,9,base,aux/bloque_019.aux,planned
R002080,GMD_0p9144m,0.9144,B6_FV15,FallaTrafo1_SchoolHouse,B6,9,base,aux/bloque_019.aux,planned
R002081,GMD_0p9144m,0.9144,B6_FV30,FallaLinea1_PuntaEvans_ElBight,B6,9,base,aux/bloque_019.aux,planned
R002082,GMD_0p9144m,0.9144,B6_FV30,FallaLinea2_PuntaEvans_ElBight,B6,9,base,aux/bloque_019.aux,planned
R002083,GMD_0p9144m,0.9144,B6_FV30,FallaLinea1_PuntaEvans_SchoolHouse,B6,9,base,aux/bloque_019.aux,planned
R002084,GMD_0p9144m,0.9144,B6_FV30,FallaLinea1_ElBight_SchoolHouse,B6,9,base,aux/bloque_019.aux,planned
R002085,GMD_0p9144m,0.9144,B6_FV30,FallaElevador1_PuntaEvans,B6,9,base,aux/bloque_019.aux,planned
R002086,GMD_0p9144m,0.9144,B6_FV30,FallaElevador2_PuntaEvans,B6,9,base,aux/bloque_019.aux,planned
R002087,GMD_0p9144m,0.9144,B6_FV30,FallaElevador3_PuntaEvans,B6,9,base,aux/bloque_019.aux,planned
R002088,GMD_0p9144m,0.9144,B6_FV30,FallaTrafo1_ElBight,B6,9,base,aux/bloque_019.aux,planned
R002089,GMD_0p9144m,0.9144,B6_FV30,FallaTrafo2_ElBight,B6,9,base,aux/bloque_019.aux,planned
R002090,GMD_0p9144m,0.9144,B6_FV30,FallaTrafo1_SchoolHouse,B6,9,base,aux/bloque_019.aux,planned
R002091,GMD_0p9144m,0.9144,B6_FV50,FallaLinea1_PuntaEvans_ElBight,B6,9,base,aux/bloque_020.aux,planned
R002092,GMD_0p9144m,0.9144,B6_FV50,FallaLinea2_PuntaEvans_ElBight,B6,9,base,aux/bloque_020.aux,planned
R002093,GMD_0p9144m,0.9144,B6_FV50,FallaLinea1_PuntaEvans_SchoolHouse,B6,9,base,aux/bloque_020.aux,planned
R002094,GMD_0p9144m,0.9144,B6_FV50,FallaLinea1_ElBight_SchoolHouse,B6,9,base,aux/bloque_020.aux,planned
R002095,GMD_0p9144m,0.9144,B6_FV50,FallaElevador1_PuntaEvans,B6,9,base,aux/bloque_020.aux,planned
R002096,GMD_0p9144m,0.9144,B6_FV50,FallaElevador2_PuntaEvans,B6,9,base,aux/bloque_020.aux,planned
R002097,GMD_0p9144m,0.9144,B6_FV50,FallaElevador3_PuntaEvans,B6,9,base,aux/bloque_020.aux,planned
R002098,GMD_0p9144m,0.9144,B6_FV50,FallaTrafo1_ElBight,B6,9,base,aux/bloque_020.aux,planned
R002099,GMD_0p9144m,0.9144,B6_FV50,FallaTrafo2_ElBight,B6,9,base,aux/bloque_020.aux,planned
R002100,GMD_0p9144m,0.9144,B6_FV50,FallaTrafo1_SchoolHouse,B6,9,base,aux/bloque_020.aux,planned
R002101,GMD_0p9144m,0.9144,BASE,FallaLinea1_PuntaEvans_ElBight,B6,10,base,aux/bloque_020.aux,planned
R002102,GMD_0p9144m,0.9144,BASE,FallaLinea2_PuntaEvans_ElBight,B6,10,base,aux/bloque_020.aux,planned
R002103,GMD_0p9144m,0.9144,BASE,FallaLinea1_PuntaEvans_SchoolHouse,B6,10,base,aux/bloque_020.aux,planned
R002104,GMD_0p9144m,0.9144,BASE,FallaLinea1_ElBight_SchoolHouse,B6,10,base,aux/bloque_020.aux,planned
R002105,GMD_0p9144m,0.9144,BASE,FallaElevador1_PuntaEvans,B6,10,base,aux/bloque_020.aux,planned
R002106,GMD_0p9144m,0.9144,BASE,FallaElevador2_PuntaEvans,B6,10,base,aux/bloque_020.aux,planned
R002107,GMD_0p9144m,0.9144,BASE,FallaElevador3_PuntaEvans,B6,10,base,aux/bloque_020.aux,planned
R002108,GMD_0p9144m,0.9144,BASE,FallaTrafo1_ElBight,B6,10,base,aux/bloque_020.aux,planned
R002109,GMD_0p9144m,0.9144,BASE,FallaTrafo2_ElBight,B6,10,base,aux/bloque_020.aux,planned
R002110,GMD_0p9144m,0.9144,BASE,FallaTrafo1_SchoolHouse,B6,10,base,aux/bloque_020.aux,planned
R002111,GMD_0p9144m,0.9144,B1_FV15,FallaLinea1_PuntaEvans_ElBight,B6,10,base,aux/bloque_020.aux,planned
R002112,GMD_0p9144m,0.9144,B1_FV15,FallaLinea2_PuntaEvans_ElBight,B6,10,base,aux/bloque_020.aux,planned
R002113,GMD_0p9144m,0.9144,B1_FV15,FallaLinea1_PuntaEvans_SchoolHouse,B6,10,base,aux/bloque_020.aux,planned
R002114,GMD_0p9144m,0.9144,B1_FV15,FallaLinea1_ElBight_SchoolHouse,B6,10,base,aux/bloque_020.aux,planned
R002115,GMD_0p9144m,0.9144,B1_FV15,FallaElevador1_PuntaEvans,B6,10,base,aux/bloque_020.aux,planned
R002116,GMD_0p9144m,0.9144,B1_FV15,FallaElevador2_PuntaEvans,B6,10,base,aux/bloque_020.aux,planned
R002117,GMD_0p9144m,0.9144,B1_FV15,FallaElevador3_PuntaEvans,B6,10,base,aux/bloque_020.aux,planned
R002118,GMD_0p9144m,0.9144,B1_FV15,FallaTrafo1_ElBight,B6,10,base,aux/bloque_020.aux,planned
R002119,GMD_0p9144m,0.9144,B1_FV15,FallaTrafo2_ElBight,B6,10,base,aux/bloque_020.aux,planned
R002120,GMD_0p9144m,0.9144,B1_FV15,FallaTrafo1_SchoolHouse,B6,10,base,aux/bloque_020.aux,planned
R002121,GMD_0p9144m,0.9144,B1_FV30,FallaLinea1_PuntaEvans_ElBight,B6,10,base,aux/bloque_020.aux,planned
R002122,GMD_0p9144m,0.9144,B1_FV30,FallaLinea2_PuntaEvans_ElBight,B6,10,base,aux/bloque_020.aux,planned
R002123,GMD_0p9144m,0.9144,B1_FV30,FallaLinea1_PuntaEvans_SchoolHouse,B6,10,base,aux/bloque_020.aux,planned
R002124,GMD_0p9144m,0.9144,B1_FV30,FallaLinea1_ElBight_SchoolHouse,B6,10,base,aux/bloque_020.aux,planned
R002125,GMD_0p9144m,0.9144,B1_FV30,FallaElevador1_PuntaEvans,B6,10,base,aux/bloque_020.aux,planned
R002126,GMD_0p9144m,0.9144,B1_FV30,FallaElevador2_PuntaEvans,B6,10,base,aux/bloque_020.aux,planned
R002127,GMD_0p9144m,0.9144,B1_FV30,FallaElevador3_PuntaEvans,B6,10,base,aux/bloque_020.aux,planned
R002128,GMD_0p9144m,0.9144,B1_FV30,FallaTrafo1_ElBight,B6,10,base,aux/bloque_020.aux,planned
R002129,GMD_0p9144m,0.9144,B1_FV30,FallaTrafo2_ElBight,B6,10,base,aux/bloque_020.aux,planned
R002130,GMD_0p9144m,0.9144,B1_FV30,FallaTrafo1_SchoolHouse,B6,10,base,aux/bloque_020.aux,planned
R002131,GMD_0p9144m,0.9144,B1_FV50,FallaLinea1_PuntaEvans_ElBight,B6,10,base,aux/bloque_020.aux,planned
R002132,GMD_0p9144m,0.9144,B1_FV50,FallaLinea2_PuntaEvans_ElBight,B6,10,base,aux/bloque_020.aux,planned
R002133,GMD_0p9144m,0.9144,B1_FV50,FallaLinea1_PuntaEvans_SchoolHouse,B6,10,base,aux/bloque_020.aux,planned
R002134,GMD_0p9144m,0.9144,B1_FV50,FallaLinea1_ElBight_SchoolHouse,B6,10,base,aux/bloque_020.aux,planned
R002135,GMD_0p9144m,0.9144,B1_FV50,FallaElevador1_PuntaEvans,B6,10,base,aux/bloque_020.aux,planned
R002136,GMD_0p9144m,0.9144,B1_FV50,FallaElevador2_PuntaEvans,B6,10,base,aux/bloque_020.aux,planned
R002137,GMD_0p9144m,0.9144,B1_FV50,FallaElevador3_PuntaEvans,B6,10,base,aux/bloque_020.aux,planned
R002138,GMD_0p9144m,0.9144,B1_FV50,FallaTrafo1_ElBight,B6,10,base,aux/bloque_020.aux,planned
R002139,GMD_0p9144m,0.9144,B1_FV50,FallaTrafo2_ElBight,B6,10,base,aux/bloque_020.aux,planned
R002140,GMD_0p9144m,0.9144,B1_FV50,FallaTrafo1_SchoolHouse,B6,10,base,aux/bloque_020.aux,planned
R002141,GMD_0p9144m,0.9144,B5_FV15,FallaLinea1_PuntaEvans_ElBight,B6,10,base,aux/bloque_020.aux,planned
R002142,GMD_0p9144m,0.9144,B5_FV15,FallaLinea2_PuntaEvans_ElBight,B6,10,base,aux/bloque_020.aux,planned
R002143,GMD_0p9144m,0.9144,B5_FV15,FallaLinea1_PuntaEvans_SchoolHouse,B6,10,base,aux/bloque_020.aux,planned
R002144,GMD_0p9144m,0.9144,B5_FV15,FallaLinea1_ElBight_SchoolHouse,B6,10,base,aux/bloque_020.aux,planned
R002145,GMD_0p9144m,0.9144,B5_FV15,FallaElevador1_PuntaEvans,B6,10,base,aux/bloque_020.aux,planned
R002146,GMD_0p9144m,0.9144,B5_FV15,FallaElevador2_PuntaEvans,B6,10,base,aux/bloque_020.aux,planned
R002147,GMD_0p9144m,0.9144,B5_FV15,FallaElevador3_PuntaEvans,B6,10,base,aux/bloque_020.aux,planned
R002148,GMD_0p9144m,0.9144,B5_FV15,FallaTrafo1_ElBight,B6,10,base,aux/bloque_020.aux,planned
R002149,GMD_0p9144m,0.9144,B5_FV15,FallaTrafo2_ElBight,B6,10,base,aux/bloque_020.aux,planned
R002150,GMD_0p9144m,0.9144,B5_FV15,FallaTrafo1_SchoolHouse,B6,10,base,aux/bloque_020.aux,planned
R002151,GMD_0p9144m,0.9144,B5_FV30,FallaLinea1_PuntaEvans_ElBight,B6,10,base,aux/bloque_020.aux,planned
R002152,GMD_0p9144m,0.9144,B5_FV30,FallaLinea2_PuntaEvans_ElBight,B6,10,base,aux/bloque_020.aux,planned
R002153,GMD_0p9144m,0.9144,B5_FV30,FallaLinea1_PuntaEvans_SchoolHouse,B6,10,base,aux/bloque_020.aux,planned
R002154,GMD_0p9144m,0.9144,B5_FV30,FallaLinea1_ElBight_SchoolHouse,B6,10,base,aux/bloque_020.aux,planned
R002155,GMD_0p9144m,0.9144,B5_FV30,FallaElevador1_PuntaEvans,B6,10,base,aux/bloque_020.aux,planned
R002156,GMD_0p9144m,0.9144,B5_FV30,FallaElevador2_PuntaEvans,B6,10,base,aux/bloque_020.aux,planned
R002157,GMD_0p9144m,0.9144,B5_FV30,FallaElevador3_PuntaEvans,B6,10,base,aux/bloque_020.aux,planned
R002158,GMD_0p9144m,0.9144,B5_FV30,FallaTrafo1_ElBight,B6,10,base,aux/bloque_020.aux,planned
R002159,GMD_0p9144m,0.9144,B5_FV30,FallaTrafo2_ElBight,B6,10,base,aux/bloque_020.aux,planned
R002160,GMD_0p9144m,0.9144,B5_FV30,FallaTrafo1_SchoolHouse,B6,10,base,aux/bloque_020.aux,planned
R002161,GMD_0p9144m,0.9144,B5_FV50,FallaLinea1_PuntaEvans_ElBight,B6,10,base,aux/bloque_020.aux,planned
R002162,GMD_0p9144m,0.9144,B5_FV50,FallaLinea2_PuntaEvans_ElBight,B6,10,base,aux/bloque_020.aux,planned
R002163,GMD_0p9144m,0.9144,B5_FV50,FallaLinea1_PuntaEvans_SchoolHouse,B6,10,base,aux/bloque_020.aux,planned
R002164,GMD_0p9144m,0.9144,B5_FV50,FallaLinea1_ElBight_SchoolHouse,B6,10,base,aux/bloque_020.aux,planned
R002165,GMD_0p9144m,0.9144,B5_FV50,FallaElevador1_PuntaEvans,B6,10,base,aux/bloque_020.aux,planned
R002166,GMD_0p9144m,0.9144,B5_FV50,FallaElevador2_PuntaEvans,B6,10,base,aux/bloque_020.aux,planned
R002167,GMD_0p9144m,0.9144,B5_FV50,FallaElevador3_PuntaEvans,B6,10,base,aux/bloque_020.aux,planned
R002168,GMD_0p9144m,0.9144,B5_FV50,FallaTrafo1_ElBight,B6,10,base,aux/bloque_020.aux,planned
R002169,GMD_0p9144m,0.9144,B5_FV50,FallaTrafo2_ElBight,B6,10,base,aux/bloque_020.aux,planned
R002170,GMD_0p9144m,0.9144,B5_FV50,FallaTrafo1_SchoolHouse,B6,10,base,aux/bloque_020.aux,planned
R002171,GMD_0p9144m,0.9144,B6_FV15,FallaLinea1_PuntaEvans_ElBight,B6,10,base,aux/bloque_020.aux,planned
R002172,GMD_0p9144m,0.9144,B6_FV15,FallaLinea2_PuntaEvans_ElBight,B6,10,base,aux/bloque_020.aux,planned
R002173,GMD_0p9144m,0.9144,B6_FV15,FallaLinea1_PuntaEvans_SchoolHouse,B6,10,base,aux/bloque_020.aux,planned
R002174,GMD_0p9144m,0.9144,B6_FV15,FallaLinea1_ElBight_SchoolHouse,B6,10,base,aux/bloque_020.aux,planned
R002175,GMD_0p9144m,0.9144,B6_FV15,FallaElevador1_PuntaEvans,B6,10,base,aux/bloque_020.aux,planned
R002176,GMD_0p9144m,0.9144,B6_FV15,FallaElevador2_PuntaEvans,B6,10,base,aux/bloque_020.aux,planned
R002177,GMD_0p9144m,0.9144,B6_FV15,FallaElevador3_PuntaEvans,B6,10,base,aux/bloque_020.aux,planned
R002178,GMD_0p9144m,0.9144,B6_FV15,FallaTrafo1_ElBight,B6,10,base,aux/bloque_020.aux,planned
R002179,GMD_0p9144m,0.9144,B6_FV15,FallaTrafo2_ElBight,B6,10,base,aux/bloque_020.aux,planned
R002180,GMD_0p9144m,0.9144,B6_FV15,FallaTrafo1_SchoolHouse,B6,10,base,aux/bloque_020.aux,planned
R002181,GMD_0p9144m,0.9144,B6_FV30,FallaLinea1_PuntaEvans_ElBight,B6,10,base,aux/bloque_020.aux,planned
R002182,GMD_0p9144m,0.9144,B6_FV30,FallaLinea2_PuntaEvans_ElBight,B6,10,base,aux/bloque_020.aux,planned
R002183,GMD_0p9144m,0.9144,B6_FV30,FallaLinea1_PuntaEvans_SchoolHouse,B6,10,base,aux/bloque_020.aux,planned
R002184,GMD_0p9144m,0.9144,B6_FV30,FallaLinea1_ElBight_SchoolHouse,B6,10,base,aux/bloque_020.aux,planned
R002185,GMD_0p9144m,0.9144,B6_FV30,FallaElevador1_PuntaEvans,B6,10,base,aux/bloque_020.aux,planned
R002186,GMD_0p9144m,0.9144,B6_FV30,FallaElevador2_PuntaEvans,B6,10,base,aux/bloque_020.aux,planned
R002187,GMD_0p9144m,0.9144,B6_FV30,FallaElevador3_PuntaEvans,B6,10,base,aux/bloque_020.aux,planned
R002188,GMD_0p9144m,0.9144,B6_FV30,FallaTrafo1_ElBight,B6,10,base,aux/bloque_020.aux,planned
R002189,GMD_0p9144m,0.9144,B6_FV30,FallaTrafo2_ElBight,B6,10,base,aux/bloque_020.aux,planned
R002190,GMD_0p9144m,0.9144,B6_FV30,FallaTrafo1_SchoolHouse,B6,10,base,aux/bloque_020.aux,planned
R002191,GMD_0p9144m,0.9144,B6_FV50,FallaLinea1_PuntaEvans_ElBight,B6,10,base,aux/bloque_020.aux,planned
R002192,GMD_0p9144m,0.9144,B6_FV50,FallaLinea2_PuntaEvans_ElBight,B6,10,base,aux/bloque_020.aux,planned
R002193,GMD_0p9144m,0.9144,B6_FV50,FallaLinea1_PuntaEvans_SchoolHouse,B6,10,base,aux/bloque_020.aux,planned
R002194,GMD_0p9144m,0.9144,B6_FV50,FallaLinea1_ElBight_SchoolHouse,B6,10,base,aux/bloque_020.aux,planned
R002195,GMD_0p9144m,0.9144,B6_FV50,FallaElevador1_PuntaEvans,B6,10,base,aux/bloque_020.aux,planned
R002196,GMD_0p9144m,0.9144,B6_FV50,FallaElevador2_PuntaEvans,B6,10,base,aux/bloque_020.aux,planned
R002197,GMD_0p9144m,0.9144,B6_FV50,FallaElevador3_PuntaEvans,B6,10,base,aux/bloque_020.aux,planned
R002198,GMD_0p9144m,0.9144,B6_FV50,FallaTrafo1_ElBight,B6,10,base,aux/bloque_020.aux,planned
R002199,GMD_0p9144m,0.9144,B6_FV50,FallaTrafo2_ElBight,B6,10,base,aux/bloque_020.aux,planned
R002200,GMD_0p9144m,0.9144,B6_FV50,FallaTrafo1_SchoolHouse,B6,10,base,aux/bloque_020.aux,planned
R002201,GMD_1p2192m,1.2192,BASE,FallaLinea1_PuntaEvans_ElBight,B5,0,base,aux/bloque_021.aux,planned
R002202,GMD_1p2192m,1.2192,BASE,FallaLinea2_PuntaEvans_ElBight,B5,0,base,aux/bloque_021.aux,planned
R002203,GMD_1p2192m,1.2192,BASE,FallaLinea1_PuntaEvans_SchoolHouse,B5,0,base,aux/bloque_021.aux,planned
R002204,GMD_1p2192m,1.2192,BASE,FallaLinea1_ElBight_SchoolHouse,B5,0,base,aux/bloque_021.aux,planned
R002205,GMD_1p2192m,1.2192,BASE,FallaElevador1_PuntaEvans,B5,0,base,aux/bloque_021.aux,planned
R002206,GMD_1p2192m,1.2192,BASE,FallaElevador2_PuntaEvans,B5,0,base,aux/bloque_021.aux,planned
R002207,GMD_1p2192m,1.2192,BASE,FallaElevador3_PuntaEvans,B5,0,base,aux/bloque_021.aux,planned
R002208,GMD_1p2192m,1.2192,BASE,FallaTrafo1_ElBight,B5,0,base,aux/bloque_021.aux,planned
R002209,GMD_1p2192m,1.2192,BASE,FallaTrafo2_ElBight,B5,0,base,aux/bloque_021.aux,planned
R002210,GMD_1p2192m,1.2192,BASE,FallaTrafo1_SchoolHouse,B5,0,base,aux/bloque_021.aux,planned
R002211,GMD_1p2192m,1.2192,B1_FV15,FallaLinea1_PuntaEvans_ElBight,B5,0,base,aux/bloque_021.aux,planned
R002212,GMD_1p2192m,1.2192,B1_FV15,FallaLinea2_PuntaEvans_ElBight,B5,0,base,aux/bloque_021.aux,planned
R002213,GMD_1p2192m,1.2192,B1_FV15,FallaLinea1_PuntaEvans_SchoolHouse,B5,0,base,aux/bloque_021.aux,planned
R002214,GMD_1p2192m,1.2192,B1_FV15,FallaLinea1_ElBight_SchoolHouse,B5,0,base,aux/bloque_021.aux,planned
R002215,GMD_1p2192m,1.2192,B1_FV15,FallaElevador1_PuntaEvans,B5,0,base,aux/bloque_021.aux,planned
R002216,GMD_1p2192m,1.2192,B1_FV15,FallaElevador2_PuntaEvans,B5,0,base,aux/bloque_021.aux,planned
R002217,GMD_1p2192m,1.2192,B1_FV15,FallaElevador3_PuntaEvans,B5,0,base,aux/bloque_021.aux,planned
R002218,GMD_1p2192m,1.2192,B1_FV15,FallaTrafo1_ElBight,B5,0,base,aux/bloque_021.aux,planned
R002219,GMD_1p2192m,1.2192,B1_FV15,FallaTrafo2_ElBight,B5,0,base,aux/bloque_021.aux,planned
R002220,GMD_1p2192m,1.2192,B1_FV15,FallaTrafo1_SchoolHouse,B5,0,base,aux/bloque_021.aux,planned
R002221,GMD_1p2192m,1.2192,B1_FV30,FallaLinea1_PuntaEvans_ElBight,B5,0,base,aux/bloque_021.aux,planned
R002222,GMD_1p2192m,1.2192,B1_FV30,FallaLinea2_PuntaEvans_ElBight,B5,0,base,aux/bloque_021.aux,planned
R002223,GMD_1p2192m,1.2192,B1_FV30,FallaLinea1_PuntaEvans_SchoolHouse,B5,0,base,aux/bloque_021.aux,planned
R002224,GMD_1p2192m,1.2192,B1_FV30,FallaLinea1_ElBight_SchoolHouse,B5,0,base,aux/bloque_021.aux,planned
R002225,GMD_1p2192m,1.2192,B1_FV30,FallaElevador1_PuntaEvans,B5,0,base,aux/bloque_021.aux,planned
R002226,GMD_1p2192m,1.2192,B1_FV30,FallaElevador2_PuntaEvans,B5,0,base,aux/bloque_021.aux,planned
R002227,GMD_1p2192m,1.2192,B1_FV30,FallaElevador3_PuntaEvans,B5,0,base,aux/bloque_021.aux,planned
R002228,GMD_1p2192m,1.2192,B1_FV30,FallaTrafo1_ElBight,B5,0,base,aux/bloque_021.aux,planned
R002229,GMD_1p2192m,1.2192,B1_FV30,FallaTrafo2_ElBight,B5,0,base,aux/bloque_021.aux,planned
R002230,GMD_1p2192m,1.2192,B1_FV30,FallaTrafo1_SchoolHouse,B5,0,base,aux/bloque_021.aux,planned
R002231,GMD_1p2192m,1.2192,B1_FV50,FallaLinea1_PuntaEvans_ElBight,B5,0,base,aux/bloque_021.aux,planned
R002232,GMD_1p2192m,1.2192,B1_FV50,FallaLinea2_PuntaEvans_ElBight,B5,0,base,aux/bloque_021.aux,planned
R002233,GMD_1p2192m,1.2192,B1_FV50,FallaLinea1_PuntaEvans_SchoolHouse,B5,0,base,aux/bloque_021.aux,planned
R002234,GMD_1p2192m,1.2192,B1_FV50,FallaLinea1_ElBight_SchoolHouse,B5,0,base,aux/bloque_021.aux,planned
R002235,GMD_1p2192m,1.2192,B1_FV50,FallaElevador1_PuntaEvans,B5,0,base,aux/bloque_021.aux,planned
R002236,GMD_1p2192m,1.2192,B1_FV50,FallaElevador2_PuntaEvans,B5,0,base,aux/bloque_021.aux,planned
R002237,GMD_1p2192m,1.2192,B1_FV50,FallaElevador3_PuntaEvans,B5,0,base,aux/bloque_021.aux,planned
R002238,GMD_1p2192m,1.2192,B1_FV50,FallaTrafo1_ElBight,B5,0,base,aux/bloque_021.aux,planned
R002239,GMD_1p2192m,1.2192,B1_FV50,FallaTrafo2_ElBight,B5,0,base,aux/bloque_021.aux,planned
R002240,GMD_1p2192m,1.2192,B1_FV50,FallaTrafo1_SchoolHouse,B5,0,base,aux/bloque_021.aux,planned
R002241,GMD_1p2192m,1.2192,B5_FV15,FallaLinea1_PuntaEvans_ElBight,B5,0,base,aux/bloque_021.aux,planned
R002242,GMD_1p2192m,1.2192,B5_FV15,FallaLinea2_PuntaEvans_ElBight,B5,0,base,aux/bloque_021.aux,planned
R002243,GMD_1p2192m,1.2192,B5_FV15,FallaLinea1_PuntaEvans_SchoolHouse,B5,0,base,aux/bloque_021.aux,planned
R002244,GMD_1p2192m,1.2192,B5_FV15,FallaLinea1_ElBight_SchoolHouse,B5,0,base,aux/bloque_021.aux,planned
R002245,GMD_1p2192m,1.2192,B5_FV15,FallaElevador1_PuntaEvans,B5,0,base,aux/bloque_021.aux,planned
R002246,GMD_1p2192m,1.2192,B5_FV15,FallaElevador2_PuntaEvans,B5,0,base,aux/bloque_021.aux,planned
R002247,GMD_1p2192m,1.2192,B5_FV15,FallaElevador3_PuntaEvans,B5,0,base,aux/bloque_021.aux,planned
R002248,GMD_1p2192m,1.2192,B5_FV15,FallaTrafo1_ElBight,B5,0,base,aux/bloque_021.aux,planned
R002249,GMD_1p2192m,1.2192,B5_FV15,FallaTrafo2_ElBight,B5,0,base,aux/bloque_021.aux,planned
R002250,GMD_1p2192m,1.2192,B5_FV15,FallaTrafo1_SchoolHouse,B5,0,base,aux/bloque_021.aux,planned
R002251,GMD_1p2192m,1.2192,B5_FV30,FallaLinea1_PuntaEvans_ElBight,B5,0,base,aux/bloque_021.aux,planned
R002252,GMD_1p2192m,1.2192,B5_FV30,FallaLinea2_PuntaEvans_ElBight,B5,0,base,aux/bloque_021.aux,planned
R002253,GMD_1p2192m,1.2192,B5_FV30,FallaLinea1_PuntaEvans_SchoolHouse,B5,0,base,aux/bloque_021.aux,planned
R002254,GMD_1p2192m,1.2192,B5_FV30,FallaLinea1_ElBight_SchoolHouse,B5,0,base,aux/bloque_021.aux,planned
R002255,GMD_1p2192m,1.2192,B5_FV30,FallaElevador1_PuntaEvans,B5,0,base,aux/bloque_021.aux,planned
R002256,GMD_1p2192m,1.2192,B5_FV30,FallaElevador2_PuntaEvans,B5,0,base,aux/bloque_021.aux,planned
R002257,GMD_1p2192m,1.2192,B5_FV30,FallaElevador3_PuntaEvans,B5,0,base,aux/bloque_021.aux,planned
R002258,GMD_1p2192m,1.2192,B5_FV30,FallaTrafo1_ElBight,B5,0,base,aux/bloque_021.aux,planned
R002259,GMD_1p2192m,1.2192,B5_FV30,FallaTrafo2_ElBight,B5,0,base,aux/bloque_021.aux,planned
R002260,GMD_1p2192m,1.2192,B5_FV30,FallaTrafo1_SchoolHouse,B5,0,base,aux/bloque_021.aux,planned
R002261,GMD_1p2192m,1.2192,B5_FV50,FallaLinea1_PuntaEvans_ElBight,B5,0,base,aux/bloque_021.aux,planned
R002262,GMD_1p2192m,1.2192,B5_FV50,FallaLinea2_PuntaEvans_ElBight,B5,0,base,aux/bloque_021.aux,planned
R002263,GMD_1p2192m,1.2192,B5_FV50,FallaLinea1_PuntaEvans_SchoolHouse,B5,0,base,aux/bloque_021.aux,planned
R002264,GMD_1p2192m,1.2192,B5_FV50,FallaLinea1_ElBight_SchoolHouse,B5,0,base,aux/bloque_021.aux,planned
R002265,GMD_1p2192m,1.2192,B5_FV50,FallaElevador1_PuntaEvans,B5,0,base,aux/bloque_021.aux,planned
R002266,GMD_1p2192m,1.2192,B5_FV50,FallaElevador2_PuntaEvans,B5,0,base,aux/bloque_021.aux,planned
R002267,GMD_1p2192m,1.2192,B5_FV50,FallaElevador3_PuntaEvans,B5,0,base,aux/bloque_021.aux,planned
R002268,GMD_1p2192m,1.2192,B5_FV50,FallaTrafo1_ElBight,B5,0,base,aux/bloque_021.aux,planned
R002269,GMD_1p2192m,1.2192,B5_FV50,FallaTrafo2_ElBight,B5,0,base,aux/bloque_021.aux,planned
R002270,GMD_1p2192m,1.2192,B5_FV50,FallaTrafo1_SchoolHouse,B5,0,base,aux/bloque_021.aux,planned
R002271,GMD_1p2192m,1.2192,B6_FV15,FallaLinea1_PuntaEvans_ElBight,B5,0,base,aux/bloque_021.aux,planned
R002272,GMD_1p2192m,1.2192,B6_FV15,FallaLinea2_PuntaEvans_ElBight,B5,0,base,aux/bloque_021.aux,planned
R002273,GMD_1p2192m,1.2192,B6_FV15,FallaLinea1_PuntaEvans_SchoolHouse,B5,0,base,aux/bloque_021.aux,planned
R002274,GMD_1p2192m,1.2192,B6_FV15,FallaLinea1_ElBight_SchoolHouse,B5,0,base,aux/bloque_021.aux,planned
R002275,GMD_1p2192m,1.2192,B6_FV15,FallaElevador1_PuntaEvans,B5,0,base,aux/bloque_021.aux,planned
R002276,GMD_1p2192m,1.2192,B6_FV15,FallaElevador2_PuntaEvans,B5,0,base,aux/bloque_021.aux,planned
R002277,GMD_1p2192m,1.2192,B6_FV15,FallaElevador3_PuntaEvans,B5,0,base,aux/bloque_021.aux,planned
R002278,GMD_1p2192m,1.2192,B6_FV15,FallaTrafo1_ElBight,B5,0,base,aux/bloque_021.aux,planned
R002279,GMD_1p2192m,1.2192,B6_FV15,FallaTrafo2_ElBight,B5,0,base,aux/bloque_021.aux,planned
R002280,GMD_1p2192m,1.2192,B6_FV15,FallaTrafo1_SchoolHouse,B5,0,base,aux/bloque_021.aux,planned
R002281,GMD_1p2192m,1.2192,B6_FV30,FallaLinea1_PuntaEvans_ElBight,B5,0,base,aux/bloque_021.aux,planned
R002282,GMD_1p2192m,1.2192,B6_FV30,FallaLinea2_PuntaEvans_ElBight,B5,0,base,aux/bloque_021.aux,planned
R002283,GMD_1p2192m,1.2192,B6_FV30,FallaLinea1_PuntaEvans_SchoolHouse,B5,0,base,aux/bloque_021.aux,planned
R002284,GMD_1p2192m,1.2192,B6_FV30,FallaLinea1_ElBight_SchoolHouse,B5,0,base,aux/bloque_021.aux,planned
R002285,GMD_1p2192m,1.2192,B6_FV30,FallaElevador1_PuntaEvans,B5,0,base,aux/bloque_021.aux,planned
R002286,GMD_1p2192m,1.2192,B6_FV30,FallaElevador2_PuntaEvans,B5,0,base,aux/bloque_021.aux,planned
R002287,GMD_1p2192m,1.2192,B6_FV30,FallaElevador3_PuntaEvans,B5,0,base,aux/bloque_021.aux,planned
R002288,GMD_1p2192m,1.2192,B6_FV30,FallaTrafo1_ElBight,B5,0,base,aux/bloque_021.aux,planned
R002289,GMD_1p2192m,1.2192,B6_FV30,FallaTrafo2_ElBight,B5,0,base,aux/bloque_021.aux,planned
R002290,GMD_1p2192m,1.2192,B6_FV30,FallaTrafo1_SchoolHouse,B5,0,base,aux/bloque_021.aux,planned
R002291,GMD_1p2192m,1.2192,B6_FV50,FallaLinea1_PuntaEvans_ElBight,B5,0,base,aux/bloque_021.aux,planned
R002292,GMD_1p2192m,1.2192,B6_FV50,FallaLinea2_PuntaEvans_ElBight,B5,0,base,aux/bloque_021.aux,planned
R002293,GMD_1p2192m,1.2192,B6_FV50,FallaLinea1_PuntaEvans_SchoolHouse,B5,0,base,aux/bloque_021.aux,planned
R002294,GMD_1p2192m,1.2192,B6_FV50,FallaLinea1_ElBight_SchoolHouse,B5,0,base,aux/bloque_021.aux,planned
R002295,GMD_1p2192m,1.2192,B6_FV50,FallaElevador1_PuntaEvans,B5,0,base,aux/bloque_021.aux,planned
R002296,GMD_1p2192m,1.2192,B6_FV50,FallaElevador2_PuntaEvans,B5,0,base,aux/bloque_021.aux,planned
R002297,GMD_1p2192m,1.2192,B6_FV50,FallaElevador3_PuntaEvans,B5,0,base,aux/bloque_021.aux,planned
R002298,GMD_1p2192m,1.2192,B6_FV50,FallaTrafo1_ElBight,B5,0,base,aux/bloque_021.aux,planned
R002299,GMD_1p2192m,1.2192,B6_FV50,FallaTrafo2_ElBight,B5,0,base,aux/bloque_021.aux,planned
R002300,GMD_1p2192m,1.2192,B6_FV50,FallaTrafo1_SchoolHouse,B5,0,base,aux/bloque_021.aux,planned
R002301,GMD_1p2192m,1.2192,BASE,FallaLinea1_PuntaEvans_ElBight,B5,1,base,aux/bloque_021.aux,planned
R002302,GMD_1p2192m,1.2192,BASE,FallaLinea2_PuntaEvans_ElBight,B5,1,base,aux/bloque_021.aux,planned
R002303,GMD_1p2192m,1.2192,BASE,FallaLinea1_PuntaEvans_SchoolHouse,B5,1,base,aux/bloque_021.aux,planned
R002304,GMD_1p2192m,1.2192,BASE,FallaLinea1_ElBight_SchoolHouse,B5,1,base,aux/bloque_021.aux,planned
R002305,GMD_1p2192m,1.2192,BASE,FallaElevador1_PuntaEvans,B5,1,base,aux/bloque_021.aux,planned
R002306,GMD_1p2192m,1.2192,BASE,FallaElevador2_PuntaEvans,B5,1,base,aux/bloque_021.aux,planned
R002307,GMD_1p2192m,1.2192,BASE,FallaElevador3_PuntaEvans,B5,1,base,aux/bloque_021.aux,planned
R002308,GMD_1p2192m,1.2192,BASE,FallaTrafo1_ElBight,B5,1,base,aux/bloque_021.aux,planned
R002309,GMD_1p2192m,1.2192,BASE,FallaTrafo2_ElBight,B5,1,base,aux/bloque_021.aux,planned
R002310,GMD_1p2192m,1.2192,BASE,FallaTrafo1_SchoolHouse,B5,1,base,aux/bloque_021.aux,planned
R002311,GMD_1p2192m,1.2192,B1_FV15,FallaLinea1_PuntaEvans_ElBight,B5,1,base,aux/bloque_022.aux,planned
R002312,GMD_1p2192m,1.2192,B1_FV15,FallaLinea2_PuntaEvans_ElBight,B5,1,base,aux/bloque_022.aux,planned
R002313,GMD_1p2192m,1.2192,B1_FV15,FallaLinea1_PuntaEvans_SchoolHouse,B5,1,base,aux/bloque_022.aux,planned
R002314,GMD_1p2192m,1.2192,B1_FV15,FallaLinea1_ElBight_SchoolHouse,B5,1,base,aux/bloque_022.aux,planned
R002315,GMD_1p2192m,1.2192,B1_FV15,FallaElevador1_PuntaEvans,B5,1,base,aux/bloque_022.aux,planned
R002316,GMD_1p2192m,1.2192,B1_FV15,FallaElevador2_PuntaEvans,B5,1,base,aux/bloque_022.aux,planned
R002317,GMD_1p2192m,1.2192,B1_FV15,FallaElevador3_PuntaEvans,B5,1,base,aux/bloque_022.aux,planned
R002318,GMD_1p2192m,1.2192,B1_FV15,FallaTrafo1_ElBight,B5,1,base,aux/bloque_022.aux,planned
R002319,GMD_1p2192m,1.2192,B1_FV15,FallaTrafo2_ElBight,B5,1,base,aux/bloque_022.aux,planned
R002320,GMD_1p2192m,1.2192,B1_FV15,FallaTrafo1_SchoolHouse,B5,1,base,aux/bloque_022.aux,planned
R002321,GMD_1p2192m,1.2192,B1_FV30,FallaLinea1_PuntaEvans_ElBight,B5,1,base,aux/bloque_022.aux,planned
R002322,GMD_1p2192m,1.2192,B1_FV30,FallaLinea2_PuntaEvans_ElBight,B5,1,base,aux/bloque_022.aux,planned
R002323,GMD_1p2192m,1.2192,B1_FV30,FallaLinea1_PuntaEvans_SchoolHouse,B5,1,base,aux/bloque_022.aux,planned
R002324,GMD_1p2192m,1.2192,B1_FV30,FallaLinea1_ElBight_SchoolHouse,B5,1,base,aux/bloque_022.aux,planned
R002325,GMD_1p2192m,1.2192,B1_FV30,FallaElevador1_PuntaEvans,B5,1,base,aux/bloque_022.aux,planned
R002326,GMD_1p2192m,1.2192,B1_FV30,FallaElevador2_PuntaEvans,B5,1,base,aux/bloque_022.aux,planned
R002327,GMD_1p2192m,1.2192,B1_FV30,FallaElevador3_PuntaEvans,B5,1,base,aux/bloque_022.aux,planned
R002328,GMD_1p2192m,1.2192,B1_FV30,FallaTrafo1_ElBight,B5,1,base,aux/bloque_022.aux,planned
R002329,GMD_1p2192m,1.2192,B1_FV30,FallaTrafo2_ElBight,B5,1,base,aux/bloque_022.aux,planned
R002330,GMD_1p2192m,1.2192,B1_FV30,FallaTrafo1_SchoolHouse,B5,1,base,aux/bloque_022.aux,planned
R002331,GMD_1p2192m,1.2192,B1_FV50,FallaLinea1_PuntaEvans_ElBight,B5,1,base,aux/bloque_022.aux,planned
R002332,GMD_1p2192m,1.2192,B1_FV50,FallaLinea2_PuntaEvans_ElBight,B5,1,base,aux/bloque_022.aux,planned
R002333,GMD_1p2192m,1.2192,B1_FV50,FallaLinea1_PuntaEvans_SchoolHouse,B5,1,base,aux/bloque_022.aux,planned
R002334,GMD_1p2192m,1.2192,B1_FV50,FallaLinea1_ElBight_SchoolHouse,B5,1,base,aux/bloque_022.aux,planned
R002335,GMD_1p2192m,1.2192,B1_FV50,FallaElevador1_PuntaEvans,B5,1,base,aux/bloque_022.aux,planned
R002336,GMD_1p2192m,1.2192,B1_FV50,FallaElevador2_PuntaEvans,B5,1,base,aux/bloque_022.aux,planned
R002337,GMD_1p2192m,1.2192,B1_FV50,FallaElevador3_PuntaEvans,B5,1,base,aux/bloque_022.aux,planned
R002338,GMD_1p2192m,1.2192,B1_FV50,FallaTrafo1_ElBight,B5,1,base,aux/bloque_022.aux,planned
R002339,GMD_1p2192m,1.2192,B1_FV50,FallaTrafo2_ElBight,B5,1,base,aux/bloque_022.aux,planned
R002340,GMD_1p2192m,1.2192,B1_FV50,FallaTrafo1_SchoolHouse,B5,1,base,aux/bloque_022.aux,planned
R002341,GMD_1p2192m,1.2192,B5_FV15,FallaLinea1_PuntaEvans_ElBight,B5,1,base,aux/bloque_022.aux,planned
R002342,GMD_1p2192m,1.2192,B5_FV15,FallaLinea2_PuntaEvans_ElBight,B5,1,base,aux/bloque_022.aux,planned
R002343,GMD_1p2192m,1.2192,B5_FV15,FallaLinea1_PuntaEvans_SchoolHouse,B5,1,base,aux/bloque_022.aux,planned
R002344,GMD_1p2192m,1.2192,B5_FV15,FallaLinea1_ElBight_SchoolHouse,B5,1,base,aux/bloque_022.aux,planned
R002345,GMD_1p2192m,1.2192,B5_FV15,FallaElevador1_PuntaEvans,B5,1,base,aux/bloque_022.aux,planned
R002346,GMD_1p2192m,1.2192,B5_FV15,FallaElevador2_PuntaEvans,B5,1,base,aux/bloque_022.aux,planned
R002347,GMD_1p2192m,1.2192,B5_FV15,FallaElevador3_PuntaEvans,B5,1,base,aux/bloque_022.aux,planned
R002348,GMD_1p2192m,1.2192,B5_FV15,FallaTrafo1_ElBight,B5,1,base,aux/bloque_022.aux,planned
R002349,GMD_1p2192m,1.2192,B5_FV15,FallaTrafo2_ElBight,B5,1,base,aux/bloque_022.aux,planned
R002350,GMD_1p2192m,1.2192,B5_FV15,FallaTrafo1_SchoolHouse,B5,1,base,aux/bloque_022.aux,planned
R002351,GMD_1p2192m,1.2192,B5_FV30,FallaLinea1_PuntaEvans_ElBight,B5,1,base,aux/bloque_022.aux,planned
R002352,GMD_1p2192m,1.2192,B5_FV30,FallaLinea2_PuntaEvans_ElBight,B5,1,base,aux/bloque_022.aux,planned
R002353,GMD_1p2192m,1.2192,B5_FV30,FallaLinea1_PuntaEvans_SchoolHouse,B5,1,base,aux/bloque_022.aux,planned
R002354,GMD_1p2192m,1.2192,B5_FV30,FallaLinea1_ElBight_SchoolHouse,B5,1,base,aux/bloque_022.aux,planned
R002355,GMD_1p2192m,1.2192,B5_FV30,FallaElevador1_PuntaEvans,B5,1,base,aux/bloque_022.aux,planned
R002356,GMD_1p2192m,1.2192,B5_FV30,FallaElevador2_PuntaEvans,B5,1,base,aux/bloque_022.aux,planned
R002357,GMD_1p2192m,1.2192,B5_FV30,FallaElevador3_PuntaEvans,B5,1,base,aux/bloque_022.aux,planned
R002358,GMD_1p2192m,1.2192,B5_FV30,FallaTrafo1_ElBight,B5,1,base,aux/bloque_022.aux,planned
R002359,GMD_1p2192m,1.2192,B5_FV30,FallaTrafo2_ElBight,B5,1,base,aux/bloque_022.aux,planned
R002360,GMD_1p2192m,1.2192,B5_FV30,FallaTrafo1_SchoolHouse,B5,1,base,aux/bloque_022.aux,planned
R002361,GMD_1p2192m,1.2192,B5_FV50,FallaLinea1_PuntaEvans_ElBight,B5,1,base,aux/bloque_022.aux,planned
R002362,GMD_1p2192m,1.2192,B5_FV50,FallaLinea2_PuntaEvans_ElBight,B5,1,base,aux/bloque_022.aux,planned
R002363,GMD_1p2192m,1.2192,B5_FV50,FallaLinea1_PuntaEvans_SchoolHouse,B5,1,base,aux/bloque_022.aux,planned
R002364,GMD_1p2192m,1.2192,B5_FV50,FallaLinea1_ElBight_SchoolHouse,B5,1,base,aux/bloque_022.aux,planned
R002365,GMD_1p2192m,1.2192,B5_FV50,FallaElevador1_PuntaEvans,B5,1,base,aux/bloque_022.aux,planned
R002366,GMD_1p2192m,1.2192,B5_FV50,FallaElevador2_PuntaEvans,B5,1,base,aux/bloque_022.aux,planned
R002367,GMD_1p2192m,1.2192,B5_FV50,FallaElevador3_PuntaEvans,B5,1,base,aux/bloque_022.aux,planned
R002368,GMD_1p2192m,1.2192,B5_FV50,FallaTrafo1_ElBight,B5,1,base,aux/bloque_022.aux,planned
R002369,GMD_1p2192m,1.2192,B5_FV50,FallaTrafo2_ElBight,B5,1,base,aux/bloque_022.aux,planned
R002370,GMD_1p2192m,1.2192,B5_FV50,FallaTrafo1_SchoolHouse,B5,1,base,aux/bloque_022.aux,planned
R002371,GMD_1p2192m,1.2192,B6_FV15,FallaLinea1_PuntaEvans_ElBight,B5,1,base,aux/bloque_022.aux,planned
R002372,GMD_1p2192m,1.2192,B6_FV15,FallaLinea2_PuntaEvans_ElBight,B5,1,base,aux/bloque_022.aux,planned
R002373,GMD_1p2192m,1.2192,B6_FV15,FallaLinea1_PuntaEvans_SchoolHouse,B5,1,base,aux/bloque_022.aux,planned
R002374,GMD_1p2192m,1.2192,B6_FV15,FallaLinea1_ElBight_SchoolHouse,B5,1,base,aux/bloque_022.aux,planned
R002375,GMD_1p2192m,1.2192,B6_FV15,FallaElevador1_PuntaEvans,B5,1,base,aux/bloque_022.aux,planned
R002376,GMD_1p2192m,1.2192,B6_FV15,FallaElevador2_PuntaEvans,B5,1,base,aux/bloque_022.aux,planned
R002377,GMD_1p2192m,1.2192,B6_FV15,FallaElevador3_PuntaEvans,B5,1,base,aux/bloque_022.aux,planned
R002378,GMD_1p2192m,1.2192,B6_FV15,FallaTrafo1_ElBight,B5,1,base,aux/bloque_022.aux,planned
R002379,GMD_1p2192m,1.2192,B6_FV15,FallaTrafo2_ElBight,B5,1,base,aux/bloque_022.aux,planned
R002380,GMD_1p2192m,1.2192,B6_FV15,FallaTrafo1_SchoolHouse,B5,1,base,aux/bloque_022.aux,planned
R002381,GMD_1p2192m,1.2192,B6_FV30,FallaLinea1_PuntaEvans_ElBight,B5,1,base,aux/bloque_022.aux,planned
R002382,GMD_1p2192m,1.2192,B6_FV30,FallaLinea2_PuntaEvans_ElBight,B5,1,base,aux/bloque_022.aux,planned
R002383,GMD_1p2192m,1.2192,B6_FV30,FallaLinea1_PuntaEvans_SchoolHouse,B5,1,base,aux/bloque_022.aux,planned
R002384,GMD_1p2192m,1.2192,B6_FV30,FallaLinea1_ElBight_SchoolHouse,B5,1,base,aux/bloque_022.aux,planned
R002385,GMD_1p2192m,1.2192,B6_FV30,FallaElevador1_PuntaEvans,B5,1,base,aux/bloque_022.aux,planned
R002386,GMD_1p2192m,1.2192,B6_FV30,FallaElevador2_PuntaEvans,B5,1,base,aux/bloque_022.aux,planned
R002387,GMD_1p2192m,1.2192,B6_FV30,FallaElevador3_PuntaEvans,B5,1,base,aux/bloque_022.aux,planned
R002388,GMD_1p2192m,1.2192,B6_FV30,FallaTrafo1_ElBight,B5,1,base,aux/bloque_022.aux,planned
R002389,GMD_1p2192m,1.2192,B6_FV30,FallaTrafo2_ElBight,B5,1,base,aux/bloque_022.aux,planned
R002390,GMD_1p2192m,1.2192,B6_FV30,FallaTrafo1_SchoolHouse,B5,1,base,aux/bloque_022.aux,planned
R002391,GMD_1p2192m,1.2192,B6_FV50,FallaLinea1_PuntaEvans_ElBight,B5,1,base,aux/bloque_022.aux,planned
R002392,GMD_1p2192m,1.2192,B6_FV50,FallaLinea2_PuntaEvans_ElBight,B5,1,base,aux/bloque_022.aux,planned
R002393,GMD_1p2192m,1.2192,B6_FV50,FallaLinea1_PuntaEvans_SchoolHouse,B5,1,base,aux/bloque_022.aux,planned
R002394,GMD_1p2192m,1.2192,B6_FV50,FallaLinea1_ElBight_SchoolHouse,B5,1,base,aux/bloque_022.aux,planned
R002395,GMD_1p2192m,1.2192,B6_FV50,FallaElevador1_PuntaEvans,B5,1,base,aux/bloque_022.aux,planned
R002396,GMD_1p2192m,1.2192,B6_FV50,FallaElevador2_PuntaEvans,B5,1,base,aux/bloque_022.aux,planned
R002397,GMD_1p2192m,1.2192,B6_FV50,FallaElevador3_PuntaEvans,B5,1,base,aux/bloque_022.aux,planned
R002398,GMD_1p2192m,1.2192,B6_FV50,FallaTrafo1_ElBight,B5,1,base,aux/bloque_022.aux,planned
R002399,GMD_1p2192m,1.2192,B6_FV50,FallaTrafo2_ElBight,B5,1,base,aux/bloque_022.aux,planned
R002400,GMD_1p2192m,1.2192,B6_FV50,FallaTrafo1_SchoolHouse,B5,1,base,aux/bloque_022.aux,planned
R002401,GMD_1p2192m,1.2192,BASE,FallaLinea1_PuntaEvans_ElBight,B5,2,base,aux/bloque_022.aux,planned
R002402,GMD_1p2192m,1.2192,BASE,FallaLinea2_PuntaEvans_ElBight,B5,2,base,aux/bloque_022.aux,planned
R002403,GMD_1p2192m,1.2192,BASE,FallaLinea1_PuntaEvans_SchoolHouse,B5,2,base,aux/bloque_022.aux,planned
R002404,GMD_1p2192m,1.2192,BASE,FallaLinea1_ElBight_SchoolHouse,B5,2,base,aux/bloque_022.aux,planned
R002405,GMD_1p2192m,1.2192,BASE,FallaElevador1_PuntaEvans,B5,2,base,aux/bloque_022.aux,planned
R002406,GMD_1p2192m,1.2192,BASE,FallaElevador2_PuntaEvans,B5,2,base,aux/bloque_022.aux,planned
R002407,GMD_1p2192m,1.2192,BASE,FallaElevador3_PuntaEvans,B5,2,base,aux/bloque_022.aux,planned
R002408,GMD_1p2192m,1.2192,BASE,FallaTrafo1_ElBight,B5,2,base,aux/bloque_022.aux,planned
R002409,GMD_1p2192m,1.2192,BASE,FallaTrafo2_ElBight,B5,2,base,aux/bloque_022.aux,planned
R002410,GMD_1p2192m,1.2192,BASE,FallaTrafo1_SchoolHouse,B5,2,base,aux/bloque_022.aux,planned
R002411,GMD_1p2192m,1.2192,B1_FV15,FallaLinea1_PuntaEvans_ElBight,B5,2,base,aux/bloque_022.aux,planned
R002412,GMD_1p2192m,1.2192,B1_FV15,FallaLinea2_PuntaEvans_ElBight,B5,2,base,aux/bloque_022.aux,planned
R002413,GMD_1p2192m,1.2192,B1_FV15,FallaLinea1_PuntaEvans_SchoolHouse,B5,2,base,aux/bloque_022.aux,planned
R002414,GMD_1p2192m,1.2192,B1_FV15,FallaLinea1_ElBight_SchoolHouse,B5,2,base,aux/bloque_022.aux,planned
R002415,GMD_1p2192m,1.2192,B1_FV15,FallaElevador1_PuntaEvans,B5,2,base,aux/bloque_022.aux,planned
R002416,GMD_1p2192m,1.2192,B1_FV15,FallaElevador2_PuntaEvans,B5,2,base,aux/bloque_022.aux,planned
R002417,GMD_1p2192m,1.2192,B1_FV15,FallaElevador3_PuntaEvans,B5,2,base,aux/bloque_022.aux,planned
R002418,GMD_1p2192m,1.2192,B1_FV15,FallaTrafo1_ElBight,B5,2,base,aux/bloque_022.aux,planned
R002419,GMD_1p2192m,1.2192,B1_FV15,FallaTrafo2_ElBight,B5,2,base,aux/bloque_022.aux,planned
R002420,GMD_1p2192m,1.2192,B1_FV15,FallaTrafo1_SchoolHouse,B5,2,base,aux/bloque_022.aux,planned
R002421,GMD_1p2192m,1.2192,B1_FV30,FallaLinea1_PuntaEvans_ElBight,B5,2,base,aux/bloque_023.aux,planned
R002422,GMD_1p2192m,1.2192,B1_FV30,FallaLinea2_PuntaEvans_ElBight,B5,2,base,aux/bloque_023.aux,planned
R002423,GMD_1p2192m,1.2192,B1_FV30,FallaLinea1_PuntaEvans_SchoolHouse,B5,2,base,aux/bloque_023.aux,planned
R002424,GMD_1p2192m,1.2192,B1_FV30,FallaLinea1_ElBight_SchoolHouse,B5,2,base,aux/bloque_023.aux,planned
R002425,GMD_1p2192m,1.2192,B1_FV30,FallaElevador1_PuntaEvans,B5,2,base,aux/bloque_023.aux,planned
R002426,GMD_1p2192m,1.2192,B1_FV30,FallaElevador2_PuntaEvans,B5,2,base,aux/bloque_023.aux,planned
R002427,GMD_1p2192m,1.2192,B1_FV30,FallaElevador3_PuntaEvans,B5,2,base,aux/bloque_023.aux,planned
R002428,GMD_1p2192m,1.2192,B1_FV30,FallaTrafo1_ElBight,B5,2,base,aux/bloque_023.aux,planned
R002429,GMD_1p2192m,1.2192,B1_FV30,FallaTrafo2_ElBight,B5,2,base,aux/bloque_023.aux,planned
R002430,GMD_1p2192m,1.2192,B1_FV30,FallaTrafo1_SchoolHouse,B5,2,base,aux/bloque_023.aux,planned
R002431,GMD_1p2192m,1.2192,B1_FV50,FallaLinea1_PuntaEvans_ElBight,B5,2,base,aux/bloque_023.aux,planned
R002432,GMD_1p2192m,1.2192,B1_FV50,FallaLinea2_PuntaEvans_ElBight,B5,2,base,aux/bloque_023.aux,planned
R002433,GMD_1p2192m,1.2192,B1_FV50,FallaLinea1_PuntaEvans_SchoolHouse,B5,2,base,aux/bloque_023.aux,planned
R002434,GMD_1p2192m,1.2192,B1_FV50,FallaLinea1_ElBight_SchoolHouse,B5,2,base,aux/bloque_023.aux,planned
R002435,GMD_1p2192m,1.2192,B1_FV50,FallaElevador1_PuntaEvans,B5,2,base,aux/bloque_023.aux,planned
R002436,GMD_1p2192m,1.2192,B1_FV50,FallaElevador2_PuntaEvans,B5,2,base,aux/bloque_023.aux,planned
R002437,GMD_1p2192m,1.2192,B1_FV50,FallaElevador3_PuntaEvans,B5,2,base,aux/bloque_023.aux,planned
R002438,GMD_1p2192m,1.2192,B1_FV50,FallaTrafo1_ElBight,B5,2,base,aux/bloque_023.aux,planned
R002439,GMD_1p2192m,1.2192,B1_FV50,FallaTrafo2_ElBight,B5,2,base,aux/bloque_023.aux,planned
R002440,GMD_1p2192m,1.2192,B1_FV50,FallaTrafo1_SchoolHouse,B5,2,base,aux/bloque_023.aux,planned
R002441,GMD_1p2192m,1.2192,B5_FV15,FallaLinea1_PuntaEvans_ElBight,B5,2,base,aux/bloque_023.aux,planned
R002442,GMD_1p2192m,1.2192,B5_FV15,FallaLinea2_PuntaEvans_ElBight,B5,2,base,aux/bloque_023.aux,planned
R002443,GMD_1p2192m,1.2192,B5_FV15,FallaLinea1_PuntaEvans_SchoolHouse,B5,2,base,aux/bloque_023.aux,planned
R002444,GMD_1p2192m,1.2192,B5_FV15,FallaLinea1_ElBight_SchoolHouse,B5,2,base,aux/bloque_023.aux,planned
R002445,GMD_1p2192m,1.2192,B5_FV15,FallaElevador1_PuntaEvans,B5,2,base,aux/bloque_023.aux,planned
R002446,GMD_1p2192m,1.2192,B5_FV15,FallaElevador2_PuntaEvans,B5,2,base,aux/bloque_023.aux,planned
R002447,GMD_1p2192m,1.2192,B5_FV15,FallaElevador3_PuntaEvans,B5,2,base,aux/bloque_023.aux,planned
R002448,GMD_1p2192m,1.2192,B5_FV15,FallaTrafo1_ElBight,B5,2,base,aux/bloque_023.aux,planned
R002449,GMD_1p2192m,1.2192,B5_FV15,FallaTrafo2_ElBight,B5,2,base,aux/bloque_023.aux,planned
R002450,GMD_1p2192m,1.2192,B5_FV15,FallaTrafo1_SchoolHouse,B5,2,base,aux/bloque_023.aux,planned
R002451,GMD_1p2192m,1.2192,B5_FV30,FallaLinea1_PuntaEvans_ElBight,B5,2,base,aux/bloque_023.aux,planned
R002452,GMD_1p2192m,1.2192,B5_FV30,FallaLinea2_PuntaEvans_ElBight,B5,2,base,aux/bloque_023.aux,planned
R002453,GMD_1p2192m,1.2192,B5_FV30,FallaLinea1_PuntaEvans_SchoolHouse,B5,2,base,aux/bloque_023.aux,planned
R002454,GMD_1p2192m,1.2192,B5_FV30,FallaLinea1_ElBight_SchoolHouse,B5,2,base,aux/bloque_023.aux,planned
R002455,GMD_1p2192m,1.2192,B5_FV30,FallaElevador1_PuntaEvans,B5,2,base,aux/bloque_023.aux,planned
R002456,GMD_1p2192m,1.2192,B5_FV30,FallaElevador2_PuntaEvans,B5,2,base,aux/bloque_023.aux,planned
R002457,GMD_1p2192m,1.2192,B5_FV30,FallaElevador3_PuntaEvans,B5,2,base,aux/bloque_023.aux,planned
R002458,GMD_1p2192m,1.2192,B5_FV30,FallaTrafo1_ElBight,B5,2,base,aux/bloque_023.aux,planned
R002459,GMD_1p2192m,1.2192,B5_FV30,FallaTrafo2_ElBight,B5,2,base,aux/bloque_023.aux,planned
R002460,GMD_1p2192m,1.2192,B5_FV30,FallaTrafo1_SchoolHouse,B5,2,base,aux/bloque_023.aux,planned
R002461,GMD_1p2192m,1.2192,B5_FV50,FallaLinea1_PuntaEvans_ElBight,B5,2,base,aux/bloque_023.aux,planned
R002462,GMD_1p2192m,1.2192,B5_FV50,FallaLinea2_PuntaEvans_ElBight,B5,2,base,aux/bloque_023.aux,planned
R002463,GMD_1p2192m,1.2192,B5_FV50,FallaLinea1_PuntaEvans_SchoolHouse,B5,2,base,aux/bloque_023.aux,planned
R002464,GMD_1p2192m,1.2192,B5_FV50,FallaLinea1_ElBight_SchoolHouse,B5,2,base,aux/bloque_023.aux,planned
R002465,GMD_1p2192m,1.2192,B5_FV50,FallaElevador1_PuntaEvans,B5,2,base,aux/bloque_023.aux,planned
R002466,GMD_1p2192m,1.2192,B5_FV50,FallaElevador2_PuntaEvans,B5,2,base,aux/bloque_023.aux,planned
R002467,GMD_1p2192m,1.2192,B5_FV50,FallaElevador3_PuntaEvans,B5,2,base,aux/bloque_023.aux,planned
R002468,GMD_1p2192m,1.2192,B5_FV50,FallaTrafo1_ElBight,B5,2,base,aux/bloque_023.aux,planned
R002469,GMD_1p2192m,1.2192,B5_FV50,FallaTrafo2_ElBight,B5,2,base,aux/bloque_023.aux,planned
R002470,GMD_1p2192m,1.2192,B5_FV50,FallaTrafo1_SchoolHouse,B5,2,base,aux/bloque_023.aux,planned
R002471,GMD_1p2192m,1.2192,B6_FV15,FallaLinea1_PuntaEvans_ElBight,B5,2,base,aux/bloque_023.aux,planned
R002472,GMD_1p2192m,1.2192,B6_FV15,FallaLinea2_PuntaEvans_ElBight,B5,2,base,aux/bloque_023.aux,planned
R002473,GMD_1p2192m,1.2192,B6_FV15,FallaLinea1_PuntaEvans_SchoolHouse,B5,2,base,aux/bloque_023.aux,planned
R002474,GMD_1p2192m,1.2192,B6_FV15,FallaLinea1_ElBight_SchoolHouse,B5,2,base,aux/bloque_023.aux,planned
R002475,GMD_1p2192m,1.2192,B6_FV15,FallaElevador1_PuntaEvans,B5,2,base,aux/bloque_023.aux,planned
R002476,GMD_1p2192m,1.2192,B6_FV15,FallaElevador2_PuntaEvans,B5,2,base,aux/bloque_023.aux,planned
R002477,GMD_1p2192m,1.2192,B6_FV15,FallaElevador3_PuntaEvans,B5,2,base,aux/bloque_023.aux,planned
R002478,GMD_1p2192m,1.2192,B6_FV15,FallaTrafo1_ElBight,B5,2,base,aux/bloque_023.aux,planned
R002479,GMD_1p2192m,1.2192,B6_FV15,FallaTrafo2_ElBight,B5,2,base,aux/bloque_023.aux,planned
R002480,GMD_1p2192m,1.2192,B6_FV15,FallaTrafo1_SchoolHouse,B5,2,base,aux/bloque_023.aux,planned
R002481,GMD_1p2192m,1.2192,B6_FV30,FallaLinea1_PuntaEvans_ElBight,B5,2,base,aux/bloque_023.aux,planned
R002482,GMD_1p2192m,1.2192,B6_FV30,FallaLinea2_PuntaEvans_ElBight,B5,2,base,aux/bloque_023.aux,planned
R002483,GMD_1p2192m,1.2192,B6_FV30,FallaLinea1_PuntaEvans_SchoolHouse,B5,2,base,aux/bloque_023.aux,planned
R002484,GMD_1p2192m,1.2192,B6_FV30,FallaLinea1_ElBight_SchoolHouse,B5,2,base,aux/bloque_023.aux,planned
R002485,GMD_1p2192m,1.2192,B6_FV30,FallaElevador1_PuntaEvans,B5,2,base,aux/bloque_023.aux,planned
R002486,GMD_1p2192m,1.2192,B6_FV30,FallaElevador2_PuntaEvans,B5,2,base,aux/bloque_023.aux,planned
R002487,GMD_1p2192m,1.2192,B6_FV30,FallaElevador3_PuntaEvans,B5,2,base,aux/bloque_023.aux,planned
R002488,GMD_1p2192m,1.2192,B6_FV30,FallaTrafo1_ElBight,B5,2,base,aux/bloque_023.aux,planned
R002489,GMD_1p2192m,1.2192,B6_FV30,FallaTrafo2_ElBight,B5,2,base,aux/bloque_023.aux,planned
R002490,GMD_1p2192m,1.2192,B6_FV30,FallaTrafo1_SchoolHouse,B5,2,base,aux/bloque_023.aux,planned
R002491,GMD_1p2192m,1.2192,B6_FV50,FallaLinea1_PuntaEvans_ElBight,B5,2,base,aux/bloque_023.aux,planned
R002492,GMD_1p2192m,1.2192,B6_FV50,FallaLinea2_PuntaEvans_ElBight,B5,2,base,aux/bloque_023.aux,planned
R002493,GMD_1p2192m,1.2192,B6_FV50,FallaLinea1_PuntaEvans_SchoolHouse,B5,2,base,aux/bloque_023.aux,planned
R002494,GMD_1p2192m,1.2192,B6_FV50,FallaLinea1_ElBight_SchoolHouse,B5,2,base,aux/bloque_023.aux,planned
R002495,GMD_1p2192m,1.2192,B6_FV50,FallaElevador1_PuntaEvans,B5,2,base,aux/bloque_023.aux,planned
R002496,GMD_1p2192m,1.2192,B6_FV50,FallaElevador2_PuntaEvans,B5,2,base,aux/bloque_023.aux,planned
R002497,GMD_1p2192m,1.2192,B6_FV50,FallaElevador3_PuntaEvans,B5,2,base,aux/bloque_023.aux,planned
R002498,GMD_1p2192m,1.2192,B6_FV50,FallaTrafo1_ElBight,B5,2,base,aux/bloque_023.aux,planned
R002499,GMD_1p2192m,1.2192,B6_FV50,FallaTrafo2_ElBight,B5,2,base,aux/bloque_023.aux,planned
R002500,GMD_1p2192m,1.2192,B6_FV50,FallaTrafo1_SchoolHouse,B5,2,base,aux/bloque_023.aux,planned
R002501,GMD_1p2192m,1.2192,BASE,FallaLinea1_PuntaEvans_ElBight,B5,3,base,aux/bloque_023.aux,planned
R002502,GMD_1p2192m,1.2192,BASE,FallaLinea2_PuntaEvans_ElBight,B5,3,base,aux/bloque_023.aux,planned
R002503,GMD_1p2192m,1.2192,BASE,FallaLinea1_PuntaEvans_SchoolHouse,B5,3,base,aux/bloque_023.aux,planned
R002504,GMD_1p2192m,1.2192,BASE,FallaLinea1_ElBight_SchoolHouse,B5,3,base,aux/bloque_023.aux,planned
R002505,GMD_1p2192m,1.2192,BASE,FallaElevador1_PuntaEvans,B5,3,base,aux/bloque_023.aux,planned
R002506,GMD_1p2192m,1.2192,BASE,FallaElevador2_PuntaEvans,B5,3,base,aux/bloque_023.aux,planned
R002507,GMD_1p2192m,1.2192,BASE,FallaElevador3_PuntaEvans,B5,3,base,aux/bloque_023.aux,planned
R002508,GMD_1p2192m,1.2192,BASE,FallaTrafo1_ElBight,B5,3,base,aux/bloque_023.aux,planned
R002509,GMD_1p2192m,1.2192,BASE,FallaTrafo2_ElBight,B5,3,base,aux/bloque_023.aux,planned
R002510,GMD_1p2192m,1.2192,BASE,FallaTrafo1_SchoolHouse,B5,3,base,aux/bloque_023.aux,planned
R002511,GMD_1p2192m,1.2192,B1_FV15,FallaLinea1_PuntaEvans_ElBight,B5,3,base,aux/bloque_023.aux,planned
R002512,GMD_1p2192m,1.2192,B1_FV15,FallaLinea2_PuntaEvans_ElBight,B5,3,base,aux/bloque_023.aux,planned
R002513,GMD_1p2192m,1.2192,B1_FV15,FallaLinea1_PuntaEvans_SchoolHouse,B5,3,base,aux/bloque_023.aux,planned
R002514,GMD_1p2192m,1.2192,B1_FV15,FallaLinea1_ElBight_SchoolHouse,B5,3,base,aux/bloque_023.aux,planned
R002515,GMD_1p2192m,1.2192,B1_FV15,FallaElevador1_PuntaEvans,B5,3,base,aux/bloque_023.aux,planned
R002516,GMD_1p2192m,1.2192,B1_FV15,FallaElevador2_PuntaEvans,B5,3,base,aux/bloque_023.aux,planned
R002517,GMD_1p2192m,1.2192,B1_FV15,FallaElevador3_PuntaEvans,B5,3,base,aux/bloque_023.aux,planned
R002518,GMD_1p2192m,1.2192,B1_FV15,FallaTrafo1_ElBight,B5,3,base,aux/bloque_023.aux,planned
R002519,GMD_1p2192m,1.2192,B1_FV15,FallaTrafo2_ElBight,B5,3,base,aux/bloque_023.aux,planned
R002520,GMD_1p2192m,1.2192,B1_FV15,FallaTrafo1_SchoolHouse,B5,3,base,aux/bloque_023.aux,planned
R002521,GMD_1p2192m,1.2192,B1_FV30,FallaLinea1_PuntaEvans_ElBight,B5,3,base,aux/bloque_023.aux,planned
R002522,GMD_1p2192m,1.2192,B1_FV30,FallaLinea2_PuntaEvans_ElBight,B5,3,base,aux/bloque_023.aux,planned
R002523,GMD_1p2192m,1.2192,B1_FV30,FallaLinea1_PuntaEvans_SchoolHouse,B5,3,base,aux/bloque_023.aux,planned
R002524,GMD_1p2192m,1.2192,B1_FV30,FallaLinea1_ElBight_SchoolHouse,B5,3,base,aux/bloque_023.aux,planned
R002525,GMD_1p2192m,1.2192,B1_FV30,FallaElevador1_PuntaEvans,B5,3,base,aux/bloque_023.aux,planned
R002526,GMD_1p2192m,1.2192,B1_FV30,FallaElevador2_PuntaEvans,B5,3,base,aux/bloque_023.aux,planned
R002527,GMD_1p2192m,1.2192,B1_FV30,FallaElevador3_PuntaEvans,B5,3,base,aux/bloque_023.aux,planned
R002528,GMD_1p2192m,1.2192,B1_FV30,FallaTrafo1_ElBight,B5,3,base,aux/bloque_023.aux,planned
R002529,GMD_1p2192m,1.2192,B1_FV30,FallaTrafo2_ElBight,B5,3,base,aux/bloque_023.aux,planned
R002530,GMD_1p2192m,1.2192,B1_FV30,FallaTrafo1_SchoolHouse,B5,3,base,aux/bloque_023.aux,planned
R002531,GMD_1p2192m,1.2192,B1_FV50,FallaLinea1_PuntaEvans_ElBight,B5,3,base,aux/bloque_024.aux,planned
R002532,GMD_1p2192m,1.2192,B1_FV50,FallaLinea2_PuntaEvans_ElBight,B5,3,base,aux/bloque_024.aux,planned
R002533,GMD_1p2192m,1.2192,B1_FV50,FallaLinea1_PuntaEvans_SchoolHouse,B5,3,base,aux/bloque_024.aux,planned
R002534,GMD_1p2192m,1.2192,B1_FV50,FallaLinea1_ElBight_SchoolHouse,B5,3,base,aux/bloque_024.aux,planned
R002535,GMD_1p2192m,1.2192,B1_FV50,FallaElevador1_PuntaEvans,B5,3,base,aux/bloque_024.aux,planned
R002536,GMD_1p2192m,1.2192,B1_FV50,FallaElevador2_PuntaEvans,B5,3,base,aux/bloque_024.aux,planned
R002537,GMD_1p2192m,1.2192,B1_FV50,FallaElevador3_PuntaEvans,B5,3,base,aux/bloque_024.aux,planned
R002538,GMD_1p2192m,1.2192,B1_FV50,FallaTrafo1_ElBight,B5,3,base,aux/bloque_024.aux,planned
R002539,GMD_1p2192m,1.2192,B1_FV50,FallaTrafo2_ElBight,B5,3,base,aux/bloque_024.aux,planned
R002540,GMD_1p2192m,1.2192,B1_FV50,FallaTrafo1_SchoolHouse,B5,3,base,aux/bloque_024.aux,planned
R002541,GMD_1p2192m,1.2192,B5_FV15,FallaLinea1_PuntaEvans_ElBight,B5,3,base,aux/bloque_024.aux,planned
R002542,GMD_1p2192m,1.2192,B5_FV15,FallaLinea2_PuntaEvans_ElBight,B5,3,base,aux/bloque_024.aux,planned
R002543,GMD_1p2192m,1.2192,B5_FV15,FallaLinea1_PuntaEvans_SchoolHouse,B5,3,base,aux/bloque_024.aux,planned
R002544,GMD_1p2192m,1.2192,B5_FV15,FallaLinea1_ElBight_SchoolHouse,B5,3,base,aux/bloque_024.aux,planned
R002545,GMD_1p2192m,1.2192,B5_FV15,FallaElevador1_PuntaEvans,B5,3,base,aux/bloque_024.aux,planned
R002546,GMD_1p2192m,1.2192,B5_FV15,FallaElevador2_PuntaEvans,B5,3,base,aux/bloque_024.aux,planned
R002547,GMD_1p2192m,1.2192,B5_FV15,FallaElevador3_PuntaEvans,B5,3,base,aux/bloque_024.aux,planned
R002548,GMD_1p2192m,1.2192,B5_FV15,FallaTrafo1_ElBight,B5,3,base,aux/bloque_024.aux,planned
R002549,GMD_1p2192m,1.2192,B5_FV15,FallaTrafo2_ElBight,B5,3,base,aux/bloque_024.aux,planned
R002550,GMD_1p2192m,1.2192,B5_FV15,FallaTrafo1_SchoolHouse,B5,3,base,aux/bloque_024.aux,planned
R002551,GMD_1p2192m,1.2192,B5_FV30,FallaLinea1_PuntaEvans_ElBight,B5,3,base,aux/bloque_024.aux,planned
R002552,GMD_1p2192m,1.2192,B5_FV30,FallaLinea2_PuntaEvans_ElBight,B5,3,base,aux/bloque_024.aux,planned
R002553,GMD_1p2192m,1.2192,B5_FV30,FallaLinea1_PuntaEvans_SchoolHouse,B5,3,base,aux/bloque_024.aux,planned
R002554,GMD_1p2192m,1.2192,B5_FV30,FallaLinea1_ElBight_SchoolHouse,B5,3,base,aux/bloque_024.aux,planned
R002555,GMD_1p2192m,1.2192,B5_FV30,FallaElevador1_PuntaEvans,B5,3,base,aux/bloque_024.aux,planned
R002556,GMD_1p2192m,1.2192,B5_FV30,FallaElevador2_PuntaEvans,B5,3,base,aux/bloque_024.aux,planned
R002557,GMD_1p2192m,1.2192,B5_FV30,FallaElevador3_PuntaEvans,B5,3,base,aux/bloque_024.aux,planned
R002558,GMD_1p2192m,1.2192,B5_FV30,FallaTrafo1_ElBight,B5,3,base,aux/bloque_024.aux,planned
R002559,GMD_1p2192m,1.2192,B5_FV30,FallaTrafo2_ElBight,B5,3,base,aux/bloque_024.aux,planned
R002560,GMD_1p2192m,1.2192,B5_FV30,FallaTrafo1_SchoolHouse,B5,3,base,aux/bloque_024.aux,planned
R002561,GMD_1p2192m,1.2192,B5_FV50,FallaLinea1_PuntaEvans_ElBight,B5,3,base,aux/bloque_024.aux,planned
R002562,GMD_1p2192m,1.2192,B5_FV50,FallaLinea2_PuntaEvans_ElBight,B5,3,base,aux/bloque_024.aux,planned
R002563,GMD_1p2192m,1.2192,B5_FV50,FallaLinea1_PuntaEvans_SchoolHouse,B5,3,base,aux/bloque_024.aux,planned
R002564,GMD_1p2192m,1.2192,B5_FV50,FallaLinea1_ElBight_SchoolHouse,B5,3,base,aux/bloque_024.aux,planned
R002565,GMD_1p2192m,1.2192,B5_FV50,FallaElevador1_PuntaEvans,B5,3,base,aux/bloque_024.aux,planned
R002566,GMD_1p2192m,1.2192,B5_FV50,FallaElevador2_PuntaEvans,B5,3,base,aux/bloque_024.aux,planned
R002567,GMD_1p2192m,1.2192,B5_FV50,FallaElevador3_PuntaEvans,B5,3,base,aux/bloque_024.aux,planned
R002568,GMD_1p2192m,1.2192,B5_FV50,FallaTrafo1_ElBight,B5,3,base,aux/bloque_024.aux,planned
R002569,GMD_1p2192m,1.2192,B5_FV50,FallaTrafo2_ElBight,B5,3,base,aux/bloque_024.aux,planned
R002570,GMD_1p2192m,1.2192,B5_FV50,FallaTrafo1_SchoolHouse,B5,3,base,aux/bloque_024.aux,planned
R002571,GMD_1p2192m,1.2192,B6_FV15,FallaLinea1_PuntaEvans_ElBight,B5,3,base,aux/bloque_024.aux,planned
R002572,GMD_1p2192m,1.2192,B6_FV15,FallaLinea2_PuntaEvans_ElBight,B5,3,base,aux/bloque_024.aux,planned
R002573,GMD_1p2192m,1.2192,B6_FV15,FallaLinea1_PuntaEvans_SchoolHouse,B5,3,base,aux/bloque_024.aux,planned
R002574,GMD_1p2192m,1.2192,B6_FV15,FallaLinea1_ElBight_SchoolHouse,B5,3,base,aux/bloque_024.aux,planned
R002575,GMD_1p2192m,1.2192,B6_FV15,FallaElevador1_PuntaEvans,B5,3,base,aux/bloque_024.aux,planned
R002576,GMD_1p2192m,1.2192,B6_FV15,FallaElevador2_PuntaEvans,B5,3,base,aux/bloque_024.aux,planned
R002577,GMD_1p2192m,1.2192,B6_FV15,FallaElevador3_PuntaEvans,B5,3,base,aux/bloque_024.aux,planned
R002578,GMD_1p2192m,1.2192,B6_FV15,FallaTrafo1_ElBight,B5,3,base,aux/bloque_024.aux,planned
R002579,GMD_1p2192m,1.2192,B6_FV15,FallaTrafo2_ElBight,B5,3,base,aux/bloque_024.aux,planned
R002580,GMD_1p2192m,1.2192,B6_FV15,FallaTrafo1_SchoolHouse,B5,3,base,aux/bloque_024.aux,planned
R002581,GMD_1p2192m,1.2192,B6_FV30,FallaLinea1_PuntaEvans_ElBight,B5,3,base,aux/bloque_024.aux,planned
R002582,GMD_1p2192m,1.2192,B6_FV30,FallaLinea2_PuntaEvans_ElBight,B5,3,base,aux/bloque_024.aux,planned
R002583,GMD_1p2192m,1.2192,B6_FV30,FallaLinea1_PuntaEvans_SchoolHouse,B5,3,base,aux/bloque_024.aux,planned
R002584,GMD_1p2192m,1.2192,B6_FV30,FallaLinea1_ElBight_SchoolHouse,B5,3,base,aux/bloque_024.aux,planned
R002585,GMD_1p2192m,1.2192,B6_FV30,FallaElevador1_PuntaEvans,B5,3,base,aux/bloque_024.aux,planned
R002586,GMD_1p2192m,1.2192,B6_FV30,FallaElevador2_PuntaEvans,B5,3,base,aux/bloque_024.aux,planned
R002587,GMD_1p2192m,1.2192,B6_FV30,FallaElevador3_PuntaEvans,B5,3,base,aux/bloque_024.aux,planned
R002588,GMD_1p2192m,1.2192,B6_FV30,FallaTrafo1_ElBight,B5,3,base,aux/bloque_024.aux,planned
R002589,GMD_1p2192m,1.2192,B6_FV30,FallaTrafo2_ElBight,B5,3,base,aux/bloque_024.aux,planned
R002590,GMD_1p2192m,1.2192,B6_FV30,FallaTrafo1_SchoolHouse,B5,3,base,aux/bloque_024.aux,planned
R002591,GMD_1p2192m,1.2192,B6_FV50,FallaLinea1_PuntaEvans_ElBight,B5,3,base,aux/bloque_024.aux,planned
R002592,GMD_1p2192m,1.2192,B6_FV50,FallaLinea2_PuntaEvans_ElBight,B5,3,base,aux/bloque_024.aux,planned
R002593,GMD_1p2192m,1.2192,B6_FV50,FallaLinea1_PuntaEvans_SchoolHouse,B5,3,base,aux/bloque_024.aux,planned
R002594,GMD_1p2192m,1.2192,B6_FV50,FallaLinea1_ElBight_SchoolHouse,B5,3,base,aux/bloque_024.aux,planned
R002595,GMD_1p2192m,1.2192,B6_FV50,FallaElevador1_PuntaEvans,B5,3,base,aux/bloque_024.aux,planned
R002596,GMD_1p2192m,1.2192,B6_FV50,FallaElevador2_PuntaEvans,B5,3,base,aux/bloque_024.aux,planned
R002597,GMD_1p2192m,1.2192,B6_FV50,FallaElevador3_PuntaEvans,B5,3,base,aux/bloque_024.aux,planned
R002598,GMD_1p2192m,1.2192,B6_FV50,FallaTrafo1_ElBight,B5,3,base,aux/bloque_024.aux,planned
R002599,GMD_1p2192m,1.2192,B6_FV50,FallaTrafo2_ElBight,B5,3,base,aux/bloque_024.aux,planned
R002600,GMD_1p2192m,1.2192,B6_FV50,FallaTrafo1_SchoolHouse,B5,3,base,aux/bloque_024.aux,planned
R002601,GMD_1p2192m,1.2192,BASE,FallaLinea1_PuntaEvans_ElBight,B5,4,base,aux/bloque_024.aux,planned
R002602,GMD_1p2192m,1.2192,BASE,FallaLinea2_PuntaEvans_ElBight,B5,4,base,aux/bloque_024.aux,planned
R002603,GMD_1p2192m,1.2192,BASE,FallaLinea1_PuntaEvans_SchoolHouse,B5,4,base,aux/bloque_024.aux,planned
R002604,GMD_1p2192m,1.2192,BASE,FallaLinea1_ElBight_SchoolHouse,B5,4,base,aux/bloque_024.aux,planned
R002605,GMD_1p2192m,1.2192,BASE,FallaElevador1_PuntaEvans,B5,4,base,aux/bloque_024.aux,planned
R002606,GMD_1p2192m,1.2192,BASE,FallaElevador2_PuntaEvans,B5,4,base,aux/bloque_024.aux,planned
R002607,GMD_1p2192m,1.2192,BASE,FallaElevador3_PuntaEvans,B5,4,base,aux/bloque_024.aux,planned
R002608,GMD_1p2192m,1.2192,BASE,FallaTrafo1_ElBight,B5,4,base,aux/bloque_024.aux,planned
R002609,GMD_1p2192m,1.2192,BASE,FallaTrafo2_ElBight,B5,4,base,aux/bloque_024.aux,planned
R002610,GMD_1p2192m,1.2192,BASE,FallaTrafo1_SchoolHouse,B5,4,base,aux/bloque_024.aux,planned
R002611,GMD_1p2192m,1.2192,B1_FV15,FallaLinea1_PuntaEvans_ElBight,B5,4,base,aux/bloque_024.aux,planned
R002612,GMD_1p2192m,1.2192,B1_FV15,FallaLinea2_PuntaEvans_ElBight,B5,4,base,aux/bloque_024.aux,planned
R002613,GMD_1p2192m,1.2192,B1_FV15,FallaLinea1_PuntaEvans_SchoolHouse,B5,4,base,aux/bloque_024.aux,planned
R002614,GMD_1p2192m,1.2192,B1_FV15,FallaLinea1_ElBight_SchoolHouse,B5,4,base,aux/bloque_024.aux,planned
R002615,GMD_1p2192m,1.2192,B1_FV15,FallaElevador1_PuntaEvans,B5,4,base,aux/bloque_024.aux,planned
R002616,GMD_1p2192m,1.2192,B1_FV15,FallaElevador2_PuntaEvans,B5,4,base,aux/bloque_024.aux,planned
R002617,GMD_1p2192m,1.2192,B1_FV15,FallaElevador3_PuntaEvans,B5,4,base,aux/bloque_024.aux,planned
R002618,GMD_1p2192m,1.2192,B1_FV15,FallaTrafo1_ElBight,B5,4,base,aux/bloque_024.aux,planned
R002619,GMD_1p2192m,1.2192,B1_FV15,FallaTrafo2_ElBight,B5,4,base,aux/bloque_024.aux,planned
R002620,GMD_1p2192m,1.2192,B1_FV15,FallaTrafo1_SchoolHouse,B5,4,base,aux/bloque_024.aux,planned
R002621,GMD_1p2192m,1.2192,B1_FV30,FallaLinea1_PuntaEvans_ElBight,B5,4,base,aux/bloque_024.aux,planned
R002622,GMD_1p2192m,1.2192,B1_FV30,FallaLinea2_PuntaEvans_ElBight,B5,4,base,aux/bloque_024.aux,planned
R002623,GMD_1p2192m,1.2192,B1_FV30,FallaLinea1_PuntaEvans_SchoolHouse,B5,4,base,aux/bloque_024.aux,planned
R002624,GMD_1p2192m,1.2192,B1_FV30,FallaLinea1_ElBight_SchoolHouse,B5,4,base,aux/bloque_024.aux,planned
R002625,GMD_1p2192m,1.2192,B1_FV30,FallaElevador1_PuntaEvans,B5,4,base,aux/bloque_024.aux,planned
R002626,GMD_1p2192m,1.2192,B1_FV30,FallaElevador2_PuntaEvans,B5,4,base,aux/bloque_024.aux,planned
R002627,GMD_1p2192m,1.2192,B1_FV30,FallaElevador3_PuntaEvans,B5,4,base,aux/bloque_024.aux,planned
R002628,GMD_1p2192m,1.2192,B1_FV30,FallaTrafo1_ElBight,B5,4,base,aux/bloque_024.aux,planned
R002629,GMD_1p2192m,1.2192,B1_FV30,FallaTrafo2_ElBight,B5,4,base,aux/bloque_024.aux,planned
R002630,GMD_1p2192m,1.2192,B1_FV30,FallaTrafo1_SchoolHouse,B5,4,base,aux/bloque_024.aux,planned
R002631,GMD_1p2192m,1.2192,B1_FV50,FallaLinea1_PuntaEvans_ElBight,B5,4,base,aux/bloque_024.aux,planned
R002632,GMD_1p2192m,1.2192,B1_FV50,FallaLinea2_PuntaEvans_ElBight,B5,4,base,aux/bloque_024.aux,planned
R002633,GMD_1p2192m,1.2192,B1_FV50,FallaLinea1_PuntaEvans_SchoolHouse,B5,4,base,aux/bloque_024.aux,planned
R002634,GMD_1p2192m,1.2192,B1_FV50,FallaLinea1_ElBight_SchoolHouse,B5,4,base,aux/bloque_024.aux,planned
R002635,GMD_1p2192m,1.2192,B1_FV50,FallaElevador1_PuntaEvans,B5,4,base,aux/bloque_024.aux,planned
R002636,GMD_1p2192m,1.2192,B1_FV50,FallaElevador2_PuntaEvans,B5,4,base,aux/bloque_024.aux,planned
R002637,GMD_1p2192m,1.2192,B1_FV50,FallaElevador3_PuntaEvans,B5,4,base,aux/bloque_024.aux,planned
R002638,GMD_1p2192m,1.2192,B1_FV50,FallaTrafo1_ElBight,B5,4,base,aux/bloque_024.aux,planned
R002639,GMD_1p2192m,1.2192,B1_FV50,FallaTrafo2_ElBight,B5,4,base,aux/bloque_024.aux,planned
R002640,GMD_1p2192m,1.2192,B1_FV50,FallaTrafo1_SchoolHouse,B5,4,base,aux/bloque_024.aux,planned
R002641,GMD_1p2192m,1.2192,B5_FV15,FallaLinea1_PuntaEvans_ElBight,B5,4,base,aux/bloque_025.aux,planned
R002642,GMD_1p2192m,1.2192,B5_FV15,FallaLinea2_PuntaEvans_ElBight,B5,4,base,aux/bloque_025.aux,planned
R002643,GMD_1p2192m,1.2192,B5_FV15,FallaLinea1_PuntaEvans_SchoolHouse,B5,4,base,aux/bloque_025.aux,planned
R002644,GMD_1p2192m,1.2192,B5_FV15,FallaLinea1_ElBight_SchoolHouse,B5,4,base,aux/bloque_025.aux,planned
R002645,GMD_1p2192m,1.2192,B5_FV15,FallaElevador1_PuntaEvans,B5,4,base,aux/bloque_025.aux,planned
R002646,GMD_1p2192m,1.2192,B5_FV15,FallaElevador2_PuntaEvans,B5,4,base,aux/bloque_025.aux,planned
R002647,GMD_1p2192m,1.2192,B5_FV15,FallaElevador3_PuntaEvans,B5,4,base,aux/bloque_025.aux,planned
R002648,GMD_1p2192m,1.2192,B5_FV15,FallaTrafo1_ElBight,B5,4,base,aux/bloque_025.aux,planned
R002649,GMD_1p2192m,1.2192,B5_FV15,FallaTrafo2_ElBight,B5,4,base,aux/bloque_025.aux,planned
R002650,GMD_1p2192m,1.2192,B5_FV15,FallaTrafo1_SchoolHouse,B5,4,base,aux/bloque_025.aux,planned
R002651,GMD_1p2192m,1.2192,B5_FV30,FallaLinea1_PuntaEvans_ElBight,B5,4,base,aux/bloque_025.aux,planned
R002652,GMD_1p2192m,1.2192,B5_FV30,FallaLinea2_PuntaEvans_ElBight,B5,4,base,aux/bloque_025.aux,planned
R002653,GMD_1p2192m,1.2192,B5_FV30,FallaLinea1_PuntaEvans_SchoolHouse,B5,4,base,aux/bloque_025.aux,planned
R002654,GMD_1p2192m,1.2192,B5_FV30,FallaLinea1_ElBight_SchoolHouse,B5,4,base,aux/bloque_025.aux,planned
R002655,GMD_1p2192m,1.2192,B5_FV30,FallaElevador1_PuntaEvans,B5,4,base,aux/bloque_025.aux,planned
R002656,GMD_1p2192m,1.2192,B5_FV30,FallaElevador2_PuntaEvans,B5,4,base,aux/bloque_025.aux,planned
R002657,GMD_1p2192m,1.2192,B5_FV30,FallaElevador3_PuntaEvans,B5,4,base,aux/bloque_025.aux,planned
R002658,GMD_1p2192m,1.2192,B5_FV30,FallaTrafo1_ElBight,B5,4,base,aux/bloque_025.aux,planned
R002659,GMD_1p2192m,1.2192,B5_FV30,FallaTrafo2_ElBight,B5,4,base,aux/bloque_025.aux,planned
R002660,GMD_1p2192m,1.2192,B5_FV30,FallaTrafo1_SchoolHouse,B5,4,base,aux/bloque_025.aux,planned
R002661,GMD_1p2192m,1.2192,B5_FV50,FallaLinea1_PuntaEvans_ElBight,B5,4,base,aux/bloque_025.aux,planned
R002662,GMD_1p2192m,1.2192,B5_FV50,FallaLinea2_PuntaEvans_ElBight,B5,4,base,aux/bloque_025.aux,planned
R002663,GMD_1p2192m,1.2192,B5_FV50,FallaLinea1_PuntaEvans_SchoolHouse,B5,4,base,aux/bloque_025.aux,planned
R002664,GMD_1p2192m,1.2192,B5_FV50,FallaLinea1_ElBight_SchoolHouse,B5,4,base,aux/bloque_025.aux,planned
R002665,GMD_1p2192m,1.2192,B5_FV50,FallaElevador1_PuntaEvans,B5,4,base,aux/bloque_025.aux,planned
R002666,GMD_1p2192m,1.2192,B5_FV50,FallaElevador2_PuntaEvans,B5,4,base,aux/bloque_025.aux,planned
R002667,GMD_1p2192m,1.2192,B5_FV50,FallaElevador3_PuntaEvans,B5,4,base,aux/bloque_025.aux,planned
R002668,GMD_1p2192m,1.2192,B5_FV50,FallaTrafo1_ElBight,B5,4,base,aux/bloque_025.aux,planned
R002669,GMD_1p2192m,1.2192,B5_FV50,FallaTrafo2_ElBight,B5,4,base,aux/bloque_025.aux,planned
R002670,GMD_1p2192m,1.2192,B5_FV50,FallaTrafo1_SchoolHouse,B5,4,base,aux/bloque_025.aux,planned
R002671,GMD_1p2192m,1.2192,B6_FV15,FallaLinea1_PuntaEvans_ElBight,B5,4,base,aux/bloque_025.aux,planned
R002672,GMD_1p2192m,1.2192,B6_FV15,FallaLinea2_PuntaEvans_ElBight,B5,4,base,aux/bloque_025.aux,planned
R002673,GMD_1p2192m,1.2192,B6_FV15,FallaLinea1_PuntaEvans_SchoolHouse,B5,4,base,aux/bloque_025.aux,planned
R002674,GMD_1p2192m,1.2192,B6_FV15,FallaLinea1_ElBight_SchoolHouse,B5,4,base,aux/bloque_025.aux,planned
R002675,GMD_1p2192m,1.2192,B6_FV15,FallaElevador1_PuntaEvans,B5,4,base,aux/bloque_025.aux,planned
R002676,GMD_1p2192m,1.2192,B6_FV15,FallaElevador2_PuntaEvans,B5,4,base,aux/bloque_025.aux,planned
R002677,GMD_1p2192m,1.2192,B6_FV15,FallaElevador3_PuntaEvans,B5,4,base,aux/bloque_025.aux,planned
R002678,GMD_1p2192m,1.2192,B6_FV15,FallaTrafo1_ElBight,B5,4,base,aux/bloque_025.aux,planned
R002679,GMD_1p2192m,1.2192,B6_FV15,FallaTrafo2_ElBight,B5,4,base,aux/bloque_025.aux,planned
R002680,GMD_1p2192m,1.2192,B6_FV15,FallaTrafo1_SchoolHouse,B5,4,base,aux/bloque_025.aux,planned
R002681,GMD_1p2192m,1.2192,B6_FV30,FallaLinea1_PuntaEvans_ElBight,B5,4,base,aux/bloque_025.aux,planned
R002682,GMD_1p2192m,1.2192,B6_FV30,FallaLinea2_PuntaEvans_ElBight,B5,4,base,aux/bloque_025.aux,planned
R002683,GMD_1p2192m,1.2192,B6_FV30,FallaLinea1_PuntaEvans_SchoolHouse,B5,4,base,aux/bloque_025.aux,planned
R002684,GMD_1p2192m,1.2192,B6_FV30,FallaLinea1_ElBight_SchoolHouse,B5,4,base,aux/bloque_025.aux,planned
R002685,GMD_1p2192m,1.2192,B6_FV30,FallaElevador1_PuntaEvans,B5,4,base,aux/bloque_025.aux,planned
R002686,GMD_1p2192m,1.2192,B6_FV30,FallaElevador2_PuntaEvans,B5,4,base,aux/bloque_025.aux,planned
R002687,GMD_1p2192m,1.2192,B6_FV30,FallaElevador3_PuntaEvans,B5,4,base,aux/bloque_025.aux,planned
R002688,GMD_1p2192m,1.2192,B6_FV30,FallaTrafo1_ElBight,B5,4,base,aux/bloque_025.aux,planned
R002689,GMD_1p2192m,1.2192,B6_FV30,FallaTrafo2_ElBight,B5,4,base,aux/bloque_025.aux,planned
R002690,GMD_1p2192m,1.2192,B6_FV30,FallaTrafo1_SchoolHouse,B5,4,base,aux/bloque_025.aux,planned
R002691,GMD_1p2192m,1.2192,B6_FV50,FallaLinea1_PuntaEvans_ElBight,B5,4,base,aux/bloque_025.aux,planned
R002692,GMD_1p2192m,1.2192,B6_FV50,FallaLinea2_PuntaEvans_ElBight,B5,4,base,aux/bloque_025.aux,planned
R002693,GMD_1p2192m,1.2192,B6_FV50,FallaLinea1_PuntaEvans_SchoolHouse,B5,4,base,aux/bloque_025.aux,planned
R002694,GMD_1p2192m,1.2192,B6_FV50,FallaLinea1_ElBight_SchoolHouse,B5,4,base,aux/bloque_025.aux,planned
R002695,GMD_1p2192m,1.2192,B6_FV50,FallaElevador1_PuntaEvans,B5,4,base,aux/bloque_025.aux,planned
R002696,GMD_1p2192m,1.2192,B6_FV50,FallaElevador2_PuntaEvans,B5,4,base,aux/bloque_025.aux,planned
R002697,GMD_1p2192m,1.2192,B6_FV50,FallaElevador3_PuntaEvans,B5,4,base,aux/bloque_025.aux,planned
R002698,GMD_1p2192m,1.2192,B6_FV50,FallaTrafo1_ElBight,B5,4,base,aux/bloque_025.aux,planned
R002699,GMD_1p2192m,1.2192,B6_FV50,FallaTrafo2_ElBight,B5,4,base,aux/bloque_025.aux,planned
R002700,GMD_1p2192m,1.2192,B6_FV50,FallaTrafo1_SchoolHouse,B5,4,base,aux/bloque_025.aux,planned
R002701,GMD_1p2192m,1.2192,BASE,FallaLinea1_PuntaEvans_ElBight,B5,5,base,aux/bloque_025.aux,planned
R002702,GMD_1p2192m,1.2192,BASE,FallaLinea2_PuntaEvans_ElBight,B5,5,base,aux/bloque_025.aux,planned
R002703,GMD_1p2192m,1.2192,BASE,FallaLinea1_PuntaEvans_SchoolHouse,B5,5,base,aux/bloque_025.aux,planned
R002704,GMD_1p2192m,1.2192,BASE,FallaLinea1_ElBight_SchoolHouse,B5,5,base,aux/bloque_025.aux,planned
R002705,GMD_1p2192m,1.2192,BASE,FallaElevador1_PuntaEvans,B5,5,base,aux/bloque_025.aux,planned
R002706,GMD_1p2192m,1.2192,BASE,FallaElevador2_PuntaEvans,B5,5,base,aux/bloque_025.aux,planned
R002707,GMD_1p2192m,1.2192,BASE,FallaElevador3_PuntaEvans,B5,5,base,aux/bloque_025.aux,planned
R002708,GMD_1p2192m,1.2192,BASE,FallaTrafo1_ElBight,B5,5,base,aux/bloque_025.aux,planned
R002709,GMD_1p2192m,1.2192,BASE,FallaTrafo2_ElBight,B5,5,base,aux/bloque_025.aux,planned
R002710,GMD_1p2192m,1.2192,BASE,FallaTrafo1_SchoolHouse,B5,5,base,aux/bloque_025.aux,planned
R002711,GMD_1p2192m,1.2192,B1_FV15,FallaLinea1_PuntaEvans_ElBight,B5,5,base,aux/bloque_025.aux,planned
R002712,GMD_1p2192m,1.2192,B1_FV15,FallaLinea2_PuntaEvans_ElBight,B5,5,base,aux/bloque_025.aux,planned
R002713,GMD_1p2192m,1.2192,B1_FV15,FallaLinea1_PuntaEvans_SchoolHouse,B5,5,base,aux/bloque_025.aux,planned
R002714,GMD_1p2192m,1.2192,B1_FV15,FallaLinea1_ElBight_SchoolHouse,B5,5,base,aux/bloque_025.aux,planned
R002715,GMD_1p2192m,1.2192,B1_FV15,FallaElevador1_PuntaEvans,B5,5,base,aux/bloque_025.aux,planned
R002716,GMD_1p2192m,1.2192,B1_FV15,FallaElevador2_PuntaEvans,B5,5,base,aux/bloque_025.aux,planned
R002717,GMD_1p2192m,1.2192,B1_FV15,FallaElevador3_PuntaEvans,B5,5,base,aux/bloque_025.aux,planned
R002718,GMD_1p2192m,1.2192,B1_FV15,FallaTrafo1_ElBight,B5,5,base,aux/bloque_025.aux,planned
R002719,GMD_1p2192m,1.2192,B1_FV15,FallaTrafo2_ElBight,B5,5,base,aux/bloque_025.aux,planned
R002720,GMD_1p2192m,1.2192,B1_FV15,FallaTrafo1_SchoolHouse,B5,5,base,aux/bloque_025.aux,planned
R002721,GMD_1p2192m,1.2192,B1_FV30,FallaLinea1_PuntaEvans_ElBight,B5,5,base,aux/bloque_025.aux,planned
R002722,GMD_1p2192m,1.2192,B1_FV30,FallaLinea2_PuntaEvans_ElBight,B5,5,base,aux/bloque_025.aux,planned
R002723,GMD_1p2192m,1.2192,B1_FV30,FallaLinea1_PuntaEvans_SchoolHouse,B5,5,base,aux/bloque_025.aux,planned
R002724,GMD_1p2192m,1.2192,B1_FV30,FallaLinea1_ElBight_SchoolHouse,B5,5,base,aux/bloque_025.aux,planned
R002725,GMD_1p2192m,1.2192,B1_FV30,FallaElevador1_PuntaEvans,B5,5,base,aux/bloque_025.aux,planned
R002726,GMD_1p2192m,1.2192,B1_FV30,FallaElevador2_PuntaEvans,B5,5,base,aux/bloque_025.aux,planned
R002727,GMD_1p2192m,1.2192,B1_FV30,FallaElevador3_PuntaEvans,B5,5,base,aux/bloque_025.aux,planned
R002728,GMD_1p2192m,1.2192,B1_FV30,FallaTrafo1_ElBight,B5,5,base,aux/bloque_025.aux,planned
R002729,GMD_1p2192m,1.2192,B1_FV30,FallaTrafo2_ElBight,B5,5,base,aux/bloque_025.aux,planned
R002730,GMD_1p2192m,1.2192,B1_FV30,FallaTrafo1_SchoolHouse,B5,5,base,aux/bloque_025.aux,planned
R002731,GMD_1p2192m,1.2192,B1_FV50,FallaLinea1_PuntaEvans_ElBight,B5,5,base,aux/bloque_025.aux,planned
R002732,GMD_1p2192m,1.2192,B1_FV50,FallaLinea2_PuntaEvans_ElBight,B5,5,base,aux/bloque_025.aux,planned
R002733,GMD_1p2192m,1.2192,B1_FV50,FallaLinea1_PuntaEvans_SchoolHouse,B5,5,base,aux/bloque_025.aux,planned
R002734,GMD_1p2192m,1.2192,B1_FV50,FallaLinea1_ElBight_SchoolHouse,B5,5,base,aux/bloque_025.aux,planned
R002735,GMD_1p2192m,1.2192,B1_FV50,FallaElevador1_PuntaEvans,B5,5,base,aux/bloque_025.aux,planned
R002736,GMD_1p2192m,1.2192,B1_FV50,FallaElevador2_PuntaEvans,B5,5,base,aux/bloque_025.aux,planned
R002737,GMD_1p2192m,1.2192,B1_FV50,FallaElevador3_PuntaEvans,B5,5,base,aux/bloque_025.aux,planned
R002738,GMD_1p2192m,1.2192,B1_FV50,FallaTrafo1_ElBight,B5,5,base,aux/bloque_025.aux,planned
R002739,GMD_1p2192m,1.2192,B1_FV50,FallaTrafo2_ElBight,B5,5,base,aux/bloque_025.aux,planned
R002740,GMD_1p2192m,1.2192,B1_FV50,FallaTrafo1_SchoolHouse,B5,5,base,aux/bloque_025.aux,planned
R002741,GMD_1p2192m,1.2192,B5_FV15,FallaLinea1_PuntaEvans_ElBight,B5,5,base,aux/bloque_025.aux,planned
R002742,GMD_1p2192m,1.2192,B5_FV15,FallaLinea2_PuntaEvans_ElBight,B5,5,base,aux/bloque_025.aux,planned
R002743,GMD_1p2192m,1.2192,B5_FV15,FallaLinea1_PuntaEvans_SchoolHouse,B5,5,base,aux/bloque_025.aux,planned
R002744,GMD_1p2192m,1.2192,B5_FV15,FallaLinea1_ElBight_SchoolHouse,B5,5,base,aux/bloque_025.aux,planned
R002745,GMD_1p2192m,1.2192,B5_FV15,FallaElevador1_PuntaEvans,B5,5,base,aux/bloque_025.aux,planned
R002746,GMD_1p2192m,1.2192,B5_FV15,FallaElevador2_PuntaEvans,B5,5,base,aux/bloque_025.aux,planned
R002747,GMD_1p2192m,1.2192,B5_FV15,FallaElevador3_PuntaEvans,B5,5,base,aux/bloque_025.aux,planned
R002748,GMD_1p2192m,1.2192,B5_FV15,FallaTrafo1_ElBight,B5,5,base,aux/bloque_025.aux,planned
R002749,GMD_1p2192m,1.2192,B5_FV15,FallaTrafo2_ElBight,B5,5,base,aux/bloque_025.aux,planned
R002750,GMD_1p2192m,1.2192,B5_FV15,FallaTrafo1_SchoolHouse,B5,5,base,aux/bloque_025.aux,planned
R002751,GMD_1p2192m,1.2192,B5_FV30,FallaLinea1_PuntaEvans_ElBight,B5,5,base,aux/bloque_026.aux,planned
R002752,GMD_1p2192m,1.2192,B5_FV30,FallaLinea2_PuntaEvans_ElBight,B5,5,base,aux/bloque_026.aux,planned
R002753,GMD_1p2192m,1.2192,B5_FV30,FallaLinea1_PuntaEvans_SchoolHouse,B5,5,base,aux/bloque_026.aux,planned
R002754,GMD_1p2192m,1.2192,B5_FV30,FallaLinea1_ElBight_SchoolHouse,B5,5,base,aux/bloque_026.aux,planned
R002755,GMD_1p2192m,1.2192,B5_FV30,FallaElevador1_PuntaEvans,B5,5,base,aux/bloque_026.aux,planned
R002756,GMD_1p2192m,1.2192,B5_FV30,FallaElevador2_PuntaEvans,B5,5,base,aux/bloque_026.aux,planned
R002757,GMD_1p2192m,1.2192,B5_FV30,FallaElevador3_PuntaEvans,B5,5,base,aux/bloque_026.aux,planned
R002758,GMD_1p2192m,1.2192,B5_FV30,FallaTrafo1_ElBight,B5,5,base,aux/bloque_026.aux,planned
R002759,GMD_1p2192m,1.2192,B5_FV30,FallaTrafo2_ElBight,B5,5,base,aux/bloque_026.aux,planned
R002760,GMD_1p2192m,1.2192,B5_FV30,FallaTrafo1_SchoolHouse,B5,5,base,aux/bloque_026.aux,planned
R002761,GMD_1p2192m,1.2192,B5_FV50,FallaLinea1_PuntaEvans_ElBight,B5,5,base,aux/bloque_026.aux,planned
R002762,GMD_1p2192m,1.2192,B5_FV50,FallaLinea2_PuntaEvans_ElBight,B5,5,base,aux/bloque_026.aux,planned
R002763,GMD_1p2192m,1.2192,B5_FV50,FallaLinea1_PuntaEvans_SchoolHouse,B5,5,base,aux/bloque_026.aux,planned
R002764,GMD_1p2192m,1.2192,B5_FV50,FallaLinea1_ElBight_SchoolHouse,B5,5,base,aux/bloque_026.aux,planned
R002765,GMD_1p2192m,1.2192,B5_FV50,FallaElevador1_PuntaEvans,B5,5,base,aux/bloque_026.aux,planned
R002766,GMD_1p2192m,1.2192,B5_FV50,FallaElevador2_PuntaEvans,B5,5,base,aux/bloque_026.aux,planned
R002767,GMD_1p2192m,1.2192,B5_FV50,FallaElevador3_PuntaEvans,B5,5,base,aux/bloque_026.aux,planned
R002768,GMD_1p2192m,1.2192,B5_FV50,FallaTrafo1_ElBight,B5,5,base,aux/bloque_026.aux,planned
R002769,GMD_1p2192m,1.2192,B5_FV50,FallaTrafo2_ElBight,B5,5,base,aux/bloque_026.aux,planned
R002770,GMD_1p2192m,1.2192,B5_FV50,FallaTrafo1_SchoolHouse,B5,5,base,aux/bloque_026.aux,planned
R002771,GMD_1p2192m,1.2192,B6_FV15,FallaLinea1_PuntaEvans_ElBight,B5,5,base,aux/bloque_026.aux,planned
R002772,GMD_1p2192m,1.2192,B6_FV15,FallaLinea2_PuntaEvans_ElBight,B5,5,base,aux/bloque_026.aux,planned
R002773,GMD_1p2192m,1.2192,B6_FV15,FallaLinea1_PuntaEvans_SchoolHouse,B5,5,base,aux/bloque_026.aux,planned
R002774,GMD_1p2192m,1.2192,B6_FV15,FallaLinea1_ElBight_SchoolHouse,B5,5,base,aux/bloque_026.aux,planned
R002775,GMD_1p2192m,1.2192,B6_FV15,FallaElevador1_PuntaEvans,B5,5,base,aux/bloque_026.aux,planned
R002776,GMD_1p2192m,1.2192,B6_FV15,FallaElevador2_PuntaEvans,B5,5,base,aux/bloque_026.aux,planned
R002777,GMD_1p2192m,1.2192,B6_FV15,FallaElevador3_PuntaEvans,B5,5,base,aux/bloque_026.aux,planned
R002778,GMD_1p2192m,1.2192,B6_FV15,FallaTrafo1_ElBight,B5,5,base,aux/bloque_026.aux,planned
R002779,GMD_1p2192m,1.2192,B6_FV15,FallaTrafo2_ElBight,B5,5,base,aux/bloque_026.aux,planned
R002780,GMD_1p2192m,1.2192,B6_FV15,FallaTrafo1_SchoolHouse,B5,5,base,aux/bloque_026.aux,planned
R002781,GMD_1p2192m,1.2192,B6_FV30,FallaLinea1_PuntaEvans_ElBight,B5,5,base,aux/bloque_026.aux,planned
R002782,GMD_1p2192m,1.2192,B6_FV30,FallaLinea2_PuntaEvans_ElBight,B5,5,base,aux/bloque_026.aux,planned
R002783,GMD_1p2192m,1.2192,B6_FV30,FallaLinea1_PuntaEvans_SchoolHouse,B5,5,base,aux/bloque_026.aux,planned
R002784,GMD_1p2192m,1.2192,B6_FV30,FallaLinea1_ElBight_SchoolHouse,B5,5,base,aux/bloque_026.aux,planned
R002785,GMD_1p2192m,1.2192,B6_FV30,FallaElevador1_PuntaEvans,B5,5,base,aux/bloque_026.aux,planned
R002786,GMD_1p2192m,1.2192,B6_FV30,FallaElevador2_PuntaEvans,B5,5,base,aux/bloque_026.aux,planned
R002787,GMD_1p2192m,1.2192,B6_FV30,FallaElevador3_PuntaEvans,B5,5,base,aux/bloque_026.aux,planned
R002788,GMD_1p2192m,1.2192,B6_FV30,FallaTrafo1_ElBight,B5,5,base,aux/bloque_026.aux,planned
R002789,GMD_1p2192m,1.2192,B6_FV30,FallaTrafo2_ElBight,B5,5,base,aux/bloque_026.aux,planned
R002790,GMD_1p2192m,1.2192,B6_FV30,FallaTrafo1_SchoolHouse,B5,5,base,aux/bloque_026.aux,planned
R002791,GMD_1p2192m,1.2192,B6_FV50,FallaLinea1_PuntaEvans_ElBight,B5,5,base,aux/bloque_026.aux,planned
R002792,GMD_1p2192m,1.2192,B6_FV50,FallaLinea2_PuntaEvans_ElBight,B5,5,base,aux/bloque_026.aux,planned
R002793,GMD_1p2192m,1.2192,B6_FV50,FallaLinea1_PuntaEvans_SchoolHouse,B5,5,base,aux/bloque_026.aux,planned
R002794,GMD_1p2192m,1.2192,B6_FV50,FallaLinea1_ElBight_SchoolHouse,B5,5,base,aux/bloque_026.aux,planned
R002795,GMD_1p2192m,1.2192,B6_FV50,FallaElevador1_PuntaEvans,B5,5,base,aux/bloque_026.aux,planned
R002796,GMD_1p2192m,1.2192,B6_FV50,FallaElevador2_PuntaEvans,B5,5,base,aux/bloque_026.aux,planned
R002797,GMD_1p2192m,1.2192,B6_FV50,FallaElevador3_PuntaEvans,B5,5,base,aux/bloque_026.aux,planned
R002798,GMD_1p2192m,1.2192,B6_FV50,FallaTrafo1_ElBight,B5,5,base,aux/bloque_026.aux,planned
R002799,GMD_1p2192m,1.2192,B6_FV50,FallaTrafo2_ElBight,B5,5,base,aux/bloque_026.aux,planned
R002800,GMD_1p2192m,1.2192,B6_FV50,FallaTrafo1_SchoolHouse,B5,5,base,aux/bloque_026.aux,planned
R002801,GMD_1p2192m,1.2192,BASE,FallaLinea1_PuntaEvans_ElBight,B5,6,base,aux/bloque_026.aux,planned
R002802,GMD_1p2192m,1.2192,BASE,FallaLinea2_PuntaEvans_ElBight,B5,6,base,aux/bloque_026.aux,planned
R002803,GMD_1p2192m,1.2192,BASE,FallaLinea1_PuntaEvans_SchoolHouse,B5,6,base,aux/bloque_026.aux,planned
R002804,GMD_1p2192m,1.2192,BASE,FallaLinea1_ElBight_SchoolHouse,B5,6,base,aux/bloque_026.aux,planned
R002805,GMD_1p2192m,1.2192,BASE,FallaElevador1_PuntaEvans,B5,6,base,aux/bloque_026.aux,planned
R002806,GMD_1p2192m,1.2192,BASE,FallaElevador2_PuntaEvans,B5,6,base,aux/bloque_026.aux,planned
R002807,GMD_1p2192m,1.2192,BASE,FallaElevador3_PuntaEvans,B5,6,base,aux/bloque_026.aux,planned
R002808,GMD_1p2192m,1.2192,BASE,FallaTrafo1_ElBight,B5,6,base,aux/bloque_026.aux,planned
R002809,GMD_1p2192m,1.2192,BASE,FallaTrafo2_ElBight,B5,6,base,aux/bloque_026.aux,planned
R002810,GMD_1p2192m,1.2192,BASE,FallaTrafo1_SchoolHouse,B5,6,base,aux/bloque_026.aux,planned
R002811,GMD_1p2192m,1.2192,B1_FV15,FallaLinea1_PuntaEvans_ElBight,B5,6,base,aux/bloque_026.aux,planned
R002812,GMD_1p2192m,1.2192,B1_FV15,FallaLinea2_PuntaEvans_ElBight,B5,6,base,aux/bloque_026.aux,planned
R002813,GMD_1p2192m,1.2192,B1_FV15,FallaLinea1_PuntaEvans_SchoolHouse,B5,6,base,aux/bloque_026.aux,planned
R002814,GMD_1p2192m,1.2192,B1_FV15,FallaLinea1_ElBight_SchoolHouse,B5,6,base,aux/bloque_026.aux,planned
R002815,GMD_1p2192m,1.2192,B1_FV15,FallaElevador1_PuntaEvans,B5,6,base,aux/bloque_026.aux,planned
R002816,GMD_1p2192m,1.2192,B1_FV15,FallaElevador2_PuntaEvans,B5,6,base,aux/bloque_026.aux,planned
R002817,GMD_1p2192m,1.2192,B1_FV15,FallaElevador3_PuntaEvans,B5,6,base,aux/bloque_026.aux,planned
R002818,GMD_1p2192m,1.2192,B1_FV15,FallaTrafo1_ElBight,B5,6,base,aux/bloque_026.aux,planned
R002819,GMD_1p2192m,1.2192,B1_FV15,FallaTrafo2_ElBight,B5,6,base,aux/bloque_026.aux,planned
R002820,GMD_1p2192m,1.2192,B1_FV15,FallaTrafo1_SchoolHouse,B5,6,base,aux/bloque_026.aux,planned
R002821,GMD_1p2192m,1.2192,B1_FV30,FallaLinea1_PuntaEvans_ElBight,B5,6,base,aux/bloque_026.aux,planned
R002822,GMD_1p2192m,1.2192,B1_FV30,FallaLinea2_PuntaEvans_ElBight,B5,6,base,aux/bloque_026.aux,planned
R002823,GMD_1p2192m,1.2192,B1_FV30,FallaLinea1_PuntaEvans_SchoolHouse,B5,6,base,aux/bloque_026.aux,planned
R002824,GMD_1p2192m,1.2192,B1_FV30,FallaLinea1_ElBight_SchoolHouse,B5,6,base,aux/bloque_026.aux,planned
R002825,GMD_1p2192m,1.2192,B1_FV30,FallaElevador1_PuntaEvans,B5,6,base,aux/bloque_026.aux,planned
R002826,GMD_1p2192m,1.2192,B1_FV30,FallaElevador2_PuntaEvans,B5,6,base,aux/bloque_026.aux,planned
R002827,GMD_1p2192m,1.2192,B1_FV30,FallaElevador3_PuntaEvans,B5,6,base,aux/bloque_026.aux,planned
R002828,GMD_1p2192m,1.2192,B1_FV30,FallaTrafo1_ElBight,B5,6,base,aux/bloque_026.aux,planned
R002829,GMD_1p2192m,1.2192,B1_FV30,FallaTrafo2_ElBight,B5,6,base,aux/bloque_026.aux,planned
R002830,GMD_1p2192m,1.2192,B1_FV30,FallaTrafo1_SchoolHouse,B5,6,base,aux/bloque_026.aux,planned
R002831,GMD_1p2192m,1.2192,B1_FV50,FallaLinea1_PuntaEvans_ElBight,B5,6,base,aux/bloque_026.aux,planned
R002832,GMD_1p2192m,1.2192,B1_FV50,FallaLinea2_PuntaEvans_ElBight,B5,6,base,aux/bloque_026.aux,planned
R002833,GMD_1p2192m,1.2192,B1_FV50,FallaLinea1_PuntaEvans_SchoolHouse,B5,6,base,aux/bloque_026.aux,planned
R002834,GMD_1p2192m,1.2192,B1_FV50,FallaLinea1_ElBight_SchoolHouse,B5,6,base,aux/bloque_026.aux,planned
R002835,GMD_1p2192m,1.2192,B1_FV50,FallaElevador1_PuntaEvans,B5,6,base,aux/bloque_026.aux,planned
R002836,GMD_1p2192m,1.2192,B1_FV50,FallaElevador2_PuntaEvans,B5,6,base,aux/bloque_026.aux,planned
R002837,GMD_1p2192m,1.2192,B1_FV50,FallaElevador3_PuntaEvans,B5,6,base,aux/bloque_026.aux,planned
R002838,GMD_1p2192m,1.2192,B1_FV50,FallaTrafo1_ElBight,B5,6,base,aux/bloque_026.aux,planned
R002839,GMD_1p2192m,1.2192,B1_FV50,FallaTrafo2_ElBight,B5,6,base,aux/bloque_026.aux,planned
R002840,GMD_1p2192m,1.2192,B1_FV50,FallaTrafo1_SchoolHouse,B5,6,base,aux/bloque_026.aux,planned
R002841,GMD_1p2192m,1.2192,B5_FV15,FallaLinea1_PuntaEvans_ElBight,B5,6,base,aux/bloque_026.aux,planned
R002842,GMD_1p2192m,1.2192,B5_FV15,FallaLinea2_PuntaEvans_ElBight,B5,6,base,aux/bloque_026.aux,planned
R002843,GMD_1p2192m,1.2192,B5_FV15,FallaLinea1_PuntaEvans_SchoolHouse,B5,6,base,aux/bloque_026.aux,planned
R002844,GMD_1p2192m,1.2192,B5_FV15,FallaLinea1_ElBight_SchoolHouse,B5,6,base,aux/bloque_026.aux,planned
R002845,GMD_1p2192m,1.2192,B5_FV15,FallaElevador1_PuntaEvans,B5,6,base,aux/bloque_026.aux,planned
R002846,GMD_1p2192m,1.2192,B5_FV15,FallaElevador2_PuntaEvans,B5,6,base,aux/bloque_026.aux,planned
R002847,GMD_1p2192m,1.2192,B5_FV15,FallaElevador3_PuntaEvans,B5,6,base,aux/bloque_026.aux,planned
R002848,GMD_1p2192m,1.2192,B5_FV15,FallaTrafo1_ElBight,B5,6,base,aux/bloque_026.aux,planned
R002849,GMD_1p2192m,1.2192,B5_FV15,FallaTrafo2_ElBight,B5,6,base,aux/bloque_026.aux,planned
R002850,GMD_1p2192m,1.2192,B5_FV15,FallaTrafo1_SchoolHouse,B5,6,base,aux/bloque_026.aux,planned
R002851,GMD_1p2192m,1.2192,B5_FV30,FallaLinea1_PuntaEvans_ElBight,B5,6,base,aux/bloque_026.aux,planned
R002852,GMD_1p2192m,1.2192,B5_FV30,FallaLinea2_PuntaEvans_ElBight,B5,6,base,aux/bloque_026.aux,planned
R002853,GMD_1p2192m,1.2192,B5_FV30,FallaLinea1_PuntaEvans_SchoolHouse,B5,6,base,aux/bloque_026.aux,planned
R002854,GMD_1p2192m,1.2192,B5_FV30,FallaLinea1_ElBight_SchoolHouse,B5,6,base,aux/bloque_026.aux,planned
R002855,GMD_1p2192m,1.2192,B5_FV30,FallaElevador1_PuntaEvans,B5,6,base,aux/bloque_026.aux,planned
R002856,GMD_1p2192m,1.2192,B5_FV30,FallaElevador2_PuntaEvans,B5,6,base,aux/bloque_026.aux,planned
R002857,GMD_1p2192m,1.2192,B5_FV30,FallaElevador3_PuntaEvans,B5,6,base,aux/bloque_026.aux,planned
R002858,GMD_1p2192m,1.2192,B5_FV30,FallaTrafo1_ElBight,B5,6,base,aux/bloque_026.aux,planned
R002859,GMD_1p2192m,1.2192,B5_FV30,FallaTrafo2_ElBight,B5,6,base,aux/bloque_026.aux,planned
R002860,GMD_1p2192m,1.2192,B5_FV30,FallaTrafo1_SchoolHouse,B5,6,base,aux/bloque_026.aux,planned
R002861,GMD_1p2192m,1.2192,B5_FV50,FallaLinea1_PuntaEvans_ElBight,B5,6,base,aux/bloque_027.aux,planned
R002862,GMD_1p2192m,1.2192,B5_FV50,FallaLinea2_PuntaEvans_ElBight,B5,6,base,aux/bloque_027.aux,planned
R002863,GMD_1p2192m,1.2192,B5_FV50,FallaLinea1_PuntaEvans_SchoolHouse,B5,6,base,aux/bloque_027.aux,planned
R002864,GMD_1p2192m,1.2192,B5_FV50,FallaLinea1_ElBight_SchoolHouse,B5,6,base,aux/bloque_027.aux,planned
R002865,GMD_1p2192m,1.2192,B5_FV50,FallaElevador1_PuntaEvans,B5,6,base,aux/bloque_027.aux,planned
R002866,GMD_1p2192m,1.2192,B5_FV50,FallaElevador2_PuntaEvans,B5,6,base,aux/bloque_027.aux,planned
R002867,GMD_1p2192m,1.2192,B5_FV50,FallaElevador3_PuntaEvans,B5,6,base,aux/bloque_027.aux,planned
R002868,GMD_1p2192m,1.2192,B5_FV50,FallaTrafo1_ElBight,B5,6,base,aux/bloque_027.aux,planned
R002869,GMD_1p2192m,1.2192,B5_FV50,FallaTrafo2_ElBight,B5,6,base,aux/bloque_027.aux,planned
R002870,GMD_1p2192m,1.2192,B5_FV50,FallaTrafo1_SchoolHouse,B5,6,base,aux/bloque_027.aux,planned
R002871,GMD_1p2192m,1.2192,B6_FV15,FallaLinea1_PuntaEvans_ElBight,B5,6,base,aux/bloque_027.aux,planned
R002872,GMD_1p2192m,1.2192,B6_FV15,FallaLinea2_PuntaEvans_ElBight,B5,6,base,aux/bloque_027.aux,planned
R002873,GMD_1p2192m,1.2192,B6_FV15,FallaLinea1_PuntaEvans_SchoolHouse,B5,6,base,aux/bloque_027.aux,planned
R002874,GMD_1p2192m,1.2192,B6_FV15,FallaLinea1_ElBight_SchoolHouse,B5,6,base,aux/bloque_027.aux,planned
R002875,GMD_1p2192m,1.2192,B6_FV15,FallaElevador1_PuntaEvans,B5,6,base,aux/bloque_027.aux,planned
R002876,GMD_1p2192m,1.2192,B6_FV15,FallaElevador2_PuntaEvans,B5,6,base,aux/bloque_027.aux,planned
R002877,GMD_1p2192m,1.2192,B6_FV15,FallaElevador3_PuntaEvans,B5,6,base,aux/bloque_027.aux,planned
R002878,GMD_1p2192m,1.2192,B6_FV15,FallaTrafo1_ElBight,B5,6,base,aux/bloque_027.aux,planned
R002879,GMD_1p2192m,1.2192,B6_FV15,FallaTrafo2_ElBight,B5,6,base,aux/bloque_027.aux,planned
R002880,GMD_1p2192m,1.2192,B6_FV15,FallaTrafo1_SchoolHouse,B5,6,base,aux/bloque_027.aux,planned
R002881,GMD_1p2192m,1.2192,B6_FV30,FallaLinea1_PuntaEvans_ElBight,B5,6,base,aux/bloque_027.aux,planned
R002882,GMD_1p2192m,1.2192,B6_FV30,FallaLinea2_PuntaEvans_ElBight,B5,6,base,aux/bloque_027.aux,planned
R002883,GMD_1p2192m,1.2192,B6_FV30,FallaLinea1_PuntaEvans_SchoolHouse,B5,6,base,aux/bloque_027.aux,planned
R002884,GMD_1p2192m,1.2192,B6_FV30,FallaLinea1_ElBight_SchoolHouse,B5,6,base,aux/bloque_027.aux,planned
R002885,GMD_1p2192m,1.2192,B6_FV30,FallaElevador1_PuntaEvans,B5,6,base,aux/bloque_027.aux,planned
R002886,GMD_1p2192m,1.2192,B6_FV30,FallaElevador2_PuntaEvans,B5,6,base,aux/bloque_027.aux,planned
R002887,GMD_1p2192m,1.2192,B6_FV30,FallaElevador3_PuntaEvans,B5,6,base,aux/bloque_027.aux,planned
R002888,GMD_1p2192m,1.2192,B6_FV30,FallaTrafo1_ElBight,B5,6,base,aux/bloque_027.aux,planned
R002889,GMD_1p2192m,1.2192,B6_FV30,FallaTrafo2_ElBight,B5,6,base,aux/bloque_027.aux,planned
R002890,GMD_1p2192m,1.2192,B6_FV30,FallaTrafo1_SchoolHouse,B5,6,base,aux/bloque_027.aux,planned
R002891,GMD_1p2192m,1.2192,B6_FV50,FallaLinea1_PuntaEvans_ElBight,B5,6,base,aux/bloque_027.aux,planned
R002892,GMD_1p2192m,1.2192,B6_FV50,FallaLinea2_PuntaEvans_ElBight,B5,6,base,aux/bloque_027.aux,planned
R002893,GMD_1p2192m,1.2192,B6_FV50,FallaLinea1_PuntaEvans_SchoolHouse,B5,6,base,aux/bloque_027.aux,planned
R002894,GMD_1p2192m,1.2192,B6_FV50,FallaLinea1_ElBight_SchoolHouse,B5,6,base,aux/bloque_027.aux,planned
R002895,GMD_1p2192m,1.2192,B6_FV50,FallaElevador1_PuntaEvans,B5,6,base,aux/bloque_027.aux,planned
R002896,GMD_1p2192m,1.2192,B6_FV50,FallaElevador2_PuntaEvans,B5,6,base,aux/bloque_027.aux,planned
R002897,GMD_1p2192m,1.2192,B6_FV50,FallaElevador3_PuntaEvans,B5,6,base,aux/bloque_027.aux,planned
R002898,GMD_1p2192m,1.2192,B6_FV50,FallaTrafo1_ElBight,B5,6,base,aux/bloque_027.aux,planned
R002899,GMD_1p2192m,1.2192,B6_FV50,FallaTrafo2_ElBight,B5,6,base,aux/bloque_027.aux,planned
R002900,GMD_1p2192m,1.2192,B6_FV50,FallaTrafo1_SchoolHouse,B5,6,base,aux/bloque_027.aux,planned
R002901,GMD_1p2192m,1.2192,BASE,FallaLinea1_PuntaEvans_ElBight,B5,7,base,aux/bloque_027.aux,planned
R002902,GMD_1p2192m,1.2192,BASE,FallaLinea2_PuntaEvans_ElBight,B5,7,base,aux/bloque_027.aux,planned
R002903,GMD_1p2192m,1.2192,BASE,FallaLinea1_PuntaEvans_SchoolHouse,B5,7,base,aux/bloque_027.aux,planned
R002904,GMD_1p2192m,1.2192,BASE,FallaLinea1_ElBight_SchoolHouse,B5,7,base,aux/bloque_027.aux,planned
R002905,GMD_1p2192m,1.2192,BASE,FallaElevador1_PuntaEvans,B5,7,base,aux/bloque_027.aux,planned
R002906,GMD_1p2192m,1.2192,BASE,FallaElevador2_PuntaEvans,B5,7,base,aux/bloque_027.aux,planned
R002907,GMD_1p2192m,1.2192,BASE,FallaElevador3_PuntaEvans,B5,7,base,aux/bloque_027.aux,planned
R002908,GMD_1p2192m,1.2192,BASE,FallaTrafo1_ElBight,B5,7,base,aux/bloque_027.aux,planned
R002909,GMD_1p2192m,1.2192,BASE,FallaTrafo2_ElBight,B5,7,base,aux/bloque_027.aux,planned
R002910,GMD_1p2192m,1.2192,BASE,FallaTrafo1_SchoolHouse,B5,7,base,aux/bloque_027.aux,planned
R002911,GMD_1p2192m,1.2192,B1_FV15,FallaLinea1_PuntaEvans_ElBight,B5,7,base,aux/bloque_027.aux,planned
R002912,GMD_1p2192m,1.2192,B1_FV15,FallaLinea2_PuntaEvans_ElBight,B5,7,base,aux/bloque_027.aux,planned
R002913,GMD_1p2192m,1.2192,B1_FV15,FallaLinea1_PuntaEvans_SchoolHouse,B5,7,base,aux/bloque_027.aux,planned
R002914,GMD_1p2192m,1.2192,B1_FV15,FallaLinea1_ElBight_SchoolHouse,B5,7,base,aux/bloque_027.aux,planned
R002915,GMD_1p2192m,1.2192,B1_FV15,FallaElevador1_PuntaEvans,B5,7,base,aux/bloque_027.aux,planned
R002916,GMD_1p2192m,1.2192,B1_FV15,FallaElevador2_PuntaEvans,B5,7,base,aux/bloque_027.aux,planned
R002917,GMD_1p2192m,1.2192,B1_FV15,FallaElevador3_PuntaEvans,B5,7,base,aux/bloque_027.aux,planned
R002918,GMD_1p2192m,1.2192,B1_FV15,FallaTrafo1_ElBight,B5,7,base,aux/bloque_027.aux,planned
R002919,GMD_1p2192m,1.2192,B1_FV15,FallaTrafo2_ElBight,B5,7,base,aux/bloque_027.aux,planned
R002920,GMD_1p2192m,1.2192,B1_FV15,FallaTrafo1_SchoolHouse,B5,7,base,aux/bloque_027.aux,planned
R002921,GMD_1p2192m,1.2192,B1_FV30,FallaLinea1_PuntaEvans_ElBight,B5,7,base,aux/bloque_027.aux,planned
R002922,GMD_1p2192m,1.2192,B1_FV30,FallaLinea2_PuntaEvans_ElBight,B5,7,base,aux/bloque_027.aux,planned
R002923,GMD_1p2192m,1.2192,B1_FV30,FallaLinea1_PuntaEvans_SchoolHouse,B5,7,base,aux/bloque_027.aux,planned
R002924,GMD_1p2192m,1.2192,B1_FV30,FallaLinea1_ElBight_SchoolHouse,B5,7,base,aux/bloque_027.aux,planned
R002925,GMD_1p2192m,1.2192,B1_FV30,FallaElevador1_PuntaEvans,B5,7,base,aux/bloque_027.aux,planned
R002926,GMD_1p2192m,1.2192,B1_FV30,FallaElevador2_PuntaEvans,B5,7,base,aux/bloque_027.aux,planned
R002927,GMD_1p2192m,1.2192,B1_FV30,FallaElevador3_PuntaEvans,B5,7,base,aux/bloque_027.aux,planned
R002928,GMD_1p2192m,1.2192,B1_FV30,FallaTrafo1_ElBight,B5,7,base,aux/bloque_027.aux,planned
R002929,GMD_1p2192m,1.2192,B1_FV30,FallaTrafo2_ElBight,B5,7,base,aux/bloque_027.aux,planned
R002930,GMD_1p2192m,1.2192,B1_FV30,FallaTrafo1_SchoolHouse,B5,7,base,aux/bloque_027.aux,planned
R002931,GMD_1p2192m,1.2192,B1_FV50,FallaLinea1_PuntaEvans_ElBight,B5,7,base,aux/bloque_027.aux,planned
R002932,GMD_1p2192m,1.2192,B1_FV50,FallaLinea2_PuntaEvans_ElBight,B5,7,base,aux/bloque_027.aux,planned
R002933,GMD_1p2192m,1.2192,B1_FV50,FallaLinea1_PuntaEvans_SchoolHouse,B5,7,base,aux/bloque_027.aux,planned
R002934,GMD_1p2192m,1.2192,B1_FV50,FallaLinea1_ElBight_SchoolHouse,B5,7,base,aux/bloque_027.aux,planned
R002935,GMD_1p2192m,1.2192,B1_FV50,FallaElevador1_PuntaEvans,B5,7,base,aux/bloque_027.aux,planned
R002936,GMD_1p2192m,1.2192,B1_FV50,FallaElevador2_PuntaEvans,B5,7,base,aux/bloque_027.aux,planned
R002937,GMD_1p2192m,1.2192,B1_FV50,FallaElevador3_PuntaEvans,B5,7,base,aux/bloque_027.aux,planned
R002938,GMD_1p2192m,1.2192,B1_FV50,FallaTrafo1_ElBight,B5,7,base,aux/bloque_027.aux,planned
R002939,GMD_1p2192m,1.2192,B1_FV50,FallaTrafo2_ElBight,B5,7,base,aux/bloque_027.aux,planned
R002940,GMD_1p2192m,1.2192,B1_FV50,FallaTrafo1_SchoolHouse,B5,7,base,aux/bloque_027.aux,planned
R002941,GMD_1p2192m,1.2192,B5_FV15,FallaLinea1_PuntaEvans_ElBight,B5,7,base,aux/bloque_027.aux,planned
R002942,GMD_1p2192m,1.2192,B5_FV15,FallaLinea2_PuntaEvans_ElBight,B5,7,base,aux/bloque_027.aux,planned
R002943,GMD_1p2192m,1.2192,B5_FV15,FallaLinea1_PuntaEvans_SchoolHouse,B5,7,base,aux/bloque_027.aux,planned
R002944,GMD_1p2192m,1.2192,B5_FV15,FallaLinea1_ElBight_SchoolHouse,B5,7,base,aux/bloque_027.aux,planned
R002945,GMD_1p2192m,1.2192,B5_FV15,FallaElevador1_PuntaEvans,B5,7,base,aux/bloque_027.aux,planned
R002946,GMD_1p2192m,1.2192,B5_FV15,FallaElevador2_PuntaEvans,B5,7,base,aux/bloque_027.aux,planned
R002947,GMD_1p2192m,1.2192,B5_FV15,FallaElevador3_PuntaEvans,B5,7,base,aux/bloque_027.aux,planned
R002948,GMD_1p2192m,1.2192,B5_FV15,FallaTrafo1_ElBight,B5,7,base,aux/bloque_027.aux,planned
R002949,GMD_1p2192m,1.2192,B5_FV15,FallaTrafo2_ElBight,B5,7,base,aux/bloque_027.aux,planned
R002950,GMD_1p2192m,1.2192,B5_FV15,FallaTrafo1_SchoolHouse,B5,7,base,aux/bloque_027.aux,planned
R002951,GMD_1p2192m,1.2192,B5_FV30,FallaLinea1_PuntaEvans_ElBight,B5,7,base,aux/bloque_027.aux,planned
R002952,GMD_1p2192m,1.2192,B5_FV30,FallaLinea2_PuntaEvans_ElBight,B5,7,base,aux/bloque_027.aux,planned
R002953,GMD_1p2192m,1.2192,B5_FV30,FallaLinea1_PuntaEvans_SchoolHouse,B5,7,base,aux/bloque_027.aux,planned
R002954,GMD_1p2192m,1.2192,B5_FV30,FallaLinea1_ElBight_SchoolHouse,B5,7,base,aux/bloque_027.aux,planned
R002955,GMD_1p2192m,1.2192,B5_FV30,FallaElevador1_PuntaEvans,B5,7,base,aux/bloque_027.aux,planned
R002956,GMD_1p2192m,1.2192,B5_FV30,FallaElevador2_PuntaEvans,B5,7,base,aux/bloque_027.aux,planned
R002957,GMD_1p2192m,1.2192,B5_FV30,FallaElevador3_PuntaEvans,B5,7,base,aux/bloque_027.aux,planned
R002958,GMD_1p2192m,1.2192,B5_FV30,FallaTrafo1_ElBight,B5,7,base,aux/bloque_027.aux,planned
R002959,GMD_1p2192m,1.2192,B5_FV30,FallaTrafo2_ElBight,B5,7,base,aux/bloque_027.aux,planned
R002960,GMD_1p2192m,1.2192,B5_FV30,FallaTrafo1_SchoolHouse,B5,7,base,aux/bloque_027.aux,planned
R002961,GMD_1p2192m,1.2192,B5_FV50,FallaLinea1_PuntaEvans_ElBight,B5,7,base,aux/bloque_027.aux,planned
R002962,GMD_1p2192m,1.2192,B5_FV50,FallaLinea2_PuntaEvans_ElBight,B5,7,base,aux/bloque_027.aux,planned
R002963,GMD_1p2192m,1.2192,B5_FV50,FallaLinea1_PuntaEvans_SchoolHouse,B5,7,base,aux/bloque_027.aux,planned
R002964,GMD_1p2192m,1.2192,B5_FV50,FallaLinea1_ElBight_SchoolHouse,B5,7,base,aux/bloque_027.aux,planned
R002965,GMD_1p2192m,1.2192,B5_FV50,FallaElevador1_PuntaEvans,B5,7,base,aux/bloque_027.aux,planned
R002966,GMD_1p2192m,1.2192,B5_FV50,FallaElevador2_PuntaEvans,B5,7,base,aux/bloque_027.aux,planned
R002967,GMD_1p2192m,1.2192,B5_FV50,FallaElevador3_PuntaEvans,B5,7,base,aux/bloque_027.aux,planned
R002968,GMD_1p2192m,1.2192,B5_FV50,FallaTrafo1_ElBight,B5,7,base,aux/bloque_027.aux,planned
R002969,GMD_1p2192m,1.2192,B5_FV50,FallaTrafo2_ElBight,B5,7,base,aux/bloque_027.aux,planned
R002970,GMD_1p2192m,1.2192,B5_FV50,FallaTrafo1_SchoolHouse,B5,7,base,aux/bloque_027.aux,planned
R002971,GMD_1p2192m,1.2192,B6_FV15,FallaLinea1_PuntaEvans_ElBight,B5,7,base,aux/bloque_028.aux,planned
R002972,GMD_1p2192m,1.2192,B6_FV15,FallaLinea2_PuntaEvans_ElBight,B5,7,base,aux/bloque_028.aux,planned
R002973,GMD_1p2192m,1.2192,B6_FV15,FallaLinea1_PuntaEvans_SchoolHouse,B5,7,base,aux/bloque_028.aux,planned
R002974,GMD_1p2192m,1.2192,B6_FV15,FallaLinea1_ElBight_SchoolHouse,B5,7,base,aux/bloque_028.aux,planned
R002975,GMD_1p2192m,1.2192,B6_FV15,FallaElevador1_PuntaEvans,B5,7,base,aux/bloque_028.aux,planned
R002976,GMD_1p2192m,1.2192,B6_FV15,FallaElevador2_PuntaEvans,B5,7,base,aux/bloque_028.aux,planned
R002977,GMD_1p2192m,1.2192,B6_FV15,FallaElevador3_PuntaEvans,B5,7,base,aux/bloque_028.aux,planned
R002978,GMD_1p2192m,1.2192,B6_FV15,FallaTrafo1_ElBight,B5,7,base,aux/bloque_028.aux,planned
R002979,GMD_1p2192m,1.2192,B6_FV15,FallaTrafo2_ElBight,B5,7,base,aux/bloque_028.aux,planned
R002980,GMD_1p2192m,1.2192,B6_FV15,FallaTrafo1_SchoolHouse,B5,7,base,aux/bloque_028.aux,planned
R002981,GMD_1p2192m,1.2192,B6_FV30,FallaLinea1_PuntaEvans_ElBight,B5,7,base,aux/bloque_028.aux,planned
R002982,GMD_1p2192m,1.2192,B6_FV30,FallaLinea2_PuntaEvans_ElBight,B5,7,base,aux/bloque_028.aux,planned
R002983,GMD_1p2192m,1.2192,B6_FV30,FallaLinea1_PuntaEvans_SchoolHouse,B5,7,base,aux/bloque_028.aux,planned
R002984,GMD_1p2192m,1.2192,B6_FV30,FallaLinea1_ElBight_SchoolHouse,B5,7,base,aux/bloque_028.aux,planned
R002985,GMD_1p2192m,1.2192,B6_FV30,FallaElevador1_PuntaEvans,B5,7,base,aux/bloque_028.aux,planned
R002986,GMD_1p2192m,1.2192,B6_FV30,FallaElevador2_PuntaEvans,B5,7,base,aux/bloque_028.aux,planned
R002987,GMD_1p2192m,1.2192,B6_FV30,FallaElevador3_PuntaEvans,B5,7,base,aux/bloque_028.aux,planned
R002988,GMD_1p2192m,1.2192,B6_FV30,FallaTrafo1_ElBight,B5,7,base,aux/bloque_028.aux,planned
R002989,GMD_1p2192m,1.2192,B6_FV30,FallaTrafo2_ElBight,B5,7,base,aux/bloque_028.aux,planned
R002990,GMD_1p2192m,1.2192,B6_FV30,FallaTrafo1_SchoolHouse,B5,7,base,aux/bloque_028.aux,planned
R002991,GMD_1p2192m,1.2192,B6_FV50,FallaLinea1_PuntaEvans_ElBight,B5,7,base,aux/bloque_028.aux,planned
R002992,GMD_1p2192m,1.2192,B6_FV50,FallaLinea2_PuntaEvans_ElBight,B5,7,base,aux/bloque_028.aux,planned
R002993,GMD_1p2192m,1.2192,B6_FV50,FallaLinea1_PuntaEvans_SchoolHouse,B5,7,base,aux/bloque_028.aux,planned
R002994,GMD_1p2192m,1.2192,B6_FV50,FallaLinea1_ElBight_SchoolHouse,B5,7,base,aux/bloque_028.aux,planned
R002995,GMD_1p2192m,1.2192,B6_FV50,FallaElevador1_PuntaEvans,B5,7,base,aux/bloque_028.aux,planned
R002996,GMD_1p2192m,1.2192,B6_FV50,FallaElevador2_PuntaEvans,B5,7,base,aux/bloque_028.aux,planned
R002997,GMD_1p2192m,1.2192,B6_FV50,FallaElevador3_PuntaEvans,B5,7,base,aux/bloque_028.aux,planned
R002998,GMD_1p2192m,1.2192,B6_FV50,FallaTrafo1_ElBight,B5,7,base,aux/bloque_028.aux,planned
R002999,GMD_1p2192m,1.2192,B6_FV50,FallaTrafo2_ElBight,B5,7,base,aux/bloque_028.aux,planned
R003000,GMD_1p2192m,1.2192,B6_FV50,FallaTrafo1_SchoolHouse,B5,7,base,aux/bloque_028.aux,planned
R003001,GMD_1p2192m,1.2192,BASE,FallaLinea1_PuntaEvans_ElBight,B5,8,base,aux/bloque_028.aux,planned
R003002,GMD_1p2192m,1.2192,BASE,FallaLinea2_PuntaEvans_ElBight,B5,8,base,aux/bloque_028.aux,planned
R003003,GMD_1p2192m,1.2192,BASE,FallaLinea1_PuntaEvans_SchoolHouse,B5,8,base,aux/bloque_028.aux,planned
R003004,GMD_1p2192m,1.2192,BASE,FallaLinea1_ElBight_SchoolHouse,B5,8,base,aux/bloque_028.aux,planned
R003005,GMD_1p2192m,1.2192,BASE,FallaElevador1_PuntaEvans,B5,8,base,aux/bloque_028.aux,planned
R003006,GMD_1p2192m,1.2192,BASE,FallaElevador2_PuntaEvans,B5,8,base,aux/bloque_028.aux,planned
R003007,GMD_1p2192m,1.2192,BASE,FallaElevador3_PuntaEvans,B5,8,base,aux/bloque_028.aux,planned
R003008,GMD_1p2192m,1.2192,BASE,FallaTrafo1_ElBight,B5,8,base,aux/bloque_028.aux,planned
R003009,GMD_1p2192m,1.2192,BASE,FallaTrafo2_ElBight,B5,8,base,aux/bloque_028.aux,planned
R003010,GMD_1p2192m,1.2192,BASE,FallaTrafo1_SchoolHouse,B5,8,base,aux/bloque_028.aux,planned
R003011,GMD_1p2192m,1.2192,B1_FV15,FallaLinea1_PuntaEvans_ElBight,B5,8,base,aux/bloque_028.aux,planned
R003012,GMD_1p2192m,1.2192,B1_FV15,FallaLinea2_PuntaEvans_ElBight,B5,8,base,aux/bloque_028.aux,planned
R003013,GMD_1p2192m,1.2192,B1_FV15,FallaLinea1_PuntaEvans_SchoolHouse,B5,8,base,aux/bloque_028.aux,planned
R003014,GMD_1p2192m,1.2192,B1_FV15,FallaLinea1_ElBight_SchoolHouse,B5,8,base,aux/bloque_028.aux,planned
R003015,GMD_1p2192m,1.2192,B1_FV15,FallaElevador1_PuntaEvans,B5,8,base,aux/bloque_028.aux,planned
R003016,GMD_1p2192m,1.2192,B1_FV15,FallaElevador2_PuntaEvans,B5,8,base,aux/bloque_028.aux,planned
R003017,GMD_1p2192m,1.2192,B1_FV15,FallaElevador3_PuntaEvans,B5,8,base,aux/bloque_028.aux,planned
R003018,GMD_1p2192m,1.2192,B1_FV15,FallaTrafo1_ElBight,B5,8,base,aux/bloque_028.aux,planned
R003019,GMD_1p2192m,1.2192,B1_FV15,FallaTrafo2_ElBight,B5,8,base,aux/bloque_028.aux,planned
R003020,GMD_1p2192m,1.2192,B1_FV15,FallaTrafo1_SchoolHouse,B5,8,base,aux/bloque_028.aux,planned
R003021,GMD_1p2192m,1.2192,B1_FV30,FallaLinea1_PuntaEvans_ElBight,B5,8,base,aux/bloque_028.aux,planned
R003022,GMD_1p2192m,1.2192,B1_FV30,FallaLinea2_PuntaEvans_ElBight,B5,8,base,aux/bloque_028.aux,planned
R003023,GMD_1p2192m,1.2192,B1_FV30,FallaLinea1_PuntaEvans_SchoolHouse,B5,8,base,aux/bloque_028.aux,planned
R003024,GMD_1p2192m,1.2192,B1_FV30,FallaLinea1_ElBight_SchoolHouse,B5,8,base,aux/bloque_028.aux,planned
R003025,GMD_1p2192m,1.2192,B1_FV30,FallaElevador1_PuntaEvans,B5,8,base,aux/bloque_028.aux,planned
R003026,GMD_1p2192m,1.2192,B1_FV30,FallaElevador2_PuntaEvans,B5,8,base,aux/bloque_028.aux,planned
R003027,GMD_1p2192m,1.2192,B1_FV30,FallaElevador3_PuntaEvans,B5,8,base,aux/bloque_028.aux,planned
R003028,GMD_1p2192m,1.2192,B1_FV30,FallaTrafo1_ElBight,B5,8,base,aux/bloque_028.aux,planned
R003029,GMD_1p2192m,1.2192,B1_FV30,FallaTrafo2_ElBight,B5,8,base,aux/bloque_028.aux,planned
R003030,GMD_1p2192m,1.2192,B1_FV30,FallaTrafo1_SchoolHouse,B5,8,base,aux/bloque_028.aux,planned
R003031,GMD_1p2192m,1.2192,B1_FV50,FallaLinea1_PuntaEvans_ElBight,B5,8,base,aux/bloque_028.aux,planned
R003032,GMD_1p2192m,1.2192,B1_FV50,FallaLinea2_PuntaEvans_ElBight,B5,8,base,aux/bloque_028.aux,planned
R003033,GMD_1p2192m,1.2192,B1_FV50,FallaLinea1_PuntaEvans_SchoolHouse,B5,8,base,aux/bloque_028.aux,planned
R003034,GMD_1p2192m,1.2192,B1_FV50,FallaLinea1_ElBight_SchoolHouse,B5,8,base,aux/bloque_028.aux,planned
R003035,GMD_1p2192m,1.2192,B1_FV50,FallaElevador1_PuntaEvans,B5,8,base,aux/bloque_028.aux,planned
R003036,GMD_1p2192m,1.2192,B1_FV50,FallaElevador2_PuntaEvans,B5,8,base,aux/bloque_028.aux,planned
R003037,GMD_1p2192m,1.2192,B1_FV50,FallaElevador3_PuntaEvans,B5,8,base,aux/bloque_028.aux,planned
R003038,GMD_1p2192m,1.2192,B1_FV50,FallaTrafo1_ElBight,B5,8,base,aux/bloque_028.aux,planned
R003039,GMD_1p2192m,1.2192,B1_FV50,FallaTrafo2_ElBight,B5,8,base,aux/bloque_028.aux,planned
R003040,GMD_1p2192m,1.2192,B1_FV50,FallaTrafo1_SchoolHouse,B5,8,base,aux/bloque_028.aux,planned
R003041,GMD_1p2192m,1.2192,B5_FV15,FallaLinea1_PuntaEvans_ElBight,B5,8,base,aux/bloque_028.aux,planned
R003042,GMD_1p2192m,1.2192,B5_FV15,FallaLinea2_PuntaEvans_ElBight,B5,8,base,aux/bloque_028.aux,planned
R003043,GMD_1p2192m,1.2192,B5_FV15,FallaLinea1_PuntaEvans_SchoolHouse,B5,8,base,aux/bloque_028.aux,planned
R003044,GMD_1p2192m,1.2192,B5_FV15,FallaLinea1_ElBight_SchoolHouse,B5,8,base,aux/bloque_028.aux,planned
R003045,GMD_1p2192m,1.2192,B5_FV15,FallaElevador1_PuntaEvans,B5,8,base,aux/bloque_028.aux,planned
R003046,GMD_1p2192m,1.2192,B5_FV15,FallaElevador2_PuntaEvans,B5,8,base,aux/bloque_028.aux,planned
R003047,GMD_1p2192m,1.2192,B5_FV15,FallaElevador3_PuntaEvans,B5,8,base,aux/bloque_028.aux,planned
R003048,GMD_1p2192m,1.2192,B5_FV15,FallaTrafo1_ElBight,B5,8,base,aux/bloque_028.aux,planned
R003049,GMD_1p2192m,1.2192,B5_FV15,FallaTrafo2_ElBight,B5,8,base,aux/bloque_028.aux,planned
R003050,GMD_1p2192m,1.2192,B5_FV15,FallaTrafo1_SchoolHouse,B5,8,base,aux/bloque_028.aux,planned
R003051,GMD_1p2192m,1.2192,B5_FV30,FallaLinea1_PuntaEvans_ElBight,B5,8,base,aux/bloque_028.aux,planned
R003052,GMD_1p2192m,1.2192,B5_FV30,FallaLinea2_PuntaEvans_ElBight,B5,8,base,aux/bloque_028.aux,planned
R003053,GMD_1p2192m,1.2192,B5_FV30,FallaLinea1_PuntaEvans_SchoolHouse,B5,8,base,aux/bloque_028.aux,planned
R003054,GMD_1p2192m,1.2192,B5_FV30,FallaLinea1_ElBight_SchoolHouse,B5,8,base,aux/bloque_028.aux,planned
R003055,GMD_1p2192m,1.2192,B5_FV30,FallaElevador1_PuntaEvans,B5,8,base,aux/bloque_028.aux,planned
R003056,GMD_1p2192m,1.2192,B5_FV30,FallaElevador2_PuntaEvans,B5,8,base,aux/bloque_028.aux,planned
R003057,GMD_1p2192m,1.2192,B5_FV30,FallaElevador3_PuntaEvans,B5,8,base,aux/bloque_028.aux,planned
R003058,GMD_1p2192m,1.2192,B5_FV30,FallaTrafo1_ElBight,B5,8,base,aux/bloque_028.aux,planned
R003059,GMD_1p2192m,1.2192,B5_FV30,FallaTrafo2_ElBight,B5,8,base,aux/bloque_028.aux,planned
R003060,GMD_1p2192m,1.2192,B5_FV30,FallaTrafo1_SchoolHouse,B5,8,base,aux/bloque_028.aux,planned
R003061,GMD_1p2192m,1.2192,B5_FV50,FallaLinea1_PuntaEvans_ElBight,B5,8,base,aux/bloque_028.aux,planned
R003062,GMD_1p2192m,1.2192,B5_FV50,FallaLinea2_PuntaEvans_ElBight,B5,8,base,aux/bloque_028.aux,planned
R003063,GMD_1p2192m,1.2192,B5_FV50,FallaLinea1_PuntaEvans_SchoolHouse,B5,8,base,aux/bloque_028.aux,planned
R003064,GMD_1p2192m,1.2192,B5_FV50,FallaLinea1_ElBight_SchoolHouse,B5,8,base,aux/bloque_028.aux,planned
R003065,GMD_1p2192m,1.2192,B5_FV50,FallaElevador1_PuntaEvans,B5,8,base,aux/bloque_028.aux,planned
R003066,GMD_1p2192m,1.2192,B5_FV50,FallaElevador2_PuntaEvans,B5,8,base,aux/bloque_028.aux,planned
R003067,GMD_1p2192m,1.2192,B5_FV50,FallaElevador3_PuntaEvans,B5,8,base,aux/bloque_028.aux,planned
R003068,GMD_1p2192m,1.2192,B5_FV50,FallaTrafo1_ElBight,B5,8,base,aux/bloque_028.aux,planned
R003069,GMD_1p2192m,1.2192,B5_FV50,FallaTrafo2_ElBight,B5,8,base,aux/bloque_028.aux,planned
R003070,GMD_1p2192m,1.2192,B5_FV50,FallaTrafo1_SchoolHouse,B5,8,base,aux/bloque_028.aux,planned
R003071,GMD_1p2192m,1.2192,B6_FV15,FallaLinea1_PuntaEvans_ElBight,B5,8,base,aux/bloque_028.aux,planned
R003072,GMD_1p2192m,1.2192,B6_FV15,FallaLinea2_PuntaEvans_ElBight,B5,8,base,aux/bloque_028.aux,planned
R003073,GMD_1p2192m,1.2192,B6_FV15,FallaLinea1_PuntaEvans_SchoolHouse,B5,8,base,aux/bloque_028.aux,planned
R003074,GMD_1p2192m,1.2192,B6_FV15,FallaLinea1_ElBight_SchoolHouse,B5,8,base,aux/bloque_028.aux,planned
R003075,GMD_1p2192m,1.2192,B6_FV15,FallaElevador1_PuntaEvans,B5,8,base,aux/bloque_028.aux,planned
R003076,GMD_1p2192m,1.2192,B6_FV15,FallaElevador2_PuntaEvans,B5,8,base,aux/bloque_028.aux,planned
R003077,GMD_1p2192m,1.2192,B6_FV15,FallaElevador3_PuntaEvans,B5,8,base,aux/bloque_028.aux,planned
R003078,GMD_1p2192m,1.2192,B6_FV15,FallaTrafo1_ElBight,B5,8,base,aux/bloque_028.aux,planned
R003079,GMD_1p2192m,1.2192,B6_FV15,FallaTrafo2_ElBight,B5,8,base,aux/bloque_028.aux,planned
R003080,GMD_1p2192m,1.2192,B6_FV15,FallaTrafo1_SchoolHouse,B5,8,base,aux/bloque_028.aux,planned
R003081,GMD_1p2192m,1.2192,B6_FV30,FallaLinea1_PuntaEvans_ElBight,B5,8,base,aux/bloque_029.aux,planned
R003082,GMD_1p2192m,1.2192,B6_FV30,FallaLinea2_PuntaEvans_ElBight,B5,8,base,aux/bloque_029.aux,planned
R003083,GMD_1p2192m,1.2192,B6_FV30,FallaLinea1_PuntaEvans_SchoolHouse,B5,8,base,aux/bloque_029.aux,planned
R003084,GMD_1p2192m,1.2192,B6_FV30,FallaLinea1_ElBight_SchoolHouse,B5,8,base,aux/bloque_029.aux,planned
R003085,GMD_1p2192m,1.2192,B6_FV30,FallaElevador1_PuntaEvans,B5,8,base,aux/bloque_029.aux,planned
R003086,GMD_1p2192m,1.2192,B6_FV30,FallaElevador2_PuntaEvans,B5,8,base,aux/bloque_029.aux,planned
R003087,GMD_1p2192m,1.2192,B6_FV30,FallaElevador3_PuntaEvans,B5,8,base,aux/bloque_029.aux,planned
R003088,GMD_1p2192m,1.2192,B6_FV30,FallaTrafo1_ElBight,B5,8,base,aux/bloque_029.aux,planned
R003089,GMD_1p2192m,1.2192,B6_FV30,FallaTrafo2_ElBight,B5,8,base,aux/bloque_029.aux,planned
R003090,GMD_1p2192m,1.2192,B6_FV30,FallaTrafo1_SchoolHouse,B5,8,base,aux/bloque_029.aux,planned
R003091,GMD_1p2192m,1.2192,B6_FV50,FallaLinea1_PuntaEvans_ElBight,B5,8,base,aux/bloque_029.aux,planned
R003092,GMD_1p2192m,1.2192,B6_FV50,FallaLinea2_PuntaEvans_ElBight,B5,8,base,aux/bloque_029.aux,planned
R003093,GMD_1p2192m,1.2192,B6_FV50,FallaLinea1_PuntaEvans_SchoolHouse,B5,8,base,aux/bloque_029.aux,planned
R003094,GMD_1p2192m,1.2192,B6_FV50,FallaLinea1_ElBight_SchoolHouse,B5,8,base,aux/bloque_029.aux,planned
R003095,GMD_1p2192m,1.2192,B6_FV50,FallaElevador1_PuntaEvans,B5,8,base,aux/bloque_029.aux,planned
R003096,GMD_1p2192m,1.2192,B6_FV50,FallaElevador2_PuntaEvans,B5,8,base,aux/bloque_029.aux,planned
R003097,GMD_1p2192m,1.2192,B6_FV50,FallaElevador3_PuntaEvans,B5,8,base,aux/bloque_029.aux,planned
R003098,GMD_1p2192m,1.2192,B6_FV50,FallaTrafo1_ElBight,B5,8,base,aux/bloque_029.aux,planned
R003099,GMD_1p2192m,1.2192,B6_FV50,FallaTrafo2_ElBight,B5,8,base,aux/bloque_029.aux,planned
R003100,GMD_1p2192m,1.2192,B6_FV50,FallaTrafo1_SchoolHouse,B5,8,base,aux/bloque_029.aux,planned
R003101,GMD_1p2192m,1.2192,BASE,FallaLinea1_PuntaEvans_ElBight,B5,9,base,aux/bloque_029.aux,planned
R003102,GMD_1p2192m,1.2192,BASE,FallaLinea2_PuntaEvans_ElBight,B5,9,base,aux/bloque_029.aux,planned
R003103,GMD_1p2192m,1.2192,BASE,FallaLinea1_PuntaEvans_SchoolHouse,B5,9,base,aux/bloque_029.aux,planned
R003104,GMD_1p2192m,1.2192,BASE,FallaLinea1_ElBight_SchoolHouse,B5,9,base,aux/bloque_029.aux,planned
R003105,GMD_1p2192m,1.2192,BASE,FallaElevador1_PuntaEvans,B5,9,base,aux/bloque_029.aux,planned
R003106,GMD_1p2192m,1.2192,BASE,FallaElevador2_PuntaEvans,B5,9,base,aux/bloque_029.aux,planned
R003107,GMD_1p2192m,1.2192,BASE,FallaElevador3_PuntaEvans,B5,9,base,aux/bloque_029.aux,planned
R003108,GMD_1p2192m,1.2192,BASE,FallaTrafo1_ElBight,B5,9,base,aux/bloque_029.aux,planned
R003109,GMD_1p2192m,1.2192,BASE,FallaTrafo2_ElBight,B5,9,base,aux/bloque_029.aux,planned
R003110,GMD_1p2192m,1.2192,BASE,FallaTrafo1_SchoolHouse,B5,9,base,aux/bloque_029.aux,planned
R003111,GMD_1p2192m,1.2192,B1_FV15,FallaLinea1_PuntaEvans_ElBight,B5,9,base,aux/bloque_029.aux,planned
R003112,GMD_1p2192m,1.2192,B1_FV15,FallaLinea2_PuntaEvans_ElBight,B5,9,base,aux/bloque_029.aux,planned
R003113,GMD_1p2192m,1.2192,B1_FV15,FallaLinea1_PuntaEvans_SchoolHouse,B5,9,base,aux/bloque_029.aux,planned
R003114,GMD_1p2192m,1.2192,B1_FV15,FallaLinea1_ElBight_SchoolHouse,B5,9,base,aux/bloque_029.aux,planned
R003115,GMD_1p2192m,1.2192,B1_FV15,FallaElevador1_PuntaEvans,B5,9,base,aux/bloque_029.aux,planned
R003116,GMD_1p2192m,1.2192,B1_FV15,FallaElevador2_PuntaEvans,B5,9,base,aux/bloque_029.aux,planned
R003117,GMD_1p2192m,1.2192,B1_FV15,FallaElevador3_PuntaEvans,B5,9,base,aux/bloque_029.aux,planned
R003118,GMD_1p2192m,1.2192,B1_FV15,FallaTrafo1_ElBight,B5,9,base,aux/bloque_029.aux,planned
R003119,GMD_1p2192m,1.2192,B1_FV15,FallaTrafo2_ElBight,B5,9,base,aux/bloque_029.aux,planned
R003120,GMD_1p2192m,1.2192,B1_FV15,FallaTrafo1_SchoolHouse,B5,9,base,aux/bloque_029.aux,planned
R003121,GMD_1p2192m,1.2192,B1_FV30,FallaLinea1_PuntaEvans_ElBight,B5,9,base,aux/bloque_029.aux,planned
R003122,GMD_1p2192m,1.2192,B1_FV30,FallaLinea2_PuntaEvans_ElBight,B5,9,base,aux/bloque_029.aux,planned
R003123,GMD_1p2192m,1.2192,B1_FV30,FallaLinea1_PuntaEvans_SchoolHouse,B5,9,base,aux/bloque_029.aux,planned
R003124,GMD_1p2192m,1.2192,B1_FV30,FallaLinea1_ElBight_SchoolHouse,B5,9,base,aux/bloque_029.aux,planned
R003125,GMD_1p2192m,1.2192,B1_FV30,FallaElevador1_PuntaEvans,B5,9,base,aux/bloque_029.aux,planned
R003126,GMD_1p2192m,1.2192,B1_FV30,FallaElevador2_PuntaEvans,B5,9,base,aux/bloque_029.aux,planned
R003127,GMD_1p2192m,1.2192,B1_FV30,FallaElevador3_PuntaEvans,B5,9,base,aux/bloque_029.aux,planned
R003128,GMD_1p2192m,1.2192,B1_FV30,FallaTrafo1_ElBight,B5,9,base,aux/bloque_029.aux,planned
R003129,GMD_1p2192m,1.2192,B1_FV30,FallaTrafo2_ElBight,B5,9,base,aux/bloque_029.aux,planned
R003130,GMD_1p2192m,1.2192,B1_FV30,FallaTrafo1_SchoolHouse,B5,9,base,aux/bloque_029.aux,planned
R003131,GMD_1p2192m,1.2192,B1_FV50,FallaLinea1_PuntaEvans_ElBight,B5,9,base,aux/bloque_029.aux,planned
R003132,GMD_1p2192m,1.2192,B1_FV50,FallaLinea2_PuntaEvans_ElBight,B5,9,base,aux/bloque_029.aux,planned
R003133,GMD_1p2192m,1.2192,B1_FV50,FallaLinea1_PuntaEvans_SchoolHouse,B5,9,base,aux/bloque_029.aux,planned
R003134,GMD_1p2192m,1.2192,B1_FV50,FallaLinea1_ElBight_SchoolHouse,B5,9,base,aux/bloque_029.aux,planned
R003135,GMD_1p2192m,1.2192,B1_FV50,FallaElevador1_PuntaEvans,B5,9,base,aux/bloque_029.aux,planned
R003136,GMD_1p2192m,1.2192,B1_FV50,FallaElevador2_PuntaEvans,B5,9,base,aux/bloque_029.aux,planned
R003137,GMD_1p2192m,1.2192,B1_FV50,FallaElevador3_PuntaEvans,B5,9,base,aux/bloque_029.aux,planned
R003138,GMD_1p2192m,1.2192,B1_FV50,FallaTrafo1_ElBight,B5,9,base,aux/bloque_029.aux,planned
R003139,GMD_1p2192m,1.2192,B1_FV50,FallaTrafo2_ElBight,B5,9,base,aux/bloque_029.aux,planned
R003140,GMD_1p2192m,1.2192,B1_FV50,FallaTrafo1_SchoolHouse,B5,9,base,aux/bloque_029.aux,planned
R003141,GMD_1p2192m,1.2192,B5_FV15,FallaLinea1_PuntaEvans_ElBight,B5,9,base,aux/bloque_029.aux,planned
R003142,GMD_1p2192m,1.2192,B5_FV15,FallaLinea2_PuntaEvans_ElBight,B5,9,base,aux/bloque_029.aux,planned
R003143,GMD_1p2192m,1.2192,B5_FV15,FallaLinea1_PuntaEvans_SchoolHouse,B5,9,base,aux/bloque_029.aux,planned
R003144,GMD_1p2192m,1.2192,B5_FV15,FallaLinea1_ElBight_SchoolHouse,B5,9,base,aux/bloque_029.aux,planned
R003145,GMD_1p2192m,1.2192,B5_FV15,FallaElevador1_PuntaEvans,B5,9,base,aux/bloque_029.aux,planned
R003146,GMD_1p2192m,1.2192,B5_FV15,FallaElevador2_PuntaEvans,B5,9,base,aux/bloque_029.aux,planned
R003147,GMD_1p2192m,1.2192,B5_FV15,FallaElevador3_PuntaEvans,B5,9,base,aux/bloque_029.aux,planned
R003148,GMD_1p2192m,1.2192,B5_FV15,FallaTrafo1_ElBight,B5,9,base,aux/bloque_029.aux,planned
R003149,GMD_1p2192m,1.2192,B5_FV15,FallaTrafo2_ElBight,B5,9,base,aux/bloque_029.aux,planned
R003150,GMD_1p2192m,1.2192,B5_FV15,FallaTrafo1_SchoolHouse,B5,9,base,aux/bloque_029.aux,planned
R003151,GMD_1p2192m,1.2192,B5_FV30,FallaLinea1_PuntaEvans_ElBight,B5,9,base,aux/bloque_029.aux,planned
R003152,GMD_1p2192m,1.2192,B5_FV30,FallaLinea2_PuntaEvans_ElBight,B5,9,base,aux/bloque_029.aux,planned
R003153,GMD_1p2192m,1.2192,B5_FV30,FallaLinea1_PuntaEvans_SchoolHouse,B5,9,base,aux/bloque_029.aux,planned
R003154,GMD_1p2192m,1.2192,B5_FV30,FallaLinea1_ElBight_SchoolHouse,B5,9,base,aux/bloque_029.aux,planned
R003155,GMD_1p2192m,1.2192,B5_FV30,FallaElevador1_PuntaEvans,B5,9,base,aux/bloque_029.aux,planned
R003156,GMD_1p2192m,1.2192,B5_FV30,FallaElevador2_PuntaEvans,B5,9,base,aux/bloque_029.aux,planned
R003157,GMD_1p2192m,1.2192,B5_FV30,FallaElevador3_PuntaEvans,B5,9,base,aux/bloque_029.aux,planned
R003158,GMD_1p2192m,1.2192,B5_FV30,FallaTrafo1_ElBight,B5,9,base,aux/bloque_029.aux,planned
R003159,GMD_1p2192m,1.2192,B5_FV30,FallaTrafo2_ElBight,B5,9,base,aux/bloque_029.aux,planned
R003160,GMD_1p2192m,1.2192,B5_FV30,FallaTrafo1_SchoolHouse,B5,9,base,aux/bloque_029.aux,planned
R003161,GMD_1p2192m,1.2192,B5_FV50,FallaLinea1_PuntaEvans_ElBight,B5,9,base,aux/bloque_029.aux,planned
R003162,GMD_1p2192m,1.2192,B5_FV50,FallaLinea2_PuntaEvans_ElBight,B5,9,base,aux/bloque_029.aux,planned
R003163,GMD_1p2192m,1.2192,B5_FV50,FallaLinea1_PuntaEvans_SchoolHouse,B5,9,base,aux/bloque_029.aux,planned
R003164,GMD_1p2192m,1.2192,B5_FV50,FallaLinea1_ElBight_SchoolHouse,B5,9,base,aux/bloque_029.aux,planned
R003165,GMD_1p2192m,1.2192,B5_FV50,FallaElevador1_PuntaEvans,B5,9,base,aux/bloque_029.aux,planned
R003166,GMD_1p2192m,1.2192,B5_FV50,FallaElevador2_PuntaEvans,B5,9,base,aux/bloque_029.aux,planned
R003167,GMD_1p2192m,1.2192,B5_FV50,FallaElevador3_PuntaEvans,B5,9,base,aux/bloque_029.aux,planned
R003168,GMD_1p2192m,1.2192,B5_FV50,FallaTrafo1_ElBight,B5,9,base,aux/bloque_029.aux,planned
R003169,GMD_1p2192m,1.2192,B5_FV50,FallaTrafo2_ElBight,B5,9,base,aux/bloque_029.aux,planned
R003170,GMD_1p2192m,1.2192,B5_FV50,FallaTrafo1_SchoolHouse,B5,9,base,aux/bloque_029.aux,planned
R003171,GMD_1p2192m,1.2192,B6_FV15,FallaLinea1_PuntaEvans_ElBight,B5,9,base,aux/bloque_029.aux,planned
R003172,GMD_1p2192m,1.2192,B6_FV15,FallaLinea2_PuntaEvans_ElBight,B5,9,base,aux/bloque_029.aux,planned
R003173,GMD_1p2192m,1.2192,B6_FV15,FallaLinea1_PuntaEvans_SchoolHouse,B5,9,base,aux/bloque_029.aux,planned
R003174,GMD_1p2192m,1.2192,B6_FV15,FallaLinea1_ElBight_SchoolHouse,B5,9,base,aux/bloque_029.aux,planned
R003175,GMD_1p2192m,1.2192,B6_FV15,FallaElevador1_PuntaEvans,B5,9,base,aux/bloque_029.aux,planned
R003176,GMD_1p2192m,1.2192,B6_FV15,FallaElevador2_PuntaEvans,B5,9,base,aux/bloque_029.aux,planned
R003177,GMD_1p2192m,1.2192,B6_FV15,FallaElevador3_PuntaEvans,B5,9,base,aux/bloque_029.aux,planned
R003178,GMD_1p2192m,1.2192,B6_FV15,FallaTrafo1_ElBight,B5,9,base,aux/bloque_029.aux,planned
R003179,GMD_1p2192m,1.2192,B6_FV15,FallaTrafo2_ElBight,B5,9,base,aux/bloque_029.aux,planned
R003180,GMD_1p2192m,1.2192,B6_FV15,FallaTrafo1_SchoolHouse,B5,9,base,aux/bloque_029.aux,planned
R003181,GMD_1p2192m,1.2192,B6_FV30,FallaLinea1_PuntaEvans_ElBight,B5,9,base,aux/bloque_029.aux,planned
R003182,GMD_1p2192m,1.2192,B6_FV30,FallaLinea2_PuntaEvans_ElBight,B5,9,base,aux/bloque_029.aux,planned
R003183,GMD_1p2192m,1.2192,B6_FV30,FallaLinea1_PuntaEvans_SchoolHouse,B5,9,base,aux/bloque_029.aux,planned
R003184,GMD_1p2192m,1.2192,B6_FV30,FallaLinea1_ElBight_SchoolHouse,B5,9,base,aux/bloque_029.aux,planned
R003185,GMD_1p2192m,1.2192,B6_FV30,FallaElevador1_PuntaEvans,B5,9,base,aux/bloque_029.aux,planned
R003186,GMD_1p2192m,1.2192,B6_FV30,FallaElevador2_PuntaEvans,B5,9,base,aux/bloque_029.aux,planned
R003187,GMD_1p2192m,1.2192,B6_FV30,FallaElevador3_PuntaEvans,B5,9,base,aux/bloque_029.aux,planned
R003188,GMD_1p2192m,1.2192,B6_FV30,FallaTrafo1_ElBight,B5,9,base,aux/bloque_029.aux,planned
R003189,GMD_1p2192m,1.2192,B6_FV30,FallaTrafo2_ElBight,B5,9,base,aux/bloque_029.aux,planned
R003190,GMD_1p2192m,1.2192,B6_FV30,FallaTrafo1_SchoolHouse,B5,9,base,aux/bloque_029.aux,planned
R003191,GMD_1p2192m,1.2192,B6_FV50,FallaLinea1_PuntaEvans_ElBight,B5,9,base,aux/bloque_030.aux,planned
R003192,GMD_1p2192m,1.2192,B6_FV50,FallaLinea2_PuntaEvans_ElBight,B5,9,base,aux/bloque_030.aux,planned
R003193,GMD_1p2192m,1.2192,B6_FV50,FallaLinea1_PuntaEvans_SchoolHouse,B5,9,base,aux/bloque_030.aux,planned
R003194,GMD_1p2192m,1.2192,B6_FV50,FallaLinea1_ElBight_SchoolHouse,B5,9,base,aux/bloque_030.aux,planned
R003195,GMD_1p2192m,1.2192,B6_FV50,FallaElevador1_PuntaEvans,B5,9,base,aux/bloque_030.aux,planned
R003196,GMD_1p2192m,1.2192,B6_FV50,FallaElevador2_PuntaEvans,B5,9,base,aux/bloque_030.aux,planned
R003197,GMD_1p2192m,1.2192,B6_FV50,FallaElevador3_PuntaEvans,B5,9,base,aux/bloque_030.aux,planned
R003198,GMD_1p2192m,1.2192,B6_FV50,FallaTrafo1_ElBight,B5,9,base,aux/bloque_030.aux,planned
R003199,GMD_1p2192m,1.2192,B6_FV50,FallaTrafo2_ElBight,B5,9,base,aux/bloque_030.aux,planned
R003200,GMD_1p2192m,1.2192,B6_FV50,FallaTrafo1_SchoolHouse,B5,9,base,aux/bloque_030.aux,planned
R003201,GMD_1p2192m,1.2192,BASE,FallaLinea1_PuntaEvans_ElBight,B5,10,base,aux/bloque_030.aux,planned
R003202,GMD_1p2192m,1.2192,BASE,FallaLinea2_PuntaEvans_ElBight,B5,10,base,aux/bloque_030.aux,planned
R003203,GMD_1p2192m,1.2192,BASE,FallaLinea1_PuntaEvans_SchoolHouse,B5,10,base,aux/bloque_030.aux,planned
R003204,GMD_1p2192m,1.2192,BASE,FallaLinea1_ElBight_SchoolHouse,B5,10,base,aux/bloque_030.aux,planned
R003205,GMD_1p2192m,1.2192,BASE,FallaElevador1_PuntaEvans,B5,10,base,aux/bloque_030.aux,planned
R003206,GMD_1p2192m,1.2192,BASE,FallaElevador2_PuntaEvans,B5,10,base,aux/bloque_030.aux,planned
R003207,GMD_1p2192m,1.2192,BASE,FallaElevador3_PuntaEvans,B5,10,base,aux/bloque_030.aux,planned
R003208,GMD_1p2192m,1.2192,BASE,FallaTrafo1_ElBight,B5,10,base,aux/bloque_030.aux,planned
R003209,GMD_1p2192m,1.2192,BASE,FallaTrafo2_ElBight,B5,10,base,aux/bloque_030.aux,planned
R003210,GMD_1p2192m,1.2192,BASE,FallaTrafo1_SchoolHouse,B5,10,base,aux/bloque_030.aux,planned
R003211,GMD_1p2192m,1.2192,B1_FV15,FallaLinea1_PuntaEvans_ElBight,B5,10,base,aux/bloque_030.aux,planned
R003212,GMD_1p2192m,1.2192,B1_FV15,FallaLinea2_PuntaEvans_ElBight,B5,10,base,aux/bloque_030.aux,planned
R003213,GMD_1p2192m,1.2192,B1_FV15,FallaLinea1_PuntaEvans_SchoolHouse,B5,10,base,aux/bloque_030.aux,planned
R003214,GMD_1p2192m,1.2192,B1_FV15,FallaLinea1_ElBight_SchoolHouse,B5,10,base,aux/bloque_030.aux,planned
R003215,GMD_1p2192m,1.2192,B1_FV15,FallaElevador1_PuntaEvans,B5,10,base,aux/bloque_030.aux,planned
R003216,GMD_1p2192m,1.2192,B1_FV15,FallaElevador2_PuntaEvans,B5,10,base,aux/bloque_030.aux,planned
R003217,GMD_1p2192m,1.2192,B1_FV15,FallaElevador3_PuntaEvans,B5,10,base,aux/bloque_030.aux,planned
R003218,GMD_1p2192m,1.2192,B1_FV15,FallaTrafo1_ElBight,B5,10,base,aux/bloque_030.aux,planned
R003219,GMD_1p2192m,1.2192,B1_FV15,FallaTrafo2_ElBight,B5,10,base,aux/bloque_030.aux,planned
R003220,GMD_1p2192m,1.2192,B1_FV15,FallaTrafo1_SchoolHouse,B5,10,base,aux/bloque_030.aux,planned
R003221,GMD_1p2192m,1.2192,B1_FV30,FallaLinea1_PuntaEvans_ElBight,B5,10,base,aux/bloque_030.aux,planned
R003222,GMD_1p2192m,1.2192,B1_FV30,FallaLinea2_PuntaEvans_ElBight,B5,10,base,aux/bloque_030.aux,planned
R003223,GMD_1p2192m,1.2192,B1_FV30,FallaLinea1_PuntaEvans_SchoolHouse,B5,10,base,aux/bloque_030.aux,planned
R003224,GMD_1p2192m,1.2192,B1_FV30,FallaLinea1_ElBight_SchoolHouse,B5,10,base,aux/bloque_030.aux,planned
R003225,GMD_1p2192m,1.2192,B1_FV30,FallaElevador1_PuntaEvans,B5,10,base,aux/bloque_030.aux,planned
R003226,GMD_1p2192m,1.2192,B1_FV30,FallaElevador2_PuntaEvans,B5,10,base,aux/bloque_030.aux,planned
R003227,GMD_1p2192m,1.2192,B1_FV30,FallaElevador3_PuntaEvans,B5,10,base,aux/bloque_030.aux,planned
R003228,GMD_1p2192m,1.2192,B1_FV30,FallaTrafo1_ElBight,B5,10,base,aux/bloque_030.aux,planned
R003229,GMD_1p2192m,1.2192,B1_FV30,FallaTrafo2_ElBight,B5,10,base,aux/bloque_030.aux,planned
R003230,GMD_1p2192m,1.2192,B1_FV30,FallaTrafo1_SchoolHouse,B5,10,base,aux/bloque_030.aux,planned
R003231,GMD_1p2192m,1.2192,B1_FV50,FallaLinea1_PuntaEvans_ElBight,B5,10,base,aux/bloque_030.aux,planned
R003232,GMD_1p2192m,1.2192,B1_FV50,FallaLinea2_PuntaEvans_ElBight,B5,10,base,aux/bloque_030.aux,planned
R003233,GMD_1p2192m,1.2192,B1_FV50,FallaLinea1_PuntaEvans_SchoolHouse,B5,10,base,aux/bloque_030.aux,planned
R003234,GMD_1p2192m,1.2192,B1_FV50,FallaLinea1_ElBight_SchoolHouse,B5,10,base,aux/bloque_030.aux,planned
R003235,GMD_1p2192m,1.2192,B1_FV50,FallaElevador1_PuntaEvans,B5,10,base,aux/bloque_030.aux,planned
R003236,GMD_1p2192m,1.2192,B1_FV50,FallaElevador2_PuntaEvans,B5,10,base,aux/bloque_030.aux,planned
R003237,GMD_1p2192m,1.2192,B1_FV50,FallaElevador3_PuntaEvans,B5,10,base,aux/bloque_030.aux,planned
R003238,GMD_1p2192m,1.2192,B1_FV50,FallaTrafo1_ElBight,B5,10,base,aux/bloque_030.aux,planned
R003239,GMD_1p2192m,1.2192,B1_FV50,FallaTrafo2_ElBight,B5,10,base,aux/bloque_030.aux,planned
R003240,GMD_1p2192m,1.2192,B1_FV50,FallaTrafo1_SchoolHouse,B5,10,base,aux/bloque_030.aux,planned
R003241,GMD_1p2192m,1.2192,B5_FV15,FallaLinea1_PuntaEvans_ElBight,B5,10,base,aux/bloque_030.aux,planned
R003242,GMD_1p2192m,1.2192,B5_FV15,FallaLinea2_PuntaEvans_ElBight,B5,10,base,aux/bloque_030.aux,planned
R003243,GMD_1p2192m,1.2192,B5_FV15,FallaLinea1_PuntaEvans_SchoolHouse,B5,10,base,aux/bloque_030.aux,planned
R003244,GMD_1p2192m,1.2192,B5_FV15,FallaLinea1_ElBight_SchoolHouse,B5,10,base,aux/bloque_030.aux,planned
R003245,GMD_1p2192m,1.2192,B5_FV15,FallaElevador1_PuntaEvans,B5,10,base,aux/bloque_030.aux,planned
R003246,GMD_1p2192m,1.2192,B5_FV15,FallaElevador2_PuntaEvans,B5,10,base,aux/bloque_030.aux,planned
R003247,GMD_1p2192m,1.2192,B5_FV15,FallaElevador3_PuntaEvans,B5,10,base,aux/bloque_030.aux,planned
R003248,GMD_1p2192m,1.2192,B5_FV15,FallaTrafo1_ElBight,B5,10,base,aux/bloque_030.aux,planned
R003249,GMD_1p2192m,1.2192,B5_FV15,FallaTrafo2_ElBight,B5,10,base,aux/bloque_030.aux,planned
R003250,GMD_1p2192m,1.2192,B5_FV15,FallaTrafo1_SchoolHouse,B5,10,base,aux/bloque_030.aux,planned
R003251,GMD_1p2192m,1.2192,B5_FV30,FallaLinea1_PuntaEvans_ElBight,B5,10,base,aux/bloque_030.aux,planned
R003252,GMD_1p2192m,1.2192,B5_FV30,FallaLinea2_PuntaEvans_ElBight,B5,10,base,aux/bloque_030.aux,planned
R003253,GMD_1p2192m,1.2192,B5_FV30,FallaLinea1_PuntaEvans_SchoolHouse,B5,10,base,aux/bloque_030.aux,planned
R003254,GMD_1p2192m,1.2192,B5_FV30,FallaLinea1_ElBight_SchoolHouse,B5,10,base,aux/bloque_030.aux,planned
R003255,GMD_1p2192m,1.2192,B5_FV30,FallaElevador1_PuntaEvans,B5,10,base,aux/bloque_030.aux,planned
R003256,GMD_1p2192m,1.2192,B5_FV30,FallaElevador2_PuntaEvans,B5,10,base,aux/bloque_030.aux,planned
R003257,GMD_1p2192m,1.2192,B5_FV30,FallaElevador3_PuntaEvans,B5,10,base,aux/bloque_030.aux,planned
R003258,GMD_1p2192m,1.2192,B5_FV30,FallaTrafo1_ElBight,B5,10,base,aux/bloque_030.aux,planned
R003259,GMD_1p2192m,1.2192,B5_FV30,FallaTrafo2_ElBight,B5,10,base,aux/bloque_030.aux,planned
R003260,GMD_1p2192m,1.2192,B5_FV30,FallaTrafo1_SchoolHouse,B5,10,base,aux/bloque_030.aux,planned
R003261,GMD_1p2192m,1.2192,B5_FV50,FallaLinea1_PuntaEvans_ElBight,B5,10,base,aux/bloque_030.aux,planned
R003262,GMD_1p2192m,1.2192,B5_FV50,FallaLinea2_PuntaEvans_ElBight,B5,10,base,aux/bloque_030.aux,planned
R003263,GMD_1p2192m,1.2192,B5_FV50,FallaLinea1_PuntaEvans_SchoolHouse,B5,10,base,aux/bloque_030.aux,planned
R003264,GMD_1p2192m,1.2192,B5_FV50,FallaLinea1_ElBight_SchoolHouse,B5,10,base,aux/bloque_030.aux,planned
R003265,GMD_1p2192m,1.2192,B5_FV50,FallaElevador1_PuntaEvans,B5,10,base,aux/bloque_030.aux,planned
R003266,GMD_1p2192m,1.2192,B5_FV50,FallaElevador2_PuntaEvans,B5,10,base,aux/bloque_030.aux,planned
R003267,GMD_1p2192m,1.2192,B5_FV50,FallaElevador3_PuntaEvans,B5,10,base,aux/bloque_030.aux,planned
R003268,GMD_1p2192m,1.2192,B5_FV50,FallaTrafo1_ElBight,B5,10,base,aux/bloque_030.aux,planned
R003269,GMD_1p2192m,1.2192,B5_FV50,FallaTrafo2_ElBight,B5,10,base,aux/bloque_030.aux,planned
R003270,GMD_1p2192m,1.2192,B5_FV50,FallaTrafo1_SchoolHouse,B5,10,base,aux/bloque_030.aux,planned
R003271,GMD_1p2192m,1.2192,B6_FV15,FallaLinea1_PuntaEvans_ElBight,B5,10,base,aux/bloque_030.aux,planned
R003272,GMD_1p2192m,1.2192,B6_FV15,FallaLinea2_PuntaEvans_ElBight,B5,10,base,aux/bloque_030.aux,planned
R003273,GMD_1p2192m,1.2192,B6_FV15,FallaLinea1_PuntaEvans_SchoolHouse,B5,10,base,aux/bloque_030.aux,planned
R003274,GMD_1p2192m,1.2192,B6_FV15,FallaLinea1_ElBight_SchoolHouse,B5,10,base,aux/bloque_030.aux,planned
R003275,GMD_1p2192m,1.2192,B6_FV15,FallaElevador1_PuntaEvans,B5,10,base,aux/bloque_030.aux,planned
R003276,GMD_1p2192m,1.2192,B6_FV15,FallaElevador2_PuntaEvans,B5,10,base,aux/bloque_030.aux,planned
R003277,GMD_1p2192m,1.2192,B6_FV15,FallaElevador3_PuntaEvans,B5,10,base,aux/bloque_030.aux,planned
R003278,GMD_1p2192m,1.2192,B6_FV15,FallaTrafo1_ElBight,B5,10,base,aux/bloque_030.aux,planned
R003279,GMD_1p2192m,1.2192,B6_FV15,FallaTrafo2_ElBight,B5,10,base,aux/bloque_030.aux,planned
R003280,GMD_1p2192m,1.2192,B6_FV15,FallaTrafo1_SchoolHouse,B5,10,base,aux/bloque_030.aux,planned
R003281,GMD_1p2192m,1.2192,B6_FV30,FallaLinea1_PuntaEvans_ElBight,B5,10,base,aux/bloque_030.aux,planned
R003282,GMD_1p2192m,1.2192,B6_FV30,FallaLinea2_PuntaEvans_ElBight,B5,10,base,aux/bloque_030.aux,planned
R003283,GMD_1p2192m,1.2192,B6_FV30,FallaLinea1_PuntaEvans_SchoolHouse,B5,10,base,aux/bloque_030.aux,planned
R003284,GMD_1p2192m,1.2192,B6_FV30,FallaLinea1_ElBight_SchoolHouse,B5,10,base,aux/bloque_030.aux,planned
R003285,GMD_1p2192m,1.2192,B6_FV30,FallaElevador1_PuntaEvans,B5,10,base,aux/bloque_030.aux,planned
R003286,GMD_1p2192m,1.2192,B6_FV30,FallaElevador2_PuntaEvans,B5,10,base,aux/bloque_030.aux,planned
R003287,GMD_1p2192m,1.2192,B6_FV30,FallaElevador3_PuntaEvans,B5,10,base,aux/bloque_030.aux,planned
R003288,GMD_1p2192m,1.2192,B6_FV30,FallaTrafo1_ElBight,B5,10,base,aux/bloque_030.aux,planned
R003289,GMD_1p2192m,1.2192,B6_FV30,FallaTrafo2_ElBight,B5,10,base,aux/bloque_030.aux,planned
R003290,GMD_1p2192m,1.2192,B6_FV30,FallaTrafo1_SchoolHouse,B5,10,base,aux/bloque_030.aux,planned
R003291,GMD_1p2192m,1.2192,B6_FV50,FallaLinea1_PuntaEvans_ElBight,B5,10,base,aux/bloque_030.aux,planned
R003292,GMD_1p2192m,1.2192,B6_FV50,FallaLinea2_PuntaEvans_ElBight,B5,10,base,aux/bloque_030.aux,planned
R003293,GMD_1p2192m,1.2192,B6_FV50,FallaLinea1_PuntaEvans_SchoolHouse,B5,10,base,aux/bloque_030.aux,planned
R003294,GMD_1p2192m,1.2192,B6_FV50,FallaLinea1_ElBight_SchoolHouse,B5,10,base,aux/bloque_030.aux,planned
R003295,GMD_1p2192m,1.2192,B6_FV50,FallaElevador1_PuntaEvans,B5,10,base,aux/bloque_030.aux,planned
R003296,GMD_1p2192m,1.2192,B6_FV50,FallaElevador2_PuntaEvans,B5,10,base,aux/bloque_030.aux,planned
R003297,GMD_1p2192m,1.2192,B6_FV50,FallaElevador3_PuntaEvans,B5,10,base,aux/bloque_030.aux,planned
R003298,GMD_1p2192m,1.2192,B6_FV50,FallaTrafo1_ElBight,B5,10,base,aux/bloque_030.aux,planned
R003299,GMD_1p2192m,1.2192,B6_FV50,FallaTrafo2_ElBight,B5,10,base,aux/bloque_030.aux,planned
R003300,GMD_1p2192m,1.2192,B6_FV50,FallaTrafo1_SchoolHouse,B5,10,base,aux/bloque_030.aux,planned
R003301,GMD_1p2192m,1.2192,BASE,FallaLinea1_PuntaEvans_ElBight,B6,0,base,aux/bloque_031.aux,planned
R003302,GMD_1p2192m,1.2192,BASE,FallaLinea2_PuntaEvans_ElBight,B6,0,base,aux/bloque_031.aux,planned
R003303,GMD_1p2192m,1.2192,BASE,FallaLinea1_PuntaEvans_SchoolHouse,B6,0,base,aux/bloque_031.aux,planned
R003304,GMD_1p2192m,1.2192,BASE,FallaLinea1_ElBight_SchoolHouse,B6,0,base,aux/bloque_031.aux,planned
R003305,GMD_1p2192m,1.2192,BASE,FallaElevador1_PuntaEvans,B6,0,base,aux/bloque_031.aux,planned
R003306,GMD_1p2192m,1.2192,BASE,FallaElevador2_PuntaEvans,B6,0,base,aux/bloque_031.aux,planned
R003307,GMD_1p2192m,1.2192,BASE,FallaElevador3_PuntaEvans,B6,0,base,aux/bloque_031.aux,planned
R003308,GMD_1p2192m,1.2192,BASE,FallaTrafo1_ElBight,B6,0,base,aux/bloque_031.aux,planned
R003309,GMD_1p2192m,1.2192,BASE,FallaTrafo2_ElBight,B6,0,base,aux/bloque_031.aux,planned
R003310,GMD_1p2192m,1.2192,BASE,FallaTrafo1_SchoolHouse,B6,0,base,aux/bloque_031.aux,planned
R003311,GMD_1p2192m,1.2192,B1_FV15,FallaLinea1_PuntaEvans_ElBight,B6,0,base,aux/bloque_031.aux,planned
R003312,GMD_1p2192m,1.2192,B1_FV15,FallaLinea2_PuntaEvans_ElBight,B6,0,base,aux/bloque_031.aux,planned
R003313,GMD_1p2192m,1.2192,B1_FV15,FallaLinea1_PuntaEvans_SchoolHouse,B6,0,base,aux/bloque_031.aux,planned
R003314,GMD_1p2192m,1.2192,B1_FV15,FallaLinea1_ElBight_SchoolHouse,B6,0,base,aux/bloque_031.aux,planned
R003315,GMD_1p2192m,1.2192,B1_FV15,FallaElevador1_PuntaEvans,B6,0,base,aux/bloque_031.aux,planned
R003316,GMD_1p2192m,1.2192,B1_FV15,FallaElevador2_PuntaEvans,B6,0,base,aux/bloque_031.aux,planned
R003317,GMD_1p2192m,1.2192,B1_FV15,FallaElevador3_PuntaEvans,B6,0,base,aux/bloque_031.aux,planned
R003318,GMD_1p2192m,1.2192,B1_FV15,FallaTrafo1_ElBight,B6,0,base,aux/bloque_031.aux,planned
R003319,GMD_1p2192m,1.2192,B1_FV15,FallaTrafo2_ElBight,B6,0,base,aux/bloque_031.aux,planned
R003320,GMD_1p2192m,1.2192,B1_FV15,FallaTrafo1_SchoolHouse,B6,0,base,aux/bloque_031.aux,planned
R003321,GMD_1p2192m,1.2192,B1_FV30,FallaLinea1_PuntaEvans_ElBight,B6,0,base,aux/bloque_031.aux,planned
R003322,GMD_1p2192m,1.2192,B1_FV30,FallaLinea2_PuntaEvans_ElBight,B6,0,base,aux/bloque_031.aux,planned
R003323,GMD_1p2192m,1.2192,B1_FV30,FallaLinea1_PuntaEvans_SchoolHouse,B6,0,base,aux/bloque_031.aux,planned
R003324,GMD_1p2192m,1.2192,B1_FV30,FallaLinea1_ElBight_SchoolHouse,B6,0,base,aux/bloque_031.aux,planned
R003325,GMD_1p2192m,1.2192,B1_FV30,FallaElevador1_PuntaEvans,B6,0,base,aux/bloque_031.aux,planned
R003326,GMD_1p2192m,1.2192,B1_FV30,FallaElevador2_PuntaEvans,B6,0,base,aux/bloque_031.aux,planned
R003327,GMD_1p2192m,1.2192,B1_FV30,FallaElevador3_PuntaEvans,B6,0,base,aux/bloque_031.aux,planned
R003328,GMD_1p2192m,1.2192,B1_FV30,FallaTrafo1_ElBight,B6,0,base,aux/bloque_031.aux,planned
R003329,GMD_1p2192m,1.2192,B1_FV30,FallaTrafo2_ElBight,B6,0,base,aux/bloque_031.aux,planned
R003330,GMD_1p2192m,1.2192,B1_FV30,FallaTrafo1_SchoolHouse,B6,0,base,aux/bloque_031.aux,planned
R003331,GMD_1p2192m,1.2192,B1_FV50,FallaLinea1_PuntaEvans_ElBight,B6,0,base,aux/bloque_031.aux,planned
R003332,GMD_1p2192m,1.2192,B1_FV50,FallaLinea2_PuntaEvans_ElBight,B6,0,base,aux/bloque_031.aux,planned
R003333,GMD_1p2192m,1.2192,B1_FV50,FallaLinea1_PuntaEvans_SchoolHouse,B6,0,base,aux/bloque_031.aux,planned
R003334,GMD_1p2192m,1.2192,B1_FV50,FallaLinea1_ElBight_SchoolHouse,B6,0,base,aux/bloque_031.aux,planned
R003335,GMD_1p2192m,1.2192,B1_FV50,FallaElevador1_PuntaEvans,B6,0,base,aux/bloque_031.aux,planned
R003336,GMD_1p2192m,1.2192,B1_FV50,FallaElevador2_PuntaEvans,B6,0,base,aux/bloque_031.aux,planned
R003337,GMD_1p2192m,1.2192,B1_FV50,FallaElevador3_PuntaEvans,B6,0,base,aux/bloque_031.aux,planned
R003338,GMD_1p2192m,1.2192,B1_FV50,FallaTrafo1_ElBight,B6,0,base,aux/bloque_031.aux,planned
R003339,GMD_1p2192m,1.2192,B1_FV50,FallaTrafo2_ElBight,B6,0,base,aux/bloque_031.aux,planned
R003340,GMD_1p2192m,1.2192,B1_FV50,FallaTrafo1_SchoolHouse,B6,0,base,aux/bloque_031.aux,planned
R003341,GMD_1p2192m,1.2192,B5_FV15,FallaLinea1_PuntaEvans_ElBight,B6,0,base,aux/bloque_031.aux,planned
R003342,GMD_1p2192m,1.2192,B5_FV15,FallaLinea2_PuntaEvans_ElBight,B6,0,base,aux/bloque_031.aux,planned
R003343,GMD_1p2192m,1.2192,B5_FV15,FallaLinea1_PuntaEvans_SchoolHouse,B6,0,base,aux/bloque_031.aux,planned
R003344,GMD_1p2192m,1.2192,B5_FV15,FallaLinea1_ElBight_SchoolHouse,B6,0,base,aux/bloque_031.aux,planned
R003345,GMD_1p2192m,1.2192,B5_FV15,FallaElevador1_PuntaEvans,B6,0,base,aux/bloque_031.aux,planned
R003346,GMD_1p2192m,1.2192,B5_FV15,FallaElevador2_PuntaEvans,B6,0,base,aux/bloque_031.aux,planned
R003347,GMD_1p2192m,1.2192,B5_FV15,FallaElevador3_PuntaEvans,B6,0,base,aux/bloque_031.aux,planned
R003348,GMD_1p2192m,1.2192,B5_FV15,FallaTrafo1_ElBight,B6,0,base,aux/bloque_031.aux,planned
R003349,GMD_1p2192m,1.2192,B5_FV15,FallaTrafo2_ElBight,B6,0,base,aux/bloque_031.aux,planned
R003350,GMD_1p2192m,1.2192,B5_FV15,FallaTrafo1_SchoolHouse,B6,0,base,aux/bloque_031.aux,planned
R003351,GMD_1p2192m,1.2192,B5_FV30,FallaLinea1_PuntaEvans_ElBight,B6,0,base,aux/bloque_031.aux,planned
R003352,GMD_1p2192m,1.2192,B5_FV30,FallaLinea2_PuntaEvans_ElBight,B6,0,base,aux/bloque_031.aux,planned
R003353,GMD_1p2192m,1.2192,B5_FV30,FallaLinea1_PuntaEvans_SchoolHouse,B6,0,base,aux/bloque_031.aux,planned
R003354,GMD_1p2192m,1.2192,B5_FV30,FallaLinea1_ElBight_SchoolHouse,B6,0,base,aux/bloque_031.aux,planned
R003355,GMD_1p2192m,1.2192,B5_FV30,FallaElevador1_PuntaEvans,B6,0,base,aux/bloque_031.aux,planned
R003356,GMD_1p2192m,1.2192,B5_FV30,FallaElevador2_PuntaEvans,B6,0,base,aux/bloque_031.aux,planned
R003357,GMD_1p2192m,1.2192,B5_FV30,FallaElevador3_PuntaEvans,B6,0,base,aux/bloque_031.aux,planned
R003358,GMD_1p2192m,1.2192,B5_FV30,FallaTrafo1_ElBight,B6,0,base,aux/bloque_031.aux,planned
R003359,GMD_1p2192m,1.2192,B5_FV30,FallaTrafo2_ElBight,B6,0,base,aux/bloque_031.aux,planned
R003360,GMD_1p2192m,1.2192,B5_FV30,FallaTrafo1_SchoolHouse,B6,0,base,aux/bloque_031.aux,planned
R003361,GMD_1p2192m,1.2192,B5_FV50,FallaLinea1_PuntaEvans_ElBight,B6,0,base,aux/bloque_031.aux,planned
R003362,GMD_1p2192m,1.2192,B5_FV50,FallaLinea2_PuntaEvans_ElBight,B6,0,base,aux/bloque_031.aux,planned
R003363,GMD_1p2192m,1.2192,B5_FV50,FallaLinea1_PuntaEvans_SchoolHouse,B6,0,base,aux/bloque_031.aux,planned
R003364,GMD_1p2192m,1.2192,B5_FV50,FallaLinea1_ElBight_SchoolHouse,B6,0,base,aux/bloque_031.aux,planned
R003365,GMD_1p2192m,1.2192,B5_FV50,FallaElevador1_PuntaEvans,B6,0,base,aux/bloque_031.aux,planned
R003366,GMD_1p2192m,1.2192,B5_FV50,FallaElevador2_PuntaEvans,B6,0,base,aux/bloque_031.aux,planned
R003367,GMD_1p2192m,1.2192,B5_FV50,FallaElevador3_PuntaEvans,B6,0,base,aux/bloque_031.aux,planned
R003368,GMD_1p2192m,1.2192,B5_FV50,FallaTrafo1_ElBight,B6,0,base,aux/bloque_031.aux,planned
R003369,GMD_1p2192m,1.2192,B5_FV50,FallaTrafo2_ElBight,B6,0,base,aux/bloque_031.aux,planned
R003370,GMD_1p2192m,1.2192,B5_FV50,FallaTrafo1_SchoolHouse,B6,0,base,aux/bloque_031.aux,planned
R003371,GMD_1p2192m,1.2192,B6_FV15,FallaLinea1_PuntaEvans_ElBight,B6,0,base,aux/bloque_031.aux,planned
R003372,GMD_1p2192m,1.2192,B6_FV15,FallaLinea2_PuntaEvans_ElBight,B6,0,base,aux/bloque_031.aux,planned
R003373,GMD_1p2192m,1.2192,B6_FV15,FallaLinea1_PuntaEvans_SchoolHouse,B6,0,base,aux/bloque_031.aux,planned
R003374,GMD_1p2192m,1.2192,B6_FV15,FallaLinea1_ElBight_SchoolHouse,B6,0,base,aux/bloque_031.aux,planned
R003375,GMD_1p2192m,1.2192,B6_FV15,FallaElevador1_PuntaEvans,B6,0,base,aux/bloque_031.aux,planned
R003376,GMD_1p2192m,1.2192,B6_FV15,FallaElevador2_PuntaEvans,B6,0,base,aux/bloque_031.aux,planned
R003377,GMD_1p2192m,1.2192,B6_FV15,FallaElevador3_PuntaEvans,B6,0,base,aux/bloque_031.aux,planned
R003378,GMD_1p2192m,1.2192,B6_FV15,FallaTrafo1_ElBight,B6,0,base,aux/bloque_031.aux,planned
R003379,GMD_1p2192m,1.2192,B6_FV15,FallaTrafo2_ElBight,B6,0,base,aux/bloque_031.aux,planned
R003380,GMD_1p2192m,1.2192,B6_FV15,FallaTrafo1_SchoolHouse,B6,0,base,aux/bloque_031.aux,planned
R003381,GMD_1p2192m,1.2192,B6_FV30,FallaLinea1_PuntaEvans_ElBight,B6,0,base,aux/bloque_031.aux,planned
R003382,GMD_1p2192m,1.2192,B6_FV30,FallaLinea2_PuntaEvans_ElBight,B6,0,base,aux/bloque_031.aux,planned
R003383,GMD_1p2192m,1.2192,B6_FV30,FallaLinea1_PuntaEvans_SchoolHouse,B6,0,base,aux/bloque_031.aux,planned
R003384,GMD_1p2192m,1.2192,B6_FV30,FallaLinea1_ElBight_SchoolHouse,B6,0,base,aux/bloque_031.aux,planned
R003385,GMD_1p2192m,1.2192,B6_FV30,FallaElevador1_PuntaEvans,B6,0,base,aux/bloque_031.aux,planned
R003386,GMD_1p2192m,1.2192,B6_FV30,FallaElevador2_PuntaEvans,B6,0,base,aux/bloque_031.aux,planned
R003387,GMD_1p2192m,1.2192,B6_FV30,FallaElevador3_PuntaEvans,B6,0,base,aux/bloque_031.aux,planned
R003388,GMD_1p2192m,1.2192,B6_FV30,FallaTrafo1_ElBight,B6,0,base,aux/bloque_031.aux,planned
R003389,GMD_1p2192m,1.2192,B6_FV30,FallaTrafo2_ElBight,B6,0,base,aux/bloque_031.aux,planned
R003390,GMD_1p2192m,1.2192,B6_FV30,FallaTrafo1_SchoolHouse,B6,0,base,aux/bloque_031.aux,planned
R003391,GMD_1p2192m,1.2192,B6_FV50,FallaLinea1_PuntaEvans_ElBight,B6,0,base,aux/bloque_031.aux,planned
R003392,GMD_1p2192m,1.2192,B6_FV50,FallaLinea2_PuntaEvans_ElBight,B6,0,base,aux/bloque_031.aux,planned
R003393,GMD_1p2192m,1.2192,B6_FV50,FallaLinea1_PuntaEvans_SchoolHouse,B6,0,base,aux/bloque_031.aux,planned
R003394,GMD_1p2192m,1.2192,B6_FV50,FallaLinea1_ElBight_SchoolHouse,B6,0,base,aux/bloque_031.aux,planned
R003395,GMD_1p2192m,1.2192,B6_FV50,FallaElevador1_PuntaEvans,B6,0,base,aux/bloque_031.aux,planned
R003396,GMD_1p2192m,1.2192,B6_FV50,FallaElevador2_PuntaEvans,B6,0,base,aux/bloque_031.aux,planned
R003397,GMD_1p2192m,1.2192,B6_FV50,FallaElevador3_PuntaEvans,B6,0,base,aux/bloque_031.aux,planned
R003398,GMD_1p2192m,1.2192,B6_FV50,FallaTrafo1_ElBight,B6,0,base,aux/bloque_031.aux,planned
R003399,GMD_1p2192m,1.2192,B6_FV50,FallaTrafo2_ElBight,B6,0,base,aux/bloque_031.aux,planned
R003400,GMD_1p2192m,1.2192,B6_FV50,FallaTrafo1_SchoolHouse,B6,0,base,aux/bloque_031.aux,planned
R003401,GMD_1p2192m,1.2192,BASE,FallaLinea1_PuntaEvans_ElBight,B6,1,base,aux/bloque_031.aux,planned
R003402,GMD_1p2192m,1.2192,BASE,FallaLinea2_PuntaEvans_ElBight,B6,1,base,aux/bloque_031.aux,planned
R003403,GMD_1p2192m,1.2192,BASE,FallaLinea1_PuntaEvans_SchoolHouse,B6,1,base,aux/bloque_031.aux,planned
R003404,GMD_1p2192m,1.2192,BASE,FallaLinea1_ElBight_SchoolHouse,B6,1,base,aux/bloque_031.aux,planned
R003405,GMD_1p2192m,1.2192,BASE,FallaElevador1_PuntaEvans,B6,1,base,aux/bloque_031.aux,planned
R003406,GMD_1p2192m,1.2192,BASE,FallaElevador2_PuntaEvans,B6,1,base,aux/bloque_031.aux,planned
R003407,GMD_1p2192m,1.2192,BASE,FallaElevador3_PuntaEvans,B6,1,base,aux/bloque_031.aux,planned
R003408,GMD_1p2192m,1.2192,BASE,FallaTrafo1_ElBight,B6,1,base,aux/bloque_031.aux,planned
R003409,GMD_1p2192m,1.2192,BASE,FallaTrafo2_ElBight,B6,1,base,aux/bloque_031.aux,planned
R003410,GMD_1p2192m,1.2192,BASE,FallaTrafo1_SchoolHouse,B6,1,base,aux/bloque_031.aux,planned
R003411,GMD_1p2192m,1.2192,B1_FV15,FallaLinea1_PuntaEvans_ElBight,B6,1,base,aux/bloque_032.aux,planned
R003412,GMD_1p2192m,1.2192,B1_FV15,FallaLinea2_PuntaEvans_ElBight,B6,1,base,aux/bloque_032.aux,planned
R003413,GMD_1p2192m,1.2192,B1_FV15,FallaLinea1_PuntaEvans_SchoolHouse,B6,1,base,aux/bloque_032.aux,planned
R003414,GMD_1p2192m,1.2192,B1_FV15,FallaLinea1_ElBight_SchoolHouse,B6,1,base,aux/bloque_032.aux,planned
R003415,GMD_1p2192m,1.2192,B1_FV15,FallaElevador1_PuntaEvans,B6,1,base,aux/bloque_032.aux,planned
R003416,GMD_1p2192m,1.2192,B1_FV15,FallaElevador2_PuntaEvans,B6,1,base,aux/bloque_032.aux,planned
R003417,GMD_1p2192m,1.2192,B1_FV15,FallaElevador3_PuntaEvans,B6,1,base,aux/bloque_032.aux,planned
R003418,GMD_1p2192m,1.2192,B1_FV15,FallaTrafo1_ElBight,B6,1,base,aux/bloque_032.aux,planned
R003419,GMD_1p2192m,1.2192,B1_FV15,FallaTrafo2_ElBight,B6,1,base,aux/bloque_032.aux,planned
R003420,GMD_1p2192m,1.2192,B1_FV15,FallaTrafo1_SchoolHouse,B6,1,base,aux/bloque_032.aux,planned
R003421,GMD_1p2192m,1.2192,B1_FV30,FallaLinea1_PuntaEvans_ElBight,B6,1,base,aux/bloque_032.aux,planned
R003422,GMD_1p2192m,1.2192,B1_FV30,FallaLinea2_PuntaEvans_ElBight,B6,1,base,aux/bloque_032.aux,planned
R003423,GMD_1p2192m,1.2192,B1_FV30,FallaLinea1_PuntaEvans_SchoolHouse,B6,1,base,aux/bloque_032.aux,planned
R003424,GMD_1p2192m,1.2192,B1_FV30,FallaLinea1_ElBight_SchoolHouse,B6,1,base,aux/bloque_032.aux,planned
R003425,GMD_1p2192m,1.2192,B1_FV30,FallaElevador1_PuntaEvans,B6,1,base,aux/bloque_032.aux,planned
R003426,GMD_1p2192m,1.2192,B1_FV30,FallaElevador2_PuntaEvans,B6,1,base,aux/bloque_032.aux,planned
R003427,GMD_1p2192m,1.2192,B1_FV30,FallaElevador3_PuntaEvans,B6,1,base,aux/bloque_032.aux,planned
R003428,GMD_1p2192m,1.2192,B1_FV30,FallaTrafo1_ElBight,B6,1,base,aux/bloque_032.aux,planned
R003429,GMD_1p2192m,1.2192,B1_FV30,FallaTrafo2_ElBight,B6,1,base,aux/bloque_032.aux,planned
R003430,GMD_1p2192m,1.2192,B1_FV30,FallaTrafo1_SchoolHouse,B6,1,base,aux/bloque_032.aux,planned
R003431,GMD_1p2192m,1.2192,B1_FV50,FallaLinea1_PuntaEvans_ElBight,B6,1,base,aux/bloque_032.aux,planned
R003432,GMD_1p2192m,1.2192,B1_FV50,FallaLinea2_PuntaEvans_ElBight,B6,1,base,aux/bloque_032.aux,planned
R003433,GMD_1p2192m,1.2192,B1_FV50,FallaLinea1_PuntaEvans_SchoolHouse,B6,1,base,aux/bloque_032.aux,planned
R003434,GMD_1p2192m,1.2192,B1_FV50,FallaLinea1_ElBight_SchoolHouse,B6,1,base,aux/bloque_032.aux,planned
R003435,GMD_1p2192m,1.2192,B1_FV50,FallaElevador1_PuntaEvans,B6,1,base,aux/bloque_032.aux,planned
R003436,GMD_1p2192m,1.2192,B1_FV50,FallaElevador2_PuntaEvans,B6,1,base,aux/bloque_032.aux,planned
R003437,GMD_1p2192m,1.2192,B1_FV50,FallaElevador3_PuntaEvans,B6,1,base,aux/bloque_032.aux,planned
R003438,GMD_1p2192m,1.2192,B1_FV50,FallaTrafo1_ElBight,B6,1,base,aux/bloque_032.aux,planned
R003439,GMD_1p2192m,1.2192,B1_FV50,FallaTrafo2_ElBight,B6,1,base,aux/bloque_032.aux,planned
R003440,GMD_1p2192m,1.2192,B1_FV50,FallaTrafo1_SchoolHouse,B6,1,base,aux/bloque_032.aux,planned
R003441,GMD_1p2192m,1.2192,B5_FV15,FallaLinea1_PuntaEvans_ElBight,B6,1,base,aux/bloque_032.aux,planned
R003442,GMD_1p2192m,1.2192,B5_FV15,FallaLinea2_PuntaEvans_ElBight,B6,1,base,aux/bloque_032.aux,planned
R003443,GMD_1p2192m,1.2192,B5_FV15,FallaLinea1_PuntaEvans_SchoolHouse,B6,1,base,aux/bloque_032.aux,planned
R003444,GMD_1p2192m,1.2192,B5_FV15,FallaLinea1_ElBight_SchoolHouse,B6,1,base,aux/bloque_032.aux,planned
R003445,GMD_1p2192m,1.2192,B5_FV15,FallaElevador1_PuntaEvans,B6,1,base,aux/bloque_032.aux,planned
R003446,GMD_1p2192m,1.2192,B5_FV15,FallaElevador2_PuntaEvans,B6,1,base,aux/bloque_032.aux,planned
R003447,GMD_1p2192m,1.2192,B5_FV15,FallaElevador3_PuntaEvans,B6,1,base,aux/bloque_032.aux,planned
R003448,GMD_1p2192m,1.2192,B5_FV15,FallaTrafo1_ElBight,B6,1,base,aux/bloque_032.aux,planned
R003449,GMD_1p2192m,1.2192,B5_FV15,FallaTrafo2_ElBight,B6,1,base,aux/bloque_032.aux,planned
R003450,GMD_1p2192m,1.2192,B5_FV15,FallaTrafo1_SchoolHouse,B6,1,base,aux/bloque_032.aux,planned
R003451,GMD_1p2192m,1.2192,B5_FV30,FallaLinea1_PuntaEvans_ElBight,B6,1,base,aux/bloque_032.aux,planned
R003452,GMD_1p2192m,1.2192,B5_FV30,FallaLinea2_PuntaEvans_ElBight,B6,1,base,aux/bloque_032.aux,planned
R003453,GMD_1p2192m,1.2192,B5_FV30,FallaLinea1_PuntaEvans_SchoolHouse,B6,1,base,aux/bloque_032.aux,planned
R003454,GMD_1p2192m,1.2192,B5_FV30,FallaLinea1_ElBight_SchoolHouse,B6,1,base,aux/bloque_032.aux,planned
R003455,GMD_1p2192m,1.2192,B5_FV30,FallaElevador1_PuntaEvans,B6,1,base,aux/bloque_032.aux,planned
R003456,GMD_1p2192m,1.2192,B5_FV30,FallaElevador2_PuntaEvans,B6,1,base,aux/bloque_032.aux,planned
R003457,GMD_1p2192m,1.2192,B5_FV30,FallaElevador3_PuntaEvans,B6,1,base,aux/bloque_032.aux,planned
R003458,GMD_1p2192m,1.2192,B5_FV30,FallaTrafo1_ElBight,B6,1,base,aux/bloque_032.aux,planned
R003459,GMD_1p2192m,1.2192,B5_FV30,FallaTrafo2_ElBight,B6,1,base,aux/bloque_032.aux,planned
R003460,GMD_1p2192m,1.2192,B5_FV30,FallaTrafo1_SchoolHouse,B6,1,base,aux/bloque_032.aux,planned
R003461,GMD_1p2192m,1.2192,B5_FV50,FallaLinea1_PuntaEvans_ElBight,B6,1,base,aux/bloque_032.aux,planned
R003462,GMD_1p2192m,1.2192,B5_FV50,FallaLinea2_PuntaEvans_ElBight,B6,1,base,aux/bloque_032.aux,planned
R003463,GMD_1p2192m,1.2192,B5_FV50,FallaLinea1_PuntaEvans_SchoolHouse,B6,1,base,aux/bloque_032.aux,planned
R003464,GMD_1p2192m,1.2192,B5_FV50,FallaLinea1_ElBight_SchoolHouse,B6,1,base,aux/bloque_032.aux,planned
R003465,GMD_1p2192m,1.2192,B5_FV50,FallaElevador1_PuntaEvans,B6,1,base,aux/bloque_032.aux,planned
R003466,GMD_1p2192m,1.2192,B5_FV50,FallaElevador2_PuntaEvans,B6,1,base,aux/bloque_032.aux,planned
R003467,GMD_1p2192m,1.2192,B5_FV50,FallaElevador3_PuntaEvans,B6,1,base,aux/bloque_032.aux,planned
R003468,GMD_1p2192m,1.2192,B5_FV50,FallaTrafo1_ElBight,B6,1,base,aux/bloque_032.aux,planned
R003469,GMD_1p2192m,1.2192,B5_FV50,FallaTrafo2_ElBight,B6,1,base,aux/bloque_032.aux,planned
R003470,GMD_1p2192m,1.2192,B5_FV50,FallaTrafo1_SchoolHouse,B6,1,base,aux/bloque_032.aux,planned
R003471,GMD_1p2192m,1.2192,B6_FV15,FallaLinea1_PuntaEvans_ElBight,B6,1,base,aux/bloque_032.aux,planned
R003472,GMD_1p2192m,1.2192,B6_FV15,FallaLinea2_PuntaEvans_ElBight,B6,1,base,aux/bloque_032.aux,planned
R003473,GMD_1p2192m,1.2192,B6_FV15,FallaLinea1_PuntaEvans_SchoolHouse,B6,1,base,aux/bloque_032.aux,planned
R003474,GMD_1p2192m,1.2192,B6_FV15,FallaLinea1_ElBight_SchoolHouse,B6,1,base,aux/bloque_032.aux,planned
R003475,GMD_1p2192m,1.2192,B6_FV15,FallaElevador1_PuntaEvans,B6,1,base,aux/bloque_032.aux,planned
R003476,GMD_1p2192m,1.2192,B6_FV15,FallaElevador2_PuntaEvans,B6,1,base,aux/bloque_032.aux,planned
R003477,GMD_1p2192m,1.2192,B6_FV15,FallaElevador3_PuntaEvans,B6,1,base,aux/bloque_032.aux,planned
R003478,GMD_1p2192m,1.2192,B6_FV15,FallaTrafo1_ElBight,B6,1,base,aux/bloque_032.aux,planned
R003479,GMD_1p2192m,1.2192,B6_FV15,FallaTrafo2_ElBight,B6,1,base,aux/bloque_032.aux,planned
R003480,GMD_1p2192m,1.2192,B6_FV15,FallaTrafo1_SchoolHouse,B6,1,base,aux/bloque_032.aux,planned
R003481,GMD_1p2192m,1.2192,B6_FV30,FallaLinea1_PuntaEvans_ElBight,B6,1,base,aux/bloque_032.aux,planned
R003482,GMD_1p2192m,1.2192,B6_FV30,FallaLinea2_PuntaEvans_ElBight,B6,1,base,aux/bloque_032.aux,planned
R003483,GMD_1p2192m,1.2192,B6_FV30,FallaLinea1_PuntaEvans_SchoolHouse,B6,1,base,aux/bloque_032.aux,planned
R003484,GMD_1p2192m,1.2192,B6_FV30,FallaLinea1_ElBight_SchoolHouse,B6,1,base,aux/bloque_032.aux,planned
R003485,GMD_1p2192m,1.2192,B6_FV30,FallaElevador1_PuntaEvans,B6,1,base,aux/bloque_032.aux,planned
R003486,GMD_1p2192m,1.2192,B6_FV30,FallaElevador2_PuntaEvans,B6,1,base,aux/bloque_032.aux,planned
R003487,GMD_1p2192m,1.2192,B6_FV30,FallaElevador3_PuntaEvans,B6,1,base,aux/bloque_032.aux,planned
R003488,GMD_1p2192m,1.2192,B6_FV30,FallaTrafo1_ElBight,B6,1,base,aux/bloque_032.aux,planned
R003489,GMD_1p2192m,1.2192,B6_FV30,FallaTrafo2_ElBight,B6,1,base,aux/bloque_032.aux,planned
R003490,GMD_1p2192m,1.2192,B6_FV30,FallaTrafo1_SchoolHouse,B6,1,base,aux/bloque_032.aux,planned
R003491,GMD_1p2192m,1.2192,B6_FV50,FallaLinea1_PuntaEvans_ElBight,B6,1,base,aux/bloque_032.aux,planned
R003492,GMD_1p2192m,1.2192,B6_FV50,FallaLinea2_PuntaEvans_ElBight,B6,1,base,aux/bloque_032.aux,planned
R003493,GMD_1p2192m,1.2192,B6_FV50,FallaLinea1_PuntaEvans_SchoolHouse,B6,1,base,aux/bloque_032.aux,planned
R003494,GMD_1p2192m,1.2192,B6_FV50,FallaLinea1_ElBight_SchoolHouse,B6,1,base,aux/bloque_032.aux,planned
R003495,GMD_1p2192m,1.2192,B6_FV50,FallaElevador1_PuntaEvans,B6,1,base,aux/bloque_032.aux,planned
R003496,GMD_1p2192m,1.2192,B6_FV50,FallaElevador2_PuntaEvans,B6,1,base,aux/bloque_032.aux,planned
R003497,GMD_1p2192m,1.2192,B6_FV50,FallaElevador3_PuntaEvans,B6,1,base,aux/bloque_032.aux,planned
R003498,GMD_1p2192m,1.2192,B6_FV50,FallaTrafo1_ElBight,B6,1,base,aux/bloque_032.aux,planned
R003499,GMD_1p2192m,1.2192,B6_FV50,FallaTrafo2_ElBight,B6,1,base,aux/bloque_032.aux,planned
R003500,GMD_1p2192m,1.2192,B6_FV50,FallaTrafo1_SchoolHouse,B6,1,base,aux/bloque_032.aux,planned
R003501,GMD_1p2192m,1.2192,BASE,FallaLinea1_PuntaEvans_ElBight,B6,2,base,aux/bloque_032.aux,planned
R003502,GMD_1p2192m,1.2192,BASE,FallaLinea2_PuntaEvans_ElBight,B6,2,base,aux/bloque_032.aux,planned
R003503,GMD_1p2192m,1.2192,BASE,FallaLinea1_PuntaEvans_SchoolHouse,B6,2,base,aux/bloque_032.aux,planned
R003504,GMD_1p2192m,1.2192,BASE,FallaLinea1_ElBight_SchoolHouse,B6,2,base,aux/bloque_032.aux,planned
R003505,GMD_1p2192m,1.2192,BASE,FallaElevador1_PuntaEvans,B6,2,base,aux/bloque_032.aux,planned
R003506,GMD_1p2192m,1.2192,BASE,FallaElevador2_PuntaEvans,B6,2,base,aux/bloque_032.aux,planned
R003507,GMD_1p2192m,1.2192,BASE,FallaElevador3_PuntaEvans,B6,2,base,aux/bloque_032.aux,planned
R003508,GMD_1p2192m,1.2192,BASE,FallaTrafo1_ElBight,B6,2,base,aux/bloque_032.aux,planned
R003509,GMD_1p2192m,1.2192,BASE,FallaTrafo2_ElBight,B6,2,base,aux/bloque_032.aux,planned
R003510,GMD_1p2192m,1.2192,BASE,FallaTrafo1_SchoolHouse,B6,2,base,aux/bloque_032.aux,planned
R003511,GMD_1p2192m,1.2192,B1_FV15,FallaLinea1_PuntaEvans_ElBight,B6,2,base,aux/bloque_032.aux,planned
R003512,GMD_1p2192m,1.2192,B1_FV15,FallaLinea2_PuntaEvans_ElBight,B6,2,base,aux/bloque_032.aux,planned
R003513,GMD_1p2192m,1.2192,B1_FV15,FallaLinea1_PuntaEvans_SchoolHouse,B6,2,base,aux/bloque_032.aux,planned
R003514,GMD_1p2192m,1.2192,B1_FV15,FallaLinea1_ElBight_SchoolHouse,B6,2,base,aux/bloque_032.aux,planned
R003515,GMD_1p2192m,1.2192,B1_FV15,FallaElevador1_PuntaEvans,B6,2,base,aux/bloque_032.aux,planned
R003516,GMD_1p2192m,1.2192,B1_FV15,FallaElevador2_PuntaEvans,B6,2,base,aux/bloque_032.aux,planned
R003517,GMD_1p2192m,1.2192,B1_FV15,FallaElevador3_PuntaEvans,B6,2,base,aux/bloque_032.aux,planned
R003518,GMD_1p2192m,1.2192,B1_FV15,FallaTrafo1_ElBight,B6,2,base,aux/bloque_032.aux,planned
R003519,GMD_1p2192m,1.2192,B1_FV15,FallaTrafo2_ElBight,B6,2,base,aux/bloque_032.aux,planned
R003520,GMD_1p2192m,1.2192,B1_FV15,FallaTrafo1_SchoolHouse,B6,2,base,aux/bloque_032.aux,planned
R003521,GMD_1p2192m,1.2192,B1_FV30,FallaLinea1_PuntaEvans_ElBight,B6,2,base,aux/bloque_033.aux,planned
R003522,GMD_1p2192m,1.2192,B1_FV30,FallaLinea2_PuntaEvans_ElBight,B6,2,base,aux/bloque_033.aux,planned
R003523,GMD_1p2192m,1.2192,B1_FV30,FallaLinea1_PuntaEvans_SchoolHouse,B6,2,base,aux/bloque_033.aux,planned
R003524,GMD_1p2192m,1.2192,B1_FV30,FallaLinea1_ElBight_SchoolHouse,B6,2,base,aux/bloque_033.aux,planned
R003525,GMD_1p2192m,1.2192,B1_FV30,FallaElevador1_PuntaEvans,B6,2,base,aux/bloque_033.aux,planned
R003526,GMD_1p2192m,1.2192,B1_FV30,FallaElevador2_PuntaEvans,B6,2,base,aux/bloque_033.aux,planned
R003527,GMD_1p2192m,1.2192,B1_FV30,FallaElevador3_PuntaEvans,B6,2,base,aux/bloque_033.aux,planned
R003528,GMD_1p2192m,1.2192,B1_FV30,FallaTrafo1_ElBight,B6,2,base,aux/bloque_033.aux,planned
R003529,GMD_1p2192m,1.2192,B1_FV30,FallaTrafo2_ElBight,B6,2,base,aux/bloque_033.aux,planned
R003530,GMD_1p2192m,1.2192,B1_FV30,FallaTrafo1_SchoolHouse,B6,2,base,aux/bloque_033.aux,planned
R003531,GMD_1p2192m,1.2192,B1_FV50,FallaLinea1_PuntaEvans_ElBight,B6,2,base,aux/bloque_033.aux,planned
R003532,GMD_1p2192m,1.2192,B1_FV50,FallaLinea2_PuntaEvans_ElBight,B6,2,base,aux/bloque_033.aux,planned
R003533,GMD_1p2192m,1.2192,B1_FV50,FallaLinea1_PuntaEvans_SchoolHouse,B6,2,base,aux/bloque_033.aux,planned
R003534,GMD_1p2192m,1.2192,B1_FV50,FallaLinea1_ElBight_SchoolHouse,B6,2,base,aux/bloque_033.aux,planned
R003535,GMD_1p2192m,1.2192,B1_FV50,FallaElevador1_PuntaEvans,B6,2,base,aux/bloque_033.aux,planned
R003536,GMD_1p2192m,1.2192,B1_FV50,FallaElevador2_PuntaEvans,B6,2,base,aux/bloque_033.aux,planned
R003537,GMD_1p2192m,1.2192,B1_FV50,FallaElevador3_PuntaEvans,B6,2,base,aux/bloque_033.aux,planned
R003538,GMD_1p2192m,1.2192,B1_FV50,FallaTrafo1_ElBight,B6,2,base,aux/bloque_033.aux,planned
R003539,GMD_1p2192m,1.2192,B1_FV50,FallaTrafo2_ElBight,B6,2,base,aux/bloque_033.aux,planned
R003540,GMD_1p2192m,1.2192,B1_FV50,FallaTrafo1_SchoolHouse,B6,2,base,aux/bloque_033.aux,planned
R003541,GMD_1p2192m,1.2192,B5_FV15,FallaLinea1_PuntaEvans_ElBight,B6,2,base,aux/bloque_033.aux,planned
R003542,GMD_1p2192m,1.2192,B5_FV15,FallaLinea2_PuntaEvans_ElBight,B6,2,base,aux/bloque_033.aux,planned
R003543,GMD_1p2192m,1.2192,B5_FV15,FallaLinea1_PuntaEvans_SchoolHouse,B6,2,base,aux/bloque_033.aux,planned
R003544,GMD_1p2192m,1.2192,B5_FV15,FallaLinea1_ElBight_SchoolHouse,B6,2,base,aux/bloque_033.aux,planned
R003545,GMD_1p2192m,1.2192,B5_FV15,FallaElevador1_PuntaEvans,B6,2,base,aux/bloque_033.aux,planned
R003546,GMD_1p2192m,1.2192,B5_FV15,FallaElevador2_PuntaEvans,B6,2,base,aux/bloque_033.aux,planned
R003547,GMD_1p2192m,1.2192,B5_FV15,FallaElevador3_PuntaEvans,B6,2,base,aux/bloque_033.aux,planned
R003548,GMD_1p2192m,1.2192,B5_FV15,FallaTrafo1_ElBight,B6,2,base,aux/bloque_033.aux,planned
R003549,GMD_1p2192m,1.2192,B5_FV15,FallaTrafo2_ElBight,B6,2,base,aux/bloque_033.aux,planned
R003550,GMD_1p2192m,1.2192,B5_FV15,FallaTrafo1_SchoolHouse,B6,2,base,aux/bloque_033.aux,planned
R003551,GMD_1p2192m,1.2192,B5_FV30,FallaLinea1_PuntaEvans_ElBight,B6,2,base,aux/bloque_033.aux,planned
R003552,GMD_1p2192m,1.2192,B5_FV30,FallaLinea2_PuntaEvans_ElBight,B6,2,base,aux/bloque_033.aux,planned
R003553,GMD_1p2192m,1.2192,B5_FV30,FallaLinea1_PuntaEvans_SchoolHouse,B6,2,base,aux/bloque_033.aux,planned
R003554,GMD_1p2192m,1.2192,B5_FV30,FallaLinea1_ElBight_SchoolHouse,B6,2,base,aux/bloque_033.aux,planned
R003555,GMD_1p2192m,1.2192,B5_FV30,FallaElevador1_PuntaEvans,B6,2,base,aux/bloque_033.aux,planned
R003556,GMD_1p2192m,1.2192,B5_FV30,FallaElevador2_PuntaEvans,B6,2,base,aux/bloque_033.aux,planned
R003557,GMD_1p2192m,1.2192,B5_FV30,FallaElevador3_PuntaEvans,B6,2,base,aux/bloque_033.aux,planned
R003558,GMD_1p2192m,1.2192,B5_FV30,FallaTrafo1_ElBight,B6,2,base,aux/bloque_033.aux,planned
R003559,GMD_1p2192m,1.2192,B5_FV30,FallaTrafo2_ElBight,B6,2,base,aux/bloque_033.aux,planned
R003560,GMD_1p2192m,1.2192,B5_FV30,FallaTrafo1_SchoolHouse,B6,2,base,aux/bloque_033.aux,planned
R003561,GMD_1p2192m,1.2192,B5_FV50,FallaLinea1_PuntaEvans_ElBight,B6,2,base,aux/bloque_033.aux,planned
R003562,GMD_1p2192m,1.2192,B5_FV50,FallaLinea2_PuntaEvans_ElBight,B6,2,base,aux/bloque_033.aux,planned
R003563,GMD_1p2192m,1.2192,B5_FV50,FallaLinea1_PuntaEvans_SchoolHouse,B6,2,base,aux/bloque_033.aux,planned
R003564,GMD_1p2192m,1.2192,B5_FV50,FallaLinea1_ElBight_SchoolHouse,B6,2,base,aux/bloque_033.aux,planned
R003565,GMD_1p2192m,1.2192,B5_FV50,FallaElevador1_PuntaEvans,B6,2,base,aux/bloque_033.aux,planned
R003566,GMD_1p2192m,1.2192,B5_FV50,FallaElevador2_PuntaEvans,B6,2,base,aux/bloque_033.aux,planned
R003567,GMD_1p2192m,1.2192,B5_FV50,FallaElevador3_PuntaEvans,B6,2,base,aux/bloque_033.aux,planned
R003568,GMD_1p2192m,1.2192,B5_FV50,FallaTrafo1_ElBight,B6,2,base,aux/bloque_033.aux,planned
R003569,GMD_1p2192m,1.2192,B5_FV50,FallaTrafo2_ElBight,B6,2,base,aux/bloque_033.aux,planned
R003570,GMD_1p2192m,1.2192,B5_FV50,FallaTrafo1_SchoolHouse,B6,2,base,aux/bloque_033.aux,planned
R003571,GMD_1p2192m,1.2192,B6_FV15,FallaLinea1_PuntaEvans_ElBight,B6,2,base,aux/bloque_033.aux,planned
R003572,GMD_1p2192m,1.2192,B6_FV15,FallaLinea2_PuntaEvans_ElBight,B6,2,base,aux/bloque_033.aux,planned
R003573,GMD_1p2192m,1.2192,B6_FV15,FallaLinea1_PuntaEvans_SchoolHouse,B6,2,base,aux/bloque_033.aux,planned
R003574,GMD_1p2192m,1.2192,B6_FV15,FallaLinea1_ElBight_SchoolHouse,B6,2,base,aux/bloque_033.aux,planned
R003575,GMD_1p2192m,1.2192,B6_FV15,FallaElevador1_PuntaEvans,B6,2,base,aux/bloque_033.aux,planned
R003576,GMD_1p2192m,1.2192,B6_FV15,FallaElevador2_PuntaEvans,B6,2,base,aux/bloque_033.aux,planned
R003577,GMD_1p2192m,1.2192,B6_FV15,FallaElevador3_PuntaEvans,B6,2,base,aux/bloque_033.aux,planned
R003578,GMD_1p2192m,1.2192,B6_FV15,FallaTrafo1_ElBight,B6,2,base,aux/bloque_033.aux,planned
R003579,GMD_1p2192m,1.2192,B6_FV15,FallaTrafo2_ElBight,B6,2,base,aux/bloque_033.aux,planned
R003580,GMD_1p2192m,1.2192,B6_FV15,FallaTrafo1_SchoolHouse,B6,2,base,aux/bloque_033.aux,planned
R003581,GMD_1p2192m,1.2192,B6_FV30,FallaLinea1_PuntaEvans_ElBight,B6,2,base,aux/bloque_033.aux,planned
R003582,GMD_1p2192m,1.2192,B6_FV30,FallaLinea2_PuntaEvans_ElBight,B6,2,base,aux/bloque_033.aux,planned
R003583,GMD_1p2192m,1.2192,B6_FV30,FallaLinea1_PuntaEvans_SchoolHouse,B6,2,base,aux/bloque_033.aux,planned
R003584,GMD_1p2192m,1.2192,B6_FV30,FallaLinea1_ElBight_SchoolHouse,B6,2,base,aux/bloque_033.aux,planned
R003585,GMD_1p2192m,1.2192,B6_FV30,FallaElevador1_PuntaEvans,B6,2,base,aux/bloque_033.aux,planned
R003586,GMD_1p2192m,1.2192,B6_FV30,FallaElevador2_PuntaEvans,B6,2,base,aux/bloque_033.aux,planned
R003587,GMD_1p2192m,1.2192,B6_FV30,FallaElevador3_PuntaEvans,B6,2,base,aux/bloque_033.aux,planned
R003588,GMD_1p2192m,1.2192,B6_FV30,FallaTrafo1_ElBight,B6,2,base,aux/bloque_033.aux,planned
R003589,GMD_1p2192m,1.2192,B6_FV30,FallaTrafo2_ElBight,B6,2,base,aux/bloque_033.aux,planned
R003590,GMD_1p2192m,1.2192,B6_FV30,FallaTrafo1_SchoolHouse,B6,2,base,aux/bloque_033.aux,planned
R003591,GMD_1p2192m,1.2192,B6_FV50,FallaLinea1_PuntaEvans_ElBight,B6,2,base,aux/bloque_033.aux,planned
R003592,GMD_1p2192m,1.2192,B6_FV50,FallaLinea2_PuntaEvans_ElBight,B6,2,base,aux/bloque_033.aux,planned
R003593,GMD_1p2192m,1.2192,B6_FV50,FallaLinea1_PuntaEvans_SchoolHouse,B6,2,base,aux/bloque_033.aux,planned
R003594,GMD_1p2192m,1.2192,B6_FV50,FallaLinea1_ElBight_SchoolHouse,B6,2,base,aux/bloque_033.aux,planned
R003595,GMD_1p2192m,1.2192,B6_FV50,FallaElevador1_PuntaEvans,B6,2,base,aux/bloque_033.aux,planned
R003596,GMD_1p2192m,1.2192,B6_FV50,FallaElevador2_PuntaEvans,B6,2,base,aux/bloque_033.aux,planned
R003597,GMD_1p2192m,1.2192,B6_FV50,FallaElevador3_PuntaEvans,B6,2,base,aux/bloque_033.aux,planned
R003598,GMD_1p2192m,1.2192,B6_FV50,FallaTrafo1_ElBight,B6,2,base,aux/bloque_033.aux,planned
R003599,GMD_1p2192m,1.2192,B6_FV50,FallaTrafo2_ElBight,B6,2,base,aux/bloque_033.aux,planned
R003600,GMD_1p2192m,1.2192,B6_FV50,FallaTrafo1_SchoolHouse,B6,2,base,aux/bloque_033.aux,planned
R003601,GMD_1p2192m,1.2192,BASE,FallaLinea1_PuntaEvans_ElBight,B6,3,base,aux/bloque_033.aux,planned
R003602,GMD_1p2192m,1.2192,BASE,FallaLinea2_PuntaEvans_ElBight,B6,3,base,aux/bloque_033.aux,planned
R003603,GMD_1p2192m,1.2192,BASE,FallaLinea1_PuntaEvans_SchoolHouse,B6,3,base,aux/bloque_033.aux,planned
R003604,GMD_1p2192m,1.2192,BASE,FallaLinea1_ElBight_SchoolHouse,B6,3,base,aux/bloque_033.aux,planned
R003605,GMD_1p2192m,1.2192,BASE,FallaElevador1_PuntaEvans,B6,3,base,aux/bloque_033.aux,planned
R003606,GMD_1p2192m,1.2192,BASE,FallaElevador2_PuntaEvans,B6,3,base,aux/bloque_033.aux,planned
R003607,GMD_1p2192m,1.2192,BASE,FallaElevador3_PuntaEvans,B6,3,base,aux/bloque_033.aux,planned
R003608,GMD_1p2192m,1.2192,BASE,FallaTrafo1_ElBight,B6,3,base,aux/bloque_033.aux,planned
R003609,GMD_1p2192m,1.2192,BASE,FallaTrafo2_ElBight,B6,3,base,aux/bloque_033.aux,planned
R003610,GMD_1p2192m,1.2192,BASE,FallaTrafo1_SchoolHouse,B6,3,base,aux/bloque_033.aux,planned
R003611,GMD_1p2192m,1.2192,B1_FV15,FallaLinea1_PuntaEvans_ElBight,B6,3,base,aux/bloque_033.aux,planned
R003612,GMD_1p2192m,1.2192,B1_FV15,FallaLinea2_PuntaEvans_ElBight,B6,3,base,aux/bloque_033.aux,planned
R003613,GMD_1p2192m,1.2192,B1_FV15,FallaLinea1_PuntaEvans_SchoolHouse,B6,3,base,aux/bloque_033.aux,planned
R003614,GMD_1p2192m,1.2192,B1_FV15,FallaLinea1_ElBight_SchoolHouse,B6,3,base,aux/bloque_033.aux,planned
R003615,GMD_1p2192m,1.2192,B1_FV15,FallaElevador1_PuntaEvans,B6,3,base,aux/bloque_033.aux,planned
R003616,GMD_1p2192m,1.2192,B1_FV15,FallaElevador2_PuntaEvans,B6,3,base,aux/bloque_033.aux,planned
R003617,GMD_1p2192m,1.2192,B1_FV15,FallaElevador3_PuntaEvans,B6,3,base,aux/bloque_033.aux,planned
R003618,GMD_1p2192m,1.2192,B1_FV15,FallaTrafo1_ElBight,B6,3,base,aux/bloque_033.aux,planned
R003619,GMD_1p2192m,1.2192,B1_FV15,FallaTrafo2_ElBight,B6,3,base,aux/bloque_033.aux,planned
R003620,GMD_1p2192m,1.2192,B1_FV15,FallaTrafo1_SchoolHouse,B6,3,base,aux/bloque_033.aux,planned
R003621,GMD_1p2192m,1.2192,B1_FV30,FallaLinea1_PuntaEvans_ElBight,B6,3,base,aux/bloque_033.aux,planned
R003622,GMD_1p2192m,1.2192,B1_FV30,FallaLinea2_PuntaEvans_ElBight,B6,3,base,aux/bloque_033.aux,planned
R003623,GMD_1p2192m,1.2192,B1_FV30,FallaLinea1_PuntaEvans_SchoolHouse,B6,3,base,aux/bloque_033.aux,planned
R003624,GMD_1p2192m,1.2192,B1_FV30,FallaLinea1_ElBight_SchoolHouse,B6,3,base,aux/bloque_033.aux,planned
R003625,GMD_1p2192m,1.2192,B1_FV30,FallaElevador1_PuntaEvans,B6,3,base,aux/bloque_033.aux,planned
R003626,GMD_1p2192m,1.2192,B1_FV30,FallaElevador2_PuntaEvans,B6,3,base,aux/bloque_033.aux,planned
R003627,GMD_1p2192m,1.2192,B1_FV30,FallaElevador3_PuntaEvans,B6,3,base,aux/bloque_033.aux,planned
R003628,GMD_1p2192m,1.2192,B1_FV30,FallaTrafo1_ElBight,B6,3,base,aux/bloque_033.aux,planned
R003629,GMD_1p2192m,1.2192,B1_FV30,FallaTrafo2_ElBight,B6,3,base,aux/bloque_033.aux,planned
R003630,GMD_1p2192m,1.2192,B1_FV30,FallaTrafo1_SchoolHouse,B6,3,base,aux/bloque_033.aux,planned
R003631,GMD_1p2192m,1.2192,B1_FV50,FallaLinea1_PuntaEvans_ElBight,B6,3,base,aux/bloque_034.aux,planned
R003632,GMD_1p2192m,1.2192,B1_FV50,FallaLinea2_PuntaEvans_ElBight,B6,3,base,aux/bloque_034.aux,planned
R003633,GMD_1p2192m,1.2192,B1_FV50,FallaLinea1_PuntaEvans_SchoolHouse,B6,3,base,aux/bloque_034.aux,planned
R003634,GMD_1p2192m,1.2192,B1_FV50,FallaLinea1_ElBight_SchoolHouse,B6,3,base,aux/bloque_034.aux,planned
R003635,GMD_1p2192m,1.2192,B1_FV50,FallaElevador1_PuntaEvans,B6,3,base,aux/bloque_034.aux,planned
R003636,GMD_1p2192m,1.2192,B1_FV50,FallaElevador2_PuntaEvans,B6,3,base,aux/bloque_034.aux,planned
R003637,GMD_1p2192m,1.2192,B1_FV50,FallaElevador3_PuntaEvans,B6,3,base,aux/bloque_034.aux,planned
R003638,GMD_1p2192m,1.2192,B1_FV50,FallaTrafo1_ElBight,B6,3,base,aux/bloque_034.aux,planned
R003639,GMD_1p2192m,1.2192,B1_FV50,FallaTrafo2_ElBight,B6,3,base,aux/bloque_034.aux,planned
R003640,GMD_1p2192m,1.2192,B1_FV50,FallaTrafo1_SchoolHouse,B6,3,base,aux/bloque_034.aux,planned
R003641,GMD_1p2192m,1.2192,B5_FV15,FallaLinea1_PuntaEvans_ElBight,B6,3,base,aux/bloque_034.aux,planned
R003642,GMD_1p2192m,1.2192,B5_FV15,FallaLinea2_PuntaEvans_ElBight,B6,3,base,aux/bloque_034.aux,planned
R003643,GMD_1p2192m,1.2192,B5_FV15,FallaLinea1_PuntaEvans_SchoolHouse,B6,3,base,aux/bloque_034.aux,planned
R003644,GMD_1p2192m,1.2192,B5_FV15,FallaLinea1_ElBight_SchoolHouse,B6,3,base,aux/bloque_034.aux,planned
R003645,GMD_1p2192m,1.2192,B5_FV15,FallaElevador1_PuntaEvans,B6,3,base,aux/bloque_034.aux,planned
R003646,GMD_1p2192m,1.2192,B5_FV15,FallaElevador2_PuntaEvans,B6,3,base,aux/bloque_034.aux,planned
R003647,GMD_1p2192m,1.2192,B5_FV15,FallaElevador3_PuntaEvans,B6,3,base,aux/bloque_034.aux,planned
R003648,GMD_1p2192m,1.2192,B5_FV15,FallaTrafo1_ElBight,B6,3,base,aux/bloque_034.aux,planned
R003649,GMD_1p2192m,1.2192,B5_FV15,FallaTrafo2_ElBight,B6,3,base,aux/bloque_034.aux,planned
R003650,GMD_1p2192m,1.2192,B5_FV15,FallaTrafo1_SchoolHouse,B6,3,base,aux/bloque_034.aux,planned
R003651,GMD_1p2192m,1.2192,B5_FV30,FallaLinea1_PuntaEvans_ElBight,B6,3,base,aux/bloque_034.aux,planned
R003652,GMD_1p2192m,1.2192,B5_FV30,FallaLinea2_PuntaEvans_ElBight,B6,3,base,aux/bloque_034.aux,planned
R003653,GMD_1p2192m,1.2192,B5_FV30,FallaLinea1_PuntaEvans_SchoolHouse,B6,3,base,aux/bloque_034.aux,planned
R003654,GMD_1p2192m,1.2192,B5_FV30,FallaLinea1_ElBight_SchoolHouse,B6,3,base,aux/bloque_034.aux,planned
R003655,GMD_1p2192m,1.2192,B5_FV30,FallaElevador1_PuntaEvans,B6,3,base,aux/bloque_034.aux,planned
R003656,GMD_1p2192m,1.2192,B5_FV30,FallaElevador2_PuntaEvans,B6,3,base,aux/bloque_034.aux,planned
R003657,GMD_1p2192m,1.2192,B5_FV30,FallaElevador3_PuntaEvans,B6,3,base,aux/bloque_034.aux,planned
R003658,GMD_1p2192m,1.2192,B5_FV30,FallaTrafo1_ElBight,B6,3,base,aux/bloque_034.aux,planned
R003659,GMD_1p2192m,1.2192,B5_FV30,FallaTrafo2_ElBight,B6,3,base,aux/bloque_034.aux,planned
R003660,GMD_1p2192m,1.2192,B5_FV30,FallaTrafo1_SchoolHouse,B6,3,base,aux/bloque_034.aux,planned
R003661,GMD_1p2192m,1.2192,B5_FV50,FallaLinea1_PuntaEvans_ElBight,B6,3,base,aux/bloque_034.aux,planned
R003662,GMD_1p2192m,1.2192,B5_FV50,FallaLinea2_PuntaEvans_ElBight,B6,3,base,aux/bloque_034.aux,planned
R003663,GMD_1p2192m,1.2192,B5_FV50,FallaLinea1_PuntaEvans_SchoolHouse,B6,3,base,aux/bloque_034.aux,planned
R003664,GMD_1p2192m,1.2192,B5_FV50,FallaLinea1_ElBight_SchoolHouse,B6,3,base,aux/bloque_034.aux,planned
R003665,GMD_1p2192m,1.2192,B5_FV50,FallaElevador1_PuntaEvans,B6,3,base,aux/bloque_034.aux,planned
R003666,GMD_1p2192m,1.2192,B5_FV50,FallaElevador2_PuntaEvans,B6,3,base,aux/bloque_034.aux,planned
R003667,GMD_1p2192m,1.2192,B5_FV50,FallaElevador3_PuntaEvans,B6,3,base,aux/bloque_034.aux,planned
R003668,GMD_1p2192m,1.2192,B5_FV50,FallaTrafo1_ElBight,B6,3,base,aux/bloque_034.aux,planned
R003669,GMD_1p2192m,1.2192,B5_FV50,FallaTrafo2_ElBight,B6,3,base,aux/bloque_034.aux,planned
R003670,GMD_1p2192m,1.2192,B5_FV50,FallaTrafo1_SchoolHouse,B6,3,base,aux/bloque_034.aux,planned
R003671,GMD_1p2192m,1.2192,B6_FV15,FallaLinea1_PuntaEvans_ElBight,B6,3,base,aux/bloque_034.aux,planned
R003672,GMD_1p2192m,1.2192,B6_FV15,FallaLinea2_PuntaEvans_ElBight,B6,3,base,aux/bloque_034.aux,planned
R003673,GMD_1p2192m,1.2192,B6_FV15,FallaLinea1_PuntaEvans_SchoolHouse,B6,3,base,aux/bloque_034.aux,planned
R003674,GMD_1p2192m,1.2192,B6_FV15,FallaLinea1_ElBight_SchoolHouse,B6,3,base,aux/bloque_034.aux,planned
R003675,GMD_1p2192m,1.2192,B6_FV15,FallaElevador1_PuntaEvans,B6,3,base,aux/bloque_034.aux,planned
R003676,GMD_1p2192m,1.2192,B6_FV15,FallaElevador2_PuntaEvans,B6,3,base,aux/bloque_034.aux,planned
R003677,GMD_1p2192m,1.2192,B6_FV15,FallaElevador3_PuntaEvans,B6,3,base,aux/bloque_034.aux,planned
R003678,GMD_1p2192m,1.2192,B6_FV15,FallaTrafo1_ElBight,B6,3,base,aux/bloque_034.aux,planned
R003679,GMD_1p2192m,1.2192,B6_FV15,FallaTrafo2_ElBight,B6,3,base,aux/bloque_034.aux,planned
R003680,GMD_1p2192m,1.2192,B6_FV15,FallaTrafo1_SchoolHouse,B6,3,base,aux/bloque_034.aux,planned
R003681,GMD_1p2192m,1.2192,B6_FV30,FallaLinea1_PuntaEvans_ElBight,B6,3,base,aux/bloque_034.aux,planned
R003682,GMD_1p2192m,1.2192,B6_FV30,FallaLinea2_PuntaEvans_ElBight,B6,3,base,aux/bloque_034.aux,planned
R003683,GMD_1p2192m,1.2192,B6_FV30,FallaLinea1_PuntaEvans_SchoolHouse,B6,3,base,aux/bloque_034.aux,planned
R003684,GMD_1p2192m,1.2192,B6_FV30,FallaLinea1_ElBight_SchoolHouse,B6,3,base,aux/bloque_034.aux,planned
R003685,GMD_1p2192m,1.2192,B6_FV30,FallaElevador1_PuntaEvans,B6,3,base,aux/bloque_034.aux,planned
R003686,GMD_1p2192m,1.2192,B6_FV30,FallaElevador2_PuntaEvans,B6,3,base,aux/bloque_034.aux,planned
R003687,GMD_1p2192m,1.2192,B6_FV30,FallaElevador3_PuntaEvans,B6,3,base,aux/bloque_034.aux,planned
R003688,GMD_1p2192m,1.2192,B6_FV30,FallaTrafo1_ElBight,B6,3,base,aux/bloque_034.aux,planned
R003689,GMD_1p2192m,1.2192,B6_FV30,FallaTrafo2_ElBight,B6,3,base,aux/bloque_034.aux,planned
R003690,GMD_1p2192m,1.2192,B6_FV30,FallaTrafo1_SchoolHouse,B6,3,base,aux/bloque_034.aux,planned
R003691,GMD_1p2192m,1.2192,B6_FV50,FallaLinea1_PuntaEvans_ElBight,B6,3,base,aux/bloque_034.aux,planned
R003692,GMD_1p2192m,1.2192,B6_FV50,FallaLinea2_PuntaEvans_ElBight,B6,3,base,aux/bloque_034.aux,planned
R003693,GMD_1p2192m,1.2192,B6_FV50,FallaLinea1_PuntaEvans_SchoolHouse,B6,3,base,aux/bloque_034.aux,planned
R003694,GMD_1p2192m,1.2192,B6_FV50,FallaLinea1_ElBight_SchoolHouse,B6,3,base,aux/bloque_034.aux,planned
R003695,GMD_1p2192m,1.2192,B6_FV50,FallaElevador1_PuntaEvans,B6,3,base,aux/bloque_034.aux,planned
R003696,GMD_1p2192m,1.2192,B6_FV50,FallaElevador2_PuntaEvans,B6,3,base,aux/bloque_034.aux,planned
R003697,GMD_1p2192m,1.2192,B6_FV50,FallaElevador3_PuntaEvans,B6,3,base,aux/bloque_034.aux,planned
R003698,GMD_1p2192m,1.2192,B6_FV50,FallaTrafo1_ElBight,B6,3,base,aux/bloque_034.aux,planned
R003699,GMD_1p2192m,1.2192,B6_FV50,FallaTrafo2_ElBight,B6,3,base,aux/bloque_034.aux,planned
R003700,GMD_1p2192m,1.2192,B6_FV50,FallaTrafo1_SchoolHouse,B6,3,base,aux/bloque_034.aux,planned
R003701,GMD_1p2192m,1.2192,BASE,FallaLinea1_PuntaEvans_ElBight,B6,4,base,aux/bloque_034.aux,planned
R003702,GMD_1p2192m,1.2192,BASE,FallaLinea2_PuntaEvans_ElBight,B6,4,base,aux/bloque_034.aux,planned
R003703,GMD_1p2192m,1.2192,BASE,FallaLinea1_PuntaEvans_SchoolHouse,B6,4,base,aux/bloque_034.aux,planned
R003704,GMD_1p2192m,1.2192,BASE,FallaLinea1_ElBight_SchoolHouse,B6,4,base,aux/bloque_034.aux,planned
R003705,GMD_1p2192m,1.2192,BASE,FallaElevador1_PuntaEvans,B6,4,base,aux/bloque_034.aux,planned
R003706,GMD_1p2192m,1.2192,BASE,FallaElevador2_PuntaEvans,B6,4,base,aux/bloque_034.aux,planned
R003707,GMD_1p2192m,1.2192,BASE,FallaElevador3_PuntaEvans,B6,4,base,aux/bloque_034.aux,planned
R003708,GMD_1p2192m,1.2192,BASE,FallaTrafo1_ElBight,B6,4,base,aux/bloque_034.aux,planned
R003709,GMD_1p2192m,1.2192,BASE,FallaTrafo2_ElBight,B6,4,base,aux/bloque_034.aux,planned
R003710,GMD_1p2192m,1.2192,BASE,FallaTrafo1_SchoolHouse,B6,4,base,aux/bloque_034.aux,planned
R003711,GMD_1p2192m,1.2192,B1_FV15,FallaLinea1_PuntaEvans_ElBight,B6,4,base,aux/bloque_034.aux,planned
R003712,GMD_1p2192m,1.2192,B1_FV15,FallaLinea2_PuntaEvans_ElBight,B6,4,base,aux/bloque_034.aux,planned
R003713,GMD_1p2192m,1.2192,B1_FV15,FallaLinea1_PuntaEvans_SchoolHouse,B6,4,base,aux/bloque_034.aux,planned
R003714,GMD_1p2192m,1.2192,B1_FV15,FallaLinea1_ElBight_SchoolHouse,B6,4,base,aux/bloque_034.aux,planned
R003715,GMD_1p2192m,1.2192,B1_FV15,FallaElevador1_PuntaEvans,B6,4,base,aux/bloque_034.aux,planned
R003716,GMD_1p2192m,1.2192,B1_FV15,FallaElevador2_PuntaEvans,B6,4,base,aux/bloque_034.aux,planned
R003717,GMD_1p2192m,1.2192,B1_FV15,FallaElevador3_PuntaEvans,B6,4,base,aux/bloque_034.aux,planned
R003718,GMD_1p2192m,1.2192,B1_FV15,FallaTrafo1_ElBight,B6,4,base,aux/bloque_034.aux,planned
R003719,GMD_1p2192m,1.2192,B1_FV15,FallaTrafo2_ElBight,B6,4,base,aux/bloque_034.aux,planned
R003720,GMD_1p2192m,1.2192,B1_FV15,FallaTrafo1_SchoolHouse,B6,4,base,aux/bloque_034.aux,planned
R003721,GMD_1p2192m,1.2192,B1_FV30,FallaLinea1_PuntaEvans_ElBight,B6,4,base,aux/bloque_034.aux,planned
R003722,GMD_1p2192m,1.2192,B1_FV30,FallaLinea2_PuntaEvans_ElBight,B6,4,base,aux/bloque_034.aux,planned
R003723,GMD_1p2192m,1.2192,B1_FV30,FallaLinea1_PuntaEvans_SchoolHouse,B6,4,base,aux/bloque_034.aux,planned
R003724,GMD_1p2192m,1.2192,B1_FV30,FallaLinea1_ElBight_SchoolHouse,B6,4,base,aux/bloque_034.aux,planned
R003725,GMD_1p2192m,1.2192,B1_FV30,FallaElevador1_PuntaEvans,B6,4,base,aux/bloque_034.aux,planned
R003726,GMD_1p2192m,1.2192,B1_FV30,FallaElevador2_PuntaEvans,B6,4,base,aux/bloque_034.aux,planned
R003727,GMD_1p2192m,1.2192,B1_FV30,FallaElevador3_PuntaEvans,B6,4,base,aux/bloque_034.aux,planned
R003728,GMD_1p2192m,1.2192,B1_FV30,FallaTrafo1_ElBight,B6,4,base,aux/bloque_034.aux,planned
R003729,GMD_1p2192m,1.2192,B1_FV30,FallaTrafo2_ElBight,B6,4,base,aux/bloque_034.aux,planned
R003730,GMD_1p2192m,1.2192,B1_FV30,FallaTrafo1_SchoolHouse,B6,4,base,aux/bloque_034.aux,planned
R003731,GMD_1p2192m,1.2192,B1_FV50,FallaLinea1_PuntaEvans_ElBight,B6,4,base,aux/bloque_034.aux,planned
R003732,GMD_1p2192m,1.2192,B1_FV50,FallaLinea2_PuntaEvans_ElBight,B6,4,base,aux/bloque_034.aux,planned
R003733,GMD_1p2192m,1.2192,B1_FV50,FallaLinea1_PuntaEvans_SchoolHouse,B6,4,base,aux/bloque_034.aux,planned
R003734,GMD_1p2192m,1.2192,B1_FV50,FallaLinea1_ElBight_SchoolHouse,B6,4,base,aux/bloque_034.aux,planned
R003735,GMD_1p2192m,1.2192,B1_FV50,FallaElevador1_PuntaEvans,B6,4,base,aux/bloque_034.aux,planned
R003736,GMD_1p2192m,1.2192,B1_FV50,FallaElevador2_PuntaEvans,B6,4,base,aux/bloque_034.aux,planned
R003737,GMD_1p2192m,1.2192,B1_FV50,FallaElevador3_PuntaEvans,B6,4,base,aux/bloque_034.aux,planned
R003738,GMD_1p2192m,1.2192,B1_FV50,FallaTrafo1_ElBight,B6,4,base,aux/bloque_034.aux,planned
R003739,GMD_1p2192m,1.2192,B1_FV50,FallaTrafo2_ElBight,B6,4,base,aux/bloque_034.aux,planned
R003740,GMD_1p2192m,1.2192,B1_FV50,FallaTrafo1_SchoolHouse,B6,4,base,aux/bloque_034.aux,planned
R003741,GMD_1p2192m,1.2192,B5_FV15,FallaLinea1_PuntaEvans_ElBight,B6,4,base,aux/bloque_035.aux,planned
R003742,GMD_1p2192m,1.2192,B5_FV15,FallaLinea2_PuntaEvans_ElBight,B6,4,base,aux/bloque_035.aux,planned
R003743,GMD_1p2192m,1.2192,B5_FV15,FallaLinea1_PuntaEvans_SchoolHouse,B6,4,base,aux/bloque_035.aux,planned
R003744,GMD_1p2192m,1.2192,B5_FV15,FallaLinea1_ElBight_SchoolHouse,B6,4,base,aux/bloque_035.aux,planned
R003745,GMD_1p2192m,1.2192,B5_FV15,FallaElevador1_PuntaEvans,B6,4,base,aux/bloque_035.aux,planned
R003746,GMD_1p2192m,1.2192,B5_FV15,FallaElevador2_PuntaEvans,B6,4,base,aux/bloque_035.aux,planned
R003747,GMD_1p2192m,1.2192,B5_FV15,FallaElevador3_PuntaEvans,B6,4,base,aux/bloque_035.aux,planned
R003748,GMD_1p2192m,1.2192,B5_FV15,FallaTrafo1_ElBight,B6,4,base,aux/bloque_035.aux,planned
R003749,GMD_1p2192m,1.2192,B5_FV15,FallaTrafo2_ElBight,B6,4,base,aux/bloque_035.aux,planned
R003750,GMD_1p2192m,1.2192,B5_FV15,FallaTrafo1_SchoolHouse,B6,4,base,aux/bloque_035.aux,planned
R003751,GMD_1p2192m,1.2192,B5_FV30,FallaLinea1_PuntaEvans_ElBight,B6,4,base,aux/bloque_035.aux,planned
R003752,GMD_1p2192m,1.2192,B5_FV30,FallaLinea2_PuntaEvans_ElBight,B6,4,base,aux/bloque_035.aux,planned
R003753,GMD_1p2192m,1.2192,B5_FV30,FallaLinea1_PuntaEvans_SchoolHouse,B6,4,base,aux/bloque_035.aux,planned
R003754,GMD_1p2192m,1.2192,B5_FV30,FallaLinea1_ElBight_SchoolHouse,B6,4,base,aux/bloque_035.aux,planned
R003755,GMD_1p2192m,1.2192,B5_FV30,FallaElevador1_PuntaEvans,B6,4,base,aux/bloque_035.aux,planned
R003756,GMD_1p2192m,1.2192,B5_FV30,FallaElevador2_PuntaEvans,B6,4,base,aux/bloque_035.aux,planned
R003757,GMD_1p2192m,1.2192,B5_FV30,FallaElevador3_PuntaEvans,B6,4,base,aux/bloque_035.aux,planned
R003758,GMD_1p2192m,1.2192,B5_FV30,FallaTrafo1_ElBight,B6,4,base,aux/bloque_035.aux,planned
R003759,GMD_1p2192m,1.2192,B5_FV30,FallaTrafo2_ElBight,B6,4,base,aux/bloque_035.aux,planned
R003760,GMD_1p2192m,1.2192,B5_FV30,FallaTrafo1_SchoolHouse,B6,4,base,aux/bloque_035.aux,planned
R003761,GMD_1p2192m,1.2192,B5_FV50,FallaLinea1_PuntaEvans_ElBight,B6,4,base,aux/bloque_035.aux,planned
R003762,GMD_1p2192m,1.2192,B5_FV50,FallaLinea2_PuntaEvans_ElBight,B6,4,base,aux/bloque_035.aux,planned
R003763,GMD_1p2192m,1.2192,B5_FV50,FallaLinea1_PuntaEvans_SchoolHouse,B6,4,base,aux/bloque_035.aux,planned
R003764,GMD_1p2192m,1.2192,B5_FV50,FallaLinea1_ElBight_SchoolHouse,B6,4,base,aux/bloque_035.aux,planned
R003765,GMD_1p2192m,1.2192,B5_FV50,FallaElevador1_PuntaEvans,B6,4,base,aux/bloque_035.aux,planned
R003766,GMD_1p2192m,1.2192,B5_FV50,FallaElevador2_PuntaEvans,B6,4,base,aux/bloque_035.aux,planned
R003767,GMD_1p2192m,1.2192,B5_FV50,FallaElevador3_PuntaEvans,B6,4,base,aux/bloque_035.aux,planned
R003768,GMD_1p2192m,1.2192,B5_FV50,FallaTrafo1_ElBight,B6,4,base,aux/bloque_035.aux,planned
R003769,GMD_1p2192m,1.2192,B5_FV50,FallaTrafo2_ElBight,B6,4,base,aux/bloque_035.aux,planned
R003770,GMD_1p2192m,1.2192,B5_FV50,FallaTrafo1_SchoolHouse,B6,4,base,aux/bloque_035.aux,planned
R003771,GMD_1p2192m,1.2192,B6_FV15,FallaLinea1_PuntaEvans_ElBight,B6,4,base,aux/bloque_035.aux,planned
R003772,GMD_1p2192m,1.2192,B6_FV15,FallaLinea2_PuntaEvans_ElBight,B6,4,base,aux/bloque_035.aux,planned
R003773,GMD_1p2192m,1.2192,B6_FV15,FallaLinea1_PuntaEvans_SchoolHouse,B6,4,base,aux/bloque_035.aux,planned
R003774,GMD_1p2192m,1.2192,B6_FV15,FallaLinea1_ElBight_SchoolHouse,B6,4,base,aux/bloque_035.aux,planned
R003775,GMD_1p2192m,1.2192,B6_FV15,FallaElevador1_PuntaEvans,B6,4,base,aux/bloque_035.aux,planned
R003776,GMD_1p2192m,1.2192,B6_FV15,FallaElevador2_PuntaEvans,B6,4,base,aux/bloque_035.aux,planned
R003777,GMD_1p2192m,1.2192,B6_FV15,FallaElevador3_PuntaEvans,B6,4,base,aux/bloque_035.aux,planned
R003778,GMD_1p2192m,1.2192,B6_FV15,FallaTrafo1_ElBight,B6,4,base,aux/bloque_035.aux,planned
R003779,GMD_1p2192m,1.2192,B6_FV15,FallaTrafo2_ElBight,B6,4,base,aux/bloque_035.aux,planned
R003780,GMD_1p2192m,1.2192,B6_FV15,FallaTrafo1_SchoolHouse,B6,4,base,aux/bloque_035.aux,planned
R003781,GMD_1p2192m,1.2192,B6_FV30,FallaLinea1_PuntaEvans_ElBight,B6,4,base,aux/bloque_035.aux,planned
R003782,GMD_1p2192m,1.2192,B6_FV30,FallaLinea2_PuntaEvans_ElBight,B6,4,base,aux/bloque_035.aux,planned
R003783,GMD_1p2192m,1.2192,B6_FV30,FallaLinea1_PuntaEvans_SchoolHouse,B6,4,base,aux/bloque_035.aux,planned
R003784,GMD_1p2192m,1.2192,B6_FV30,FallaLinea1_ElBight_SchoolHouse,B6,4,base,aux/bloque_035.aux,planned
R003785,GMD_1p2192m,1.2192,B6_FV30,FallaElevador1_PuntaEvans,B6,4,base,aux/bloque_035.aux,planned
R003786,GMD_1p2192m,1.2192,B6_FV30,FallaElevador2_PuntaEvans,B6,4,base,aux/bloque_035.aux,planned
R003787,GMD_1p2192m,1.2192,B6_FV30,FallaElevador3_PuntaEvans,B6,4,base,aux/bloque_035.aux,planned
R003788,GMD_1p2192m,1.2192,B6_FV30,FallaTrafo1_ElBight,B6,4,base,aux/bloque_035.aux,planned
R003789,GMD_1p2192m,1.2192,B6_FV30,FallaTrafo2_ElBight,B6,4,base,aux/bloque_035.aux,planned
R003790,GMD_1p2192m,1.2192,B6_FV30,FallaTrafo1_SchoolHouse,B6,4,base,aux/bloque_035.aux,planned
R003791,GMD_1p2192m,1.2192,B6_FV50,FallaLinea1_PuntaEvans_ElBight,B6,4,base,aux/bloque_035.aux,planned
R003792,GMD_1p2192m,1.2192,B6_FV50,FallaLinea2_PuntaEvans_ElBight,B6,4,base,aux/bloque_035.aux,planned
R003793,GMD_1p2192m,1.2192,B6_FV50,FallaLinea1_PuntaEvans_SchoolHouse,B6,4,base,aux/bloque_035.aux,planned
R003794,GMD_1p2192m,1.2192,B6_FV50,FallaLinea1_ElBight_SchoolHouse,B6,4,base,aux/bloque_035.aux,planned
R003795,GMD_1p2192m,1.2192,B6_FV50,FallaElevador1_PuntaEvans,B6,4,base,aux/bloque_035.aux,planned
R003796,GMD_1p2192m,1.2192,B6_FV50,FallaElevador2_PuntaEvans,B6,4,base,aux/bloque_035.aux,planned
R003797,GMD_1p2192m,1.2192,B6_FV50,FallaElevador3_PuntaEvans,B6,4,base,aux/bloque_035.aux,planned
R003798,GMD_1p2192m,1.2192,B6_FV50,FallaTrafo1_ElBight,B6,4,base,aux/bloque_035.aux,planned
R003799,GMD_1p2192m,1.2192,B6_FV50,FallaTrafo2_ElBight,B6,4,base,aux/bloque_035.aux,planned
R003800,GMD_1p2192m,1.2192,B6_FV50,FallaTrafo1_SchoolHouse,B6,4,base,aux/bloque_035.aux,planned
R003801,GMD_1p2192m,1.2192,BASE,FallaLinea1_PuntaEvans_ElBight,B6,5,base,aux/bloque_035.aux,planned
R003802,GMD_1p2192m,1.2192,BASE,FallaLinea2_PuntaEvans_ElBight,B6,5,base,aux/bloque_035.aux,planned
R003803,GMD_1p2192m,1.2192,BASE,FallaLinea1_PuntaEvans_SchoolHouse,B6,5,base,aux/bloque_035.aux,planned
R003804,GMD_1p2192m,1.2192,BASE,FallaLinea1_ElBight_SchoolHouse,B6,5,base,aux/bloque_035.aux,planned
R003805,GMD_1p2192m,1.2192,BASE,FallaElevador1_PuntaEvans,B6,5,base,aux/bloque_035.aux,planned
R003806,GMD_1p2192m,1.2192,BASE,FallaElevador2_PuntaEvans,B6,5,base,aux/bloque_035.aux,planned
R003807,GMD_1p2192m,1.2192,BASE,FallaElevador3_PuntaEvans,B6,5,base,aux/bloque_035.aux,planned
R003808,GMD_1p2192m,1.2192,BASE,FallaTrafo1_ElBight,B6,5,base,aux/bloque_035.aux,planned
R003809,GMD_1p2192m,1.2192,BASE,FallaTrafo2_ElBight,B6,5,base,aux/bloque_035.aux,planned
R003810,GMD_1p2192m,1.2192,BASE,FallaTrafo1_SchoolHouse,B6,5,base,aux/bloque_035.aux,planned
R003811,GMD_1p2192m,1.2192,B1_FV15,FallaLinea1_PuntaEvans_ElBight,B6,5,base,aux/bloque_035.aux,planned
R003812,GMD_1p2192m,1.2192,B1_FV15,FallaLinea2_PuntaEvans_ElBight,B6,5,base,aux/bloque_035.aux,planned
R003813,GMD_1p2192m,1.2192,B1_FV15,FallaLinea1_PuntaEvans_SchoolHouse,B6,5,base,aux/bloque_035.aux,planned
R003814,GMD_1p2192m,1.2192,B1_FV15,FallaLinea1_ElBight_SchoolHouse,B6,5,base,aux/bloque_035.aux,planned
R003815,GMD_1p2192m,1.2192,B1_FV15,FallaElevador1_PuntaEvans,B6,5,base,aux/bloque_035.aux,planned
R003816,GMD_1p2192m,1.2192,B1_FV15,FallaElevador2_PuntaEvans,B6,5,base,aux/bloque_035.aux,planned
R003817,GMD_1p2192m,1.2192,B1_FV15,FallaElevador3_PuntaEvans,B6,5,base,aux/bloque_035.aux,planned
R003818,GMD_1p2192m,1.2192,B1_FV15,FallaTrafo1_ElBight,B6,5,base,aux/bloque_035.aux,planned
R003819,GMD_1p2192m,1.2192,B1_FV15,FallaTrafo2_ElBight,B6,5,base,aux/bloque_035.aux,planned
R003820,GMD_1p2192m,1.2192,B1_FV15,FallaTrafo1_SchoolHouse,B6,5,base,aux/bloque_035.aux,planned
R003821,GMD_1p2192m,1.2192,B1_FV30,FallaLinea1_PuntaEvans_ElBight,B6,5,base,aux/bloque_035.aux,planned
R003822,GMD_1p2192m,1.2192,B1_FV30,FallaLinea2_PuntaEvans_ElBight,B6,5,base,aux/bloque_035.aux,planned
R003823,GMD_1p2192m,1.2192,B1_FV30,FallaLinea1_PuntaEvans_SchoolHouse,B6,5,base,aux/bloque_035.aux,planned
R003824,GMD_1p2192m,1.2192,B1_FV30,FallaLinea1_ElBight_SchoolHouse,B6,5,base,aux/bloque_035.aux,planned
R003825,GMD_1p2192m,1.2192,B1_FV30,FallaElevador1_PuntaEvans,B6,5,base,aux/bloque_035.aux,planned
R003826,GMD_1p2192m,1.2192,B1_FV30,FallaElevador2_PuntaEvans,B6,5,base,aux/bloque_035.aux,planned
R003827,GMD_1p2192m,1.2192,B1_FV30,FallaElevador3_PuntaEvans,B6,5,base,aux/bloque_035.aux,planned
R003828,GMD_1p2192m,1.2192,B1_FV30,FallaTrafo1_ElBight,B6,5,base,aux/bloque_035.aux,planned
R003829,GMD_1p2192m,1.2192,B1_FV30,FallaTrafo2_ElBight,B6,5,base,aux/bloque_035.aux,planned
R003830,GMD_1p2192m,1.2192,B1_FV30,FallaTrafo1_SchoolHouse,B6,5,base,aux/bloque_035.aux,planned
R003831,GMD_1p2192m,1.2192,B1_FV50,FallaLinea1_PuntaEvans_ElBight,B6,5,base,aux/bloque_035.aux,planned
R003832,GMD_1p2192m,1.2192,B1_FV50,FallaLinea2_PuntaEvans_ElBight,B6,5,base,aux/bloque_035.aux,planned
R003833,GMD_1p2192m,1.2192,B1_FV50,FallaLinea1_PuntaEvans_SchoolHouse,B6,5,base,aux/bloque_035.aux,planned
R003834,GMD_1p2192m,1.2192,B1_FV50,FallaLinea1_ElBight_SchoolHouse,B6,5,base,aux/bloque_035.aux,planned
R003835,GMD_1p2192m,1.2192,B1_FV50,FallaElevador1_PuntaEvans,B6,5,base,aux/bloque_035.aux,planned
R003836,GMD_1p2192m,1.2192,B1_FV50,FallaElevador2_PuntaEvans,B6,5,base,aux/bloque_035.aux,planned
R003837,GMD_1p2192m,1.2192,B1_FV50,FallaElevador3_PuntaEvans,B6,5,base,aux/bloque_035.aux,planned
R003838,GMD_1p2192m,1.2192,B1_FV50,FallaTrafo1_ElBight,B6,5,base,aux/bloque_035.aux,planned
R003839,GMD_1p2192m,1.2192,B1_FV50,FallaTrafo2_ElBight,B6,5,base,aux/bloque_035.aux,planned
R003840,GMD_1p2192m,1.2192,B1_FV50,FallaTrafo1_SchoolHouse,B6,5,base,aux/bloque_035.aux,planned
R003841,GMD_1p2192m,1.2192,B5_FV15,FallaLinea1_PuntaEvans_ElBight,B6,5,base,aux/bloque_035.aux,planned
R003842,GMD_1p2192m,1.2192,B5_FV15,FallaLinea2_PuntaEvans_ElBight,B6,5,base,aux/bloque_035.aux,planned
R003843,GMD_1p2192m,1.2192,B5_FV15,FallaLinea1_PuntaEvans_SchoolHouse,B6,5,base,aux/bloque_035.aux,planned
R003844,GMD_1p2192m,1.2192,B5_FV15,FallaLinea1_ElBight_SchoolHouse,B6,5,base,aux/bloque_035.aux,planned
R003845,GMD_1p2192m,1.2192,B5_FV15,FallaElevador1_PuntaEvans,B6,5,base,aux/bloque_035.aux,planned
R003846,GMD_1p2192m,1.2192,B5_FV15,FallaElevador2_PuntaEvans,B6,5,base,aux/bloque_035.aux,planned
R003847,GMD_1p2192m,1.2192,B5_FV15,FallaElevador3_PuntaEvans,B6,5,base,aux/bloque_035.aux,planned
R003848,GMD_1p2192m,1.2192,B5_FV15,FallaTrafo1_ElBight,B6,5,base,aux/bloque_035.aux,planned
R003849,GMD_1p2192m,1.2192,B5_FV15,FallaTrafo2_ElBight,B6,5,base,aux/bloque_035.aux,planned
R003850,GMD_1p2192m,1.2192,B5_FV15,FallaTrafo1_SchoolHouse,B6,5,base,aux/bloque_035.aux,planned
R003851,GMD_1p2192m,1.2192,B5_FV30,FallaLinea1_PuntaEvans_ElBight,B6,5,base,aux/bloque_036.aux,planned
R003852,GMD_1p2192m,1.2192,B5_FV30,FallaLinea2_PuntaEvans_ElBight,B6,5,base,aux/bloque_036.aux,planned
R003853,GMD_1p2192m,1.2192,B5_FV30,FallaLinea1_PuntaEvans_SchoolHouse,B6,5,base,aux/bloque_036.aux,planned
R003854,GMD_1p2192m,1.2192,B5_FV30,FallaLinea1_ElBight_SchoolHouse,B6,5,base,aux/bloque_036.aux,planned
R003855,GMD_1p2192m,1.2192,B5_FV30,FallaElevador1_PuntaEvans,B6,5,base,aux/bloque_036.aux,planned
R003856,GMD_1p2192m,1.2192,B5_FV30,FallaElevador2_PuntaEvans,B6,5,base,aux/bloque_036.aux,planned
R003857,GMD_1p2192m,1.2192,B5_FV30,FallaElevador3_PuntaEvans,B6,5,base,aux/bloque_036.aux,planned
R003858,GMD_1p2192m,1.2192,B5_FV30,FallaTrafo1_ElBight,B6,5,base,aux/bloque_036.aux,planned
R003859,GMD_1p2192m,1.2192,B5_FV30,FallaTrafo2_ElBight,B6,5,base,aux/bloque_036.aux,planned
R003860,GMD_1p2192m,1.2192,B5_FV30,FallaTrafo1_SchoolHouse,B6,5,base,aux/bloque_036.aux,planned
R003861,GMD_1p2192m,1.2192,B5_FV50,FallaLinea1_PuntaEvans_ElBight,B6,5,base,aux/bloque_036.aux,planned
R003862,GMD_1p2192m,1.2192,B5_FV50,FallaLinea2_PuntaEvans_ElBight,B6,5,base,aux/bloque_036.aux,planned
R003863,GMD_1p2192m,1.2192,B5_FV50,FallaLinea1_PuntaEvans_SchoolHouse,B6,5,base,aux/bloque_036.aux,planned
R003864,GMD_1p2192m,1.2192,B5_FV50,FallaLinea1_ElBight_SchoolHouse,B6,5,base,aux/bloque_036.aux,planned
R003865,GMD_1p2192m,1.2192,B5_FV50,FallaElevador1_PuntaEvans,B6,5,base,aux/bloque_036.aux,planned
R003866,GMD_1p2192m,1.2192,B5_FV50,FallaElevador2_PuntaEvans,B6,5,base,aux/bloque_036.aux,planned
R003867,GMD_1p2192m,1.2192,B5_FV50,FallaElevador3_PuntaEvans,B6,5,base,aux/bloque_036.aux,planned
R003868,GMD_1p2192m,1.2192,B5_FV50,FallaTrafo1_ElBight,B6,5,base,aux/bloque_036.aux,planned
R003869,GMD_1p2192m,1.2192,B5_FV50,FallaTrafo2_ElBight,B6,5,base,aux/bloque_036.aux,planned
R003870,GMD_1p2192m,1.2192,B5_FV50,FallaTrafo1_SchoolHouse,B6,5,base,aux/bloque_036.aux,planned
R003871,GMD_1p2192m,1.2192,B6_FV15,FallaLinea1_PuntaEvans_ElBight,B6,5,base,aux/bloque_036.aux,planned
R003872,GMD_1p2192m,1.2192,B6_FV15,FallaLinea2_PuntaEvans_ElBight,B6,5,base,aux/bloque_036.aux,planned
R003873,GMD_1p2192m,1.2192,B6_FV15,FallaLinea1_PuntaEvans_SchoolHouse,B6,5,base,aux/bloque_036.aux,planned
R003874,GMD_1p2192m,1.2192,B6_FV15,FallaLinea1_ElBight_SchoolHouse,B6,5,base,aux/bloque_036.aux,planned
R003875,GMD_1p2192m,1.2192,B6_FV15,FallaElevador1_PuntaEvans,B6,5,base,aux/bloque_036.aux,planned
R003876,GMD_1p2192m,1.2192,B6_FV15,FallaElevador2_PuntaEvans,B6,5,base,aux/bloque_036.aux,planned
R003877,GMD_1p2192m,1.2192,B6_FV15,FallaElevador3_PuntaEvans,B6,5,base,aux/bloque_036.aux,planned
R003878,GMD_1p2192m,1.2192,B6_FV15,FallaTrafo1_ElBight,B6,5,base,aux/bloque_036.aux,planned
R003879,GMD_1p2192m,1.2192,B6_FV15,FallaTrafo2_ElBight,B6,5,base,aux/bloque_036.aux,planned
R003880,GMD_1p2192m,1.2192,B6_FV15,FallaTrafo1_SchoolHouse,B6,5,base,aux/bloque_036.aux,planned
R003881,GMD_1p2192m,1.2192,B6_FV30,FallaLinea1_PuntaEvans_ElBight,B6,5,base,aux/bloque_036.aux,planned
R003882,GMD_1p2192m,1.2192,B6_FV30,FallaLinea2_PuntaEvans_ElBight,B6,5,base,aux/bloque_036.aux,planned
R003883,GMD_1p2192m,1.2192,B6_FV30,FallaLinea1_PuntaEvans_SchoolHouse,B6,5,base,aux/bloque_036.aux,planned
R003884,GMD_1p2192m,1.2192,B6_FV30,FallaLinea1_ElBight_SchoolHouse,B6,5,base,aux/bloque_036.aux,planned
R003885,GMD_1p2192m,1.2192,B6_FV30,FallaElevador1_PuntaEvans,B6,5,base,aux/bloque_036.aux,planned
R003886,GMD_1p2192m,1.2192,B6_FV30,FallaElevador2_PuntaEvans,B6,5,base,aux/bloque_036.aux,planned
R003887,GMD_1p2192m,1.2192,B6_FV30,FallaElevador3_PuntaEvans,B6,5,base,aux/bloque_036.aux,planned
R003888,GMD_1p2192m,1.2192,B6_FV30,FallaTrafo1_ElBight,B6,5,base,aux/bloque_036.aux,planned
R003889,GMD_1p2192m,1.2192,B6_FV30,FallaTrafo2_ElBight,B6,5,base,aux/bloque_036.aux,planned
R003890,GMD_1p2192m,1.2192,B6_FV30,FallaTrafo1_SchoolHouse,B6,5,base,aux/bloque_036.aux,planned
R003891,GMD_1p2192m,1.2192,B6_FV50,FallaLinea1_PuntaEvans_ElBight,B6,5,base,aux/bloque_036.aux,planned
R003892,GMD_1p2192m,1.2192,B6_FV50,FallaLinea2_PuntaEvans_ElBight,B6,5,base,aux/bloque_036.aux,planned
R003893,GMD_1p2192m,1.2192,B6_FV50,FallaLinea1_PuntaEvans_SchoolHouse,B6,5,base,aux/bloque_036.aux,planned
R003894,GMD_1p2192m,1.2192,B6_FV50,FallaLinea1_ElBight_SchoolHouse,B6,5,base,aux/bloque_036.aux,planned
R003895,GMD_1p2192m,1.2192,B6_FV50,FallaElevador1_PuntaEvans,B6,5,base,aux/bloque_036.aux,planned
R003896,GMD_1p2192m,1.2192,B6_FV50,FallaElevador2_PuntaEvans,B6,5,base,aux/bloque_036.aux,planned
R003897,GMD_1p2192m,1.2192,B6_FV50,FallaElevador3_PuntaEvans,B6,5,base,aux/bloque_036.aux,planned
R003898,GMD_1p2192m,1.2192,B6_FV50,FallaTrafo1_ElBight,B6,5,base,aux/bloque_036.aux,planned
R003899,GMD_1p2192m,1.2192,B6_FV50,FallaTrafo2_ElBight,B6,5,base,aux/bloque_036.aux,planned
R003900,GMD_1p2192m,1.2192,B6_FV50,FallaTrafo1_SchoolHouse,B6,5,base,aux/bloque_036.aux,planned
R003901,GMD_1p2192m,1.2192,BASE,FallaLinea1_PuntaEvans_ElBight,B6,6,base,aux/bloque_036.aux,planned
R003902,GMD_1p2192m,1.2192,BASE,FallaLinea2_PuntaEvans_ElBight,B6,6,base,aux/bloque_036.aux,planned
R003903,GMD_1p2192m,1.2192,BASE,FallaLinea1_PuntaEvans_SchoolHouse,B6,6,base,aux/bloque_036.aux,planned
R003904,GMD_1p2192m,1.2192,BASE,FallaLinea1_ElBight_SchoolHouse,B6,6,base,aux/bloque_036.aux,planned
R003905,GMD_1p2192m,1.2192,BASE,FallaElevador1_PuntaEvans,B6,6,base,aux/bloque_036.aux,planned
R003906,GMD_1p2192m,1.2192,BASE,FallaElevador2_PuntaEvans,B6,6,base,aux/bloque_036.aux,planned
R003907,GMD_1p2192m,1.2192,BASE,FallaElevador3_PuntaEvans,B6,6,base,aux/bloque_036.aux,planned
R003908,GMD_1p2192m,1.2192,BASE,FallaTrafo1_ElBight,B6,6,base,aux/bloque_036.aux,planned
R003909,GMD_1p2192m,1.2192,BASE,FallaTrafo2_ElBight,B6,6,base,aux/bloque_036.aux,planned
R003910,GMD_1p2192m,1.2192,BASE,FallaTrafo1_SchoolHouse,B6,6,base,aux/bloque_036.aux,planned
R003911,GMD_1p2192m,1.2192,B1_FV15,FallaLinea1_PuntaEvans_ElBight,B6,6,base,aux/bloque_036.aux,planned
R003912,GMD_1p2192m,1.2192,B1_FV15,FallaLinea2_PuntaEvans_ElBight,B6,6,base,aux/bloque_036.aux,planned
R003913,GMD_1p2192m,1.2192,B1_FV15,FallaLinea1_PuntaEvans_SchoolHouse,B6,6,base,aux/bloque_036.aux,planned
R003914,GMD_1p2192m,1.2192,B1_FV15,FallaLinea1_ElBight_SchoolHouse,B6,6,base,aux/bloque_036.aux,planned
R003915,GMD_1p2192m,1.2192,B1_FV15,FallaElevador1_PuntaEvans,B6,6,base,aux/bloque_036.aux,planned
R003916,GMD_1p2192m,1.2192,B1_FV15,FallaElevador2_PuntaEvans,B6,6,base,aux/bloque_036.aux,planned
R003917,GMD_1p2192m,1.2192,B1_FV15,FallaElevador3_PuntaEvans,B6,6,base,aux/bloque_036.aux,planned
R003918,GMD_1p2192m,1.2192,B1_FV15,FallaTrafo1_ElBight,B6,6,base,aux/bloque_036.aux,planned
R003919,GMD_1p2192m,1.2192,B1_FV15,FallaTrafo2_ElBight,B6,6,base,aux/bloque_036.aux,planned
R003920,GMD_1p2192m,1.2192,B1_FV15,FallaTrafo1_SchoolHouse,B6,6,base,aux/bloque_036.aux,planned
R003921,GMD_1p2192m,1.2192,B1_FV30,FallaLinea1_PuntaEvans_ElBight,B6,6,base,aux/bloque_036.aux,planned
R003922,GMD_1p2192m,1.2192,B1_FV30,FallaLinea2_PuntaEvans_ElBight,B6,6,base,aux/bloque_036.aux,planned
R003923,GMD_1p2192m,1.2192,B1_FV30,FallaLinea1_PuntaEvans_SchoolHouse,B6,6,base,aux/bloque_036.aux,planned
R003924,GMD_1p2192m,1.2192,B1_FV30,FallaLinea1_ElBight_SchoolHouse,B6,6,base,aux/bloque_036.aux,planned
R003925,GMD_1p2192m,1.2192,B1_FV30,FallaElevador1_PuntaEvans,B6,6,base,aux/bloque_036.aux,planned
R003926,GMD_1p2192m,1.2192,B1_FV30,FallaElevador2_PuntaEvans,B6,6,base,aux/bloque_036.aux,planned
R003927,GMD_1p2192m,1.2192,B1_FV30,FallaElevador3_PuntaEvans,B6,6,base,aux/bloque_036.aux,planned
R003928,GMD_1p2192m,1.2192,B1_FV30,FallaTrafo1_ElBight,B6,6,base,aux/bloque_036.aux,planned
R003929,GMD_1p2192m,1.2192,B1_FV30,FallaTrafo2_ElBight,B6,6,base,aux/bloque_036.aux,planned
R003930,GMD_1p2192m,1.2192,B1_FV30,FallaTrafo1_SchoolHouse,B6,6,base,aux/bloque_036.aux,planned
R003931,GMD_1p2192m,1.2192,B1_FV50,FallaLinea1_PuntaEvans_ElBight,B6,6,base,aux/bloque_036.aux,planned
R003932,GMD_1p2192m,1.2192,B1_FV50,FallaLinea2_PuntaEvans_ElBight,B6,6,base,aux/bloque_036.aux,planned
R003933,GMD_1p2192m,1.2192,B1_FV50,FallaLinea1_PuntaEvans_SchoolHouse,B6,6,base,aux/bloque_036.aux,planned
R003934,GMD_1p2192m,1.2192,B1_FV50,FallaLinea1_ElBight_SchoolHouse,B6,6,base,aux/bloque_036.aux,planned
R003935,GMD_1p2192m,1.2192,B1_FV50,FallaElevador1_PuntaEvans,B6,6,base,aux/bloque_036.aux,planned
R003936,GMD_1p2192m,1.2192,B1_FV50,FallaElevador2_PuntaEvans,B6,6,base,aux/bloque_036.aux,planned
R003937,GMD_1p2192m,1.2192,B1_FV50,FallaElevador3_PuntaEvans,B6,6,base,aux/bloque_036.aux,planned
R003938,GMD_1p2192m,1.2192,B1_FV50,FallaTrafo1_ElBight,B6,6,base,aux/bloque_036.aux,planned
R003939,GMD_1p2192m,1.2192,B1_FV50,FallaTrafo2_ElBight,B6,6,base,aux/bloque_036.aux,planned
R003940,GMD_1p2192m,1.2192,B1_FV50,FallaTrafo1_SchoolHouse,B6,6,base,aux/bloque_036.aux,planned
R003941,GMD_1p2192m,1.2192,B5_FV15,FallaLinea1_PuntaEvans_ElBight,B6,6,base,aux/bloque_036.aux,planned
R003942,GMD_1p2192m,1.2192,B5_FV15,FallaLinea2_PuntaEvans_ElBight,B6,6,base,aux/bloque_036.aux,planned
R003943,GMD_1p2192m,1.2192,B5_FV15,FallaLinea1_PuntaEvans_SchoolHouse,B6,6,base,aux/bloque_036.aux,planned
R003944,GMD_1p2192m,1.2192,B5_FV15,FallaLinea1_ElBight_SchoolHouse,B6,6,base,aux/bloque_036.aux,planned
R003945,GMD_1p2192m,1.2192,B5_FV15,FallaElevador1_PuntaEvans,B6,6,base,aux/bloque_036.aux,planned
R003946,GMD_1p2192m,1.2192,B5_FV15,FallaElevador2_PuntaEvans,B6,6,base,aux/bloque_036.aux,planned
R003947,GMD_1p2192m,1.2192,B5_FV15,FallaElevador3_PuntaEvans,B6,6,base,aux/bloque_036.aux,planned
R003948,GMD_1p2192m,1.2192,B5_FV15,FallaTrafo1_ElBight,B6,6,base,aux/bloque_036.aux,planned
R003949,GMD_1p2192m,1.2192,B5_FV15,FallaTrafo2_ElBight,B6,6,base,aux/bloque_036.aux,planned
R003950,GMD_1p2192m,1.2192,B5_FV15,FallaTrafo1_SchoolHouse,B6,6,base,aux/bloque_036.aux,planned
R003951,GMD_1p2192m,1.2192,B5_FV30,FallaLinea1_PuntaEvans_ElBight,B6,6,base,aux/bloque_036.aux,planned
R003952,GMD_1p2192m,1.2192,B5_FV30,FallaLinea2_PuntaEvans_ElBight,B6,6,base,aux/bloque_036.aux,planned
R003953,GMD_1p2192m,1.2192,B5_FV30,FallaLinea1_PuntaEvans_SchoolHouse,B6,6,base,aux/bloque_036.aux,planned
R003954,GMD_1p2192m,1.2192,B5_FV30,FallaLinea1_ElBight_SchoolHouse,B6,6,base,aux/bloque_036.aux,planned
R003955,GMD_1p2192m,1.2192,B5_FV30,FallaElevador1_PuntaEvans,B6,6,base,aux/bloque_036.aux,planned
R003956,GMD_1p2192m,1.2192,B5_FV30,FallaElevador2_PuntaEvans,B6,6,base,aux/bloque_036.aux,planned
R003957,GMD_1p2192m,1.2192,B5_FV30,FallaElevador3_PuntaEvans,B6,6,base,aux/bloque_036.aux,planned
R003958,GMD_1p2192m,1.2192,B5_FV30,FallaTrafo1_ElBight,B6,6,base,aux/bloque_036.aux,planned
R003959,GMD_1p2192m,1.2192,B5_FV30,FallaTrafo2_ElBight,B6,6,base,aux/bloque_036.aux,planned
R003960,GMD_1p2192m,1.2192,B5_FV30,FallaTrafo1_SchoolHouse,B6,6,base,aux/bloque_036.aux,planned
R003961,GMD_1p2192m,1.2192,B5_FV50,FallaLinea1_PuntaEvans_ElBight,B6,6,base,aux/bloque_037.aux,planned
R003962,GMD_1p2192m,1.2192,B5_FV50,FallaLinea2_PuntaEvans_ElBight,B6,6,base,aux/bloque_037.aux,planned
R003963,GMD_1p2192m,1.2192,B5_FV50,FallaLinea1_PuntaEvans_SchoolHouse,B6,6,base,aux/bloque_037.aux,planned
R003964,GMD_1p2192m,1.2192,B5_FV50,FallaLinea1_ElBight_SchoolHouse,B6,6,base,aux/bloque_037.aux,planned
R003965,GMD_1p2192m,1.2192,B5_FV50,FallaElevador1_PuntaEvans,B6,6,base,aux/bloque_037.aux,planned
R003966,GMD_1p2192m,1.2192,B5_FV50,FallaElevador2_PuntaEvans,B6,6,base,aux/bloque_037.aux,planned
R003967,GMD_1p2192m,1.2192,B5_FV50,FallaElevador3_PuntaEvans,B6,6,base,aux/bloque_037.aux,planned
R003968,GMD_1p2192m,1.2192,B5_FV50,FallaTrafo1_ElBight,B6,6,base,aux/bloque_037.aux,planned
R003969,GMD_1p2192m,1.2192,B5_FV50,FallaTrafo2_ElBight,B6,6,base,aux/bloque_037.aux,planned
R003970,GMD_1p2192m,1.2192,B5_FV50,FallaTrafo1_SchoolHouse,B6,6,base,aux/bloque_037.aux,planned
R003971,GMD_1p2192m,1.2192,B6_FV15,FallaLinea1_PuntaEvans_ElBight,B6,6,base,aux/bloque_037.aux,planned
R003972,GMD_1p2192m,1.2192,B6_FV15,FallaLinea2_PuntaEvans_ElBight,B6,6,base,aux/bloque_037.aux,planned
R003973,GMD_1p2192m,1.2192,B6_FV15,FallaLinea1_PuntaEvans_SchoolHouse,B6,6,base,aux/bloque_037.aux,planned
R003974,GMD_1p2192m,1.2192,B6_FV15,FallaLinea1_ElBight_SchoolHouse,B6,6,base,aux/bloque_037.aux,planned
R003975,GMD_1p2192m,1.2192,B6_FV15,FallaElevador1_PuntaEvans,B6,6,base,aux/bloque_037.aux,planned
R003976,GMD_1p2192m,1.2192,B6_FV15,FallaElevador2_PuntaEvans,B6,6,base,aux/bloque_037.aux,planned
R003977,GMD_1p2192m,1.2192,B6_FV15,FallaElevador3_PuntaEvans,B6,6,base,aux/bloque_037.aux,planned
R003978,GMD_1p2192m,1.2192,B6_FV15,FallaTrafo1_ElBight,B6,6,base,aux/bloque_037.aux,planned
R003979,GMD_1p2192m,1.2192,B6_FV15,FallaTrafo2_ElBight,B6,6,base,aux/bloque_037.aux,planned
R003980,GMD_1p2192m,1.2192,B6_FV15,FallaTrafo1_SchoolHouse,B6,6,base,aux/bloque_037.aux,planned
R003981,GMD_1p2192m,1.2192,B6_FV30,FallaLinea1_PuntaEvans_ElBight,B6,6,base,aux/bloque_037.aux,planned
R003982,GMD_1p2192m,1.2192,B6_FV30,FallaLinea2_PuntaEvans_ElBight,B6,6,base,aux/bloque_037.aux,planned
R003983,GMD_1p2192m,1.2192,B6_FV30,FallaLinea1_PuntaEvans_SchoolHouse,B6,6,base,aux/bloque_037.aux,planned
R003984,GMD_1p2192m,1.2192,B6_FV30,FallaLinea1_ElBight_SchoolHouse,B6,6,base,aux/bloque_037.aux,planned
R003985,GMD_1p2192m,1.2192,B6_FV30,FallaElevador1_PuntaEvans,B6,6,base,aux/bloque_037.aux,planned
R003986,GMD_1p2192m,1.2192,B6_FV30,FallaElevador2_PuntaEvans,B6,6,base,aux/bloque_037.aux,planned
R003987,GMD_1p2192m,1.2192,B6_FV30,FallaElevador3_PuntaEvans,B6,6,base,aux/bloque_037.aux,planned
R003988,GMD_1p2192m,1.2192,B6_FV30,FallaTrafo1_ElBight,B6,6,base,aux/bloque_037.aux,planned
R003989,GMD_1p2192m,1.2192,B6_FV30,FallaTrafo2_ElBight,B6,6,base,aux/bloque_037.aux,planned
R003990,GMD_1p2192m,1.2192,B6_FV30,FallaTrafo1_SchoolHouse,B6,6,base,aux/bloque_037.aux,planned
R003991,GMD_1p2192m,1.2192,B6_FV50,FallaLinea1_PuntaEvans_ElBight,B6,6,base,aux/bloque_037.aux,planned
R003992,GMD_1p2192m,1.2192,B6_FV50,FallaLinea2_PuntaEvans_ElBight,B6,6,base,aux/bloque_037.aux,planned
R003993,GMD_1p2192m,1.2192,B6_FV50,FallaLinea1_PuntaEvans_SchoolHouse,B6,6,base,aux/bloque_037.aux,planned
R003994,GMD_1p2192m,1.2192,B6_FV50,FallaLinea1_ElBight_SchoolHouse,B6,6,base,aux/bloque_037.aux,planned
R003995,GMD_1p2192m,1.2192,B6_FV50,FallaElevador1_PuntaEvans,B6,6,base,aux/bloque_037.aux,planned
R003996,GMD_1p2192m,1.2192,B6_FV50,FallaElevador2_PuntaEvans,B6,6,base,aux/bloque_037.aux,planned
R003997,GMD_1p2192m,1.2192,B6_FV50,FallaElevador3_PuntaEvans,B6,6,base,aux/bloque_037.aux,planned
R003998,GMD_1p2192m,1.2192,B6_FV50,FallaTrafo1_ElBight,B6,6,base,aux/bloque_037.aux,planned
R003999,GMD_1p2192m,1.2192,B6_FV50,FallaTrafo2_ElBight,B6,6,base,aux/bloque_037.aux,planned
R004000,GMD_1p2192m,1.2192,B6_FV50,FallaTrafo1_SchoolHouse,B6,6,base,aux/bloque_037.aux,planned
R004001,GMD_1p2192m,1.2192,BASE,FallaLinea1_PuntaEvans_ElBight,B6,7,base,aux/bloque_037.aux,planned
R004002,GMD_1p2192m,1.2192,BASE,FallaLinea2_PuntaEvans_ElBight,B6,7,base,aux/bloque_037.aux,planned
R004003,GMD_1p2192m,1.2192,BASE,FallaLinea1_PuntaEvans_SchoolHouse,B6,7,base,aux/bloque_037.aux,planned
R004004,GMD_1p2192m,1.2192,BASE,FallaLinea1_ElBight_SchoolHouse,B6,7,base,aux/bloque_037.aux,planned
R004005,GMD_1p2192m,1.2192,BASE,FallaElevador1_PuntaEvans,B6,7,base,aux/bloque_037.aux,planned
R004006,GMD_1p2192m,1.2192,BASE,FallaElevador2_PuntaEvans,B6,7,base,aux/bloque_037.aux,planned
R004007,GMD_1p2192m,1.2192,BASE,FallaElevador3_PuntaEvans,B6,7,base,aux/bloque_037.aux,planned
R004008,GMD_1p2192m,1.2192,BASE,FallaTrafo1_ElBight,B6,7,base,aux/bloque_037.aux,planned
R004009,GMD_1p2192m,1.2192,BASE,FallaTrafo2_ElBight,B6,7,base,aux/bloque_037.aux,planned
R004010,GMD_1p2192m,1.2192,BASE,FallaTrafo1_SchoolHouse,B6,7,base,aux/bloque_037.aux,planned
R004011,GMD_1p2192m,1.2192,B1_FV15,FallaLinea1_PuntaEvans_ElBight,B6,7,base,aux/bloque_037.aux,planned
R004012,GMD_1p2192m,1.2192,B1_FV15,FallaLinea2_PuntaEvans_ElBight,B6,7,base,aux/bloque_037.aux,planned
R004013,GMD_1p2192m,1.2192,B1_FV15,FallaLinea1_PuntaEvans_SchoolHouse,B6,7,base,aux/bloque_037.aux,planned
R004014,GMD_1p2192m,1.2192,B1_FV15,FallaLinea1_ElBight_SchoolHouse,B6,7,base,aux/bloque_037.aux,planned
R004015,GMD_1p2192m,1.2192,B1_FV15,FallaElevador1_PuntaEvans,B6,7,base,aux/bloque_037.aux,planned
R004016,GMD_1p2192m,1.2192,B1_FV15,FallaElevador2_PuntaEvans,B6,7,base,aux/bloque_037.aux,planned
R004017,GMD_1p2192m,1.2192,B1_FV15,FallaElevador3_PuntaEvans,B6,7,base,aux/bloque_037.aux,planned
R004018,GMD_1p2192m,1.2192,B1_FV15,FallaTrafo1_ElBight,B6,7,base,aux/bloque_037.aux,planned
R004019,GMD_1p2192m,1.2192,B1_FV15,FallaTrafo2_ElBight,B6,7,base,aux/bloque_037.aux,planned
R004020,GMD_1p2192m,1.2192,B1_FV15,FallaTrafo1_SchoolHouse,B6,7,base,aux/bloque_037.aux,planned
R004021,GMD_1p2192m,1.2192,B1_FV30,FallaLinea1_PuntaEvans_ElBight,B6,7,base,aux/bloque_037.aux,planned
R004022,GMD_1p2192m,1.2192,B1_FV30,FallaLinea2_PuntaEvans_ElBight,B6,7,base,aux/bloque_037.aux,planned
R004023,GMD_1p2192m,1.2192,B1_FV30,FallaLinea1_PuntaEvans_SchoolHouse,B6,7,base,aux/bloque_037.aux,planned
R004024,GMD_1p2192m,1.2192,B1_FV30,FallaLinea1_ElBight_SchoolHouse,B6,7,base,aux/bloque_037.aux,planned
R004025,GMD_1p2192m,1.2192,B1_FV30,FallaElevador1_PuntaEvans,B6,7,base,aux/bloque_037.aux,planned
R004026,GMD_1p2192m,1.2192,B1_FV30,FallaElevador2_PuntaEvans,B6,7,base,aux/bloque_037.aux,planned
R004027,GMD_1p2192m,1.2192,B1_FV30,FallaElevador3_PuntaEvans,B6,7,base,aux/bloque_037.aux,planned
R004028,GMD_1p2192m,1.2192,B1_FV30,FallaTrafo1_ElBight,B6,7,base,aux/bloque_037.aux,planned
R004029,GMD_1p2192m,1.2192,B1_FV30,FallaTrafo2_ElBight,B6,7,base,aux/bloque_037.aux,planned
R004030,GMD_1p2192m,1.2192,B1_FV30,FallaTrafo1_SchoolHouse,B6,7,base,aux/bloque_037.aux,planned
R004031,GMD_1p2192m,1.2192,B1_FV50,FallaLinea1_PuntaEvans_ElBight,B6,7,base,aux/bloque_037.aux,planned
R004032,GMD_1p2192m,1.2192,B1_FV50,FallaLinea2_PuntaEvans_ElBight,B6,7,base,aux/bloque_037.aux,planned
R004033,GMD_1p2192m,1.2192,B1_FV50,FallaLinea1_PuntaEvans_SchoolHouse,B6,7,base,aux/bloque_037.aux,planned
R004034,GMD_1p2192m,1.2192,B1_FV50,FallaLinea1_ElBight_SchoolHouse,B6,7,base,aux/bloque_037.aux,planned
R004035,GMD_1p2192m,1.2192,B1_FV50,FallaElevador1_PuntaEvans,B6,7,base,aux/bloque_037.aux,planned
R004036,GMD_1p2192m,1.2192,B1_FV50,FallaElevador2_PuntaEvans,B6,7,base,aux/bloque_037.aux,planned
R004037,GMD_1p2192m,1.2192,B1_FV50,FallaElevador3_PuntaEvans,B6,7,base,aux/bloque_037.aux,planned
R004038,GMD_1p2192m,1.2192,B1_FV50,FallaTrafo1_ElBight,B6,7,base,aux/bloque_037.aux,planned
R004039,GMD_1p2192m,1.2192,B1_FV50,FallaTrafo2_ElBight,B6,7,base,aux/bloque_037.aux,planned
R004040,GMD_1p2192m,1.2192,B1_FV50,FallaTrafo1_SchoolHouse,B6,7,base,aux/bloque_037.aux,planned
R004041,GMD_1p2192m,1.2192,B5_FV15,FallaLinea1_PuntaEvans_ElBight,B6,7,base,aux/bloque_037.aux,planned
R004042,GMD_1p2192m,1.2192,B5_FV15,FallaLinea2_PuntaEvans_ElBight,B6,7,base,aux/bloque_037.aux,planned
R004043,GMD_1p2192m,1.2192,B5_FV15,FallaLinea1_PuntaEvans_SchoolHouse,B6,7,base,aux/bloque_037.aux,planned
R004044,GMD_1p2192m,1.2192,B5_FV15,FallaLinea1_ElBight_SchoolHouse,B6,7,base,aux/bloque_037.aux,planned
R004045,GMD_1p2192m,1.2192,B5_FV15,FallaElevador1_PuntaEvans,B6,7,base,aux/bloque_037.aux,planned
R004046,GMD_1p2192m,1.2192,B5_FV15,FallaElevador2_PuntaEvans,B6,7,base,aux/bloque_037.aux,planned
R004047,GMD_1p2192m,1.2192,B5_FV15,FallaElevador3_PuntaEvans,B6,7,base,aux/bloque_037.aux,planned
R004048,GMD_1p2192m,1.2192,B5_FV15,FallaTrafo1_ElBight,B6,7,base,aux/bloque_037.aux,planned
R004049,GMD_1p2192m,1.2192,B5_FV15,FallaTrafo2_ElBight,B6,7,base,aux/bloque_037.aux,planned
R004050,GMD_1p2192m,1.2192,B5_FV15,FallaTrafo1_SchoolHouse,B6,7,base,aux/bloque_037.aux,planned
R004051,GMD_1p2192m,1.2192,B5_FV30,FallaLinea1_PuntaEvans_ElBight,B6,7,base,aux/bloque_037.aux,planned
R004052,GMD_1p2192m,1.2192,B5_FV30,FallaLinea2_PuntaEvans_ElBight,B6,7,base,aux/bloque_037.aux,planned
R004053,GMD_1p2192m,1.2192,B5_FV30,FallaLinea1_PuntaEvans_SchoolHouse,B6,7,base,aux/bloque_037.aux,planned
R004054,GMD_1p2192m,1.2192,B5_FV30,FallaLinea1_ElBight_SchoolHouse,B6,7,base,aux/bloque_037.aux,planned
R004055,GMD_1p2192m,1.2192,B5_FV30,FallaElevador1_PuntaEvans,B6,7,base,aux/bloque_037.aux,planned
R004056,GMD_1p2192m,1.2192,B5_FV30,FallaElevador2_PuntaEvans,B6,7,base,aux/bloque_037.aux,planned
R004057,GMD_1p2192m,1.2192,B5_FV30,FallaElevador3_PuntaEvans,B6,7,base,aux/bloque_037.aux,planned
R004058,GMD_1p2192m,1.2192,B5_FV30,FallaTrafo1_ElBight,B6,7,base,aux/bloque_037.aux,planned
R004059,GMD_1p2192m,1.2192,B5_FV30,FallaTrafo2_ElBight,B6,7,base,aux/bloque_037.aux,planned
R004060,GMD_1p2192m,1.2192,B5_FV30,FallaTrafo1_SchoolHouse,B6,7,base,aux/bloque_037.aux,planned
R004061,GMD_1p2192m,1.2192,B5_FV50,FallaLinea1_PuntaEvans_ElBight,B6,7,base,aux/bloque_037.aux,planned
R004062,GMD_1p2192m,1.2192,B5_FV50,FallaLinea2_PuntaEvans_ElBight,B6,7,base,aux/bloque_037.aux,planned
R004063,GMD_1p2192m,1.2192,B5_FV50,FallaLinea1_PuntaEvans_SchoolHouse,B6,7,base,aux/bloque_037.aux,planned
R004064,GMD_1p2192m,1.2192,B5_FV50,FallaLinea1_ElBight_SchoolHouse,B6,7,base,aux/bloque_037.aux,planned
R004065,GMD_1p2192m,1.2192,B5_FV50,FallaElevador1_PuntaEvans,B6,7,base,aux/bloque_037.aux,planned
R004066,GMD_1p2192m,1.2192,B5_FV50,FallaElevador2_PuntaEvans,B6,7,base,aux/bloque_037.aux,planned
R004067,GMD_1p2192m,1.2192,B5_FV50,FallaElevador3_PuntaEvans,B6,7,base,aux/bloque_037.aux,planned
R004068,GMD_1p2192m,1.2192,B5_FV50,FallaTrafo1_ElBight,B6,7,base,aux/bloque_037.aux,planned
R004069,GMD_1p2192m,1.2192,B5_FV50,FallaTrafo2_ElBight,B6,7,base,aux/bloque_037.aux,planned
R004070,GMD_1p2192m,1.2192,B5_FV50,FallaTrafo1_SchoolHouse,B6,7,base,aux/bloque_037.aux,planned
R004071,GMD_1p2192m,1.2192,B6_FV15,FallaLinea1_PuntaEvans_ElBight,B6,7,base,aux/bloque_038.aux,planned
R004072,GMD_1p2192m,1.2192,B6_FV15,FallaLinea2_PuntaEvans_ElBight,B6,7,base,aux/bloque_038.aux,planned
R004073,GMD_1p2192m,1.2192,B6_FV15,FallaLinea1_PuntaEvans_SchoolHouse,B6,7,base,aux/bloque_038.aux,planned
R004074,GMD_1p2192m,1.2192,B6_FV15,FallaLinea1_ElBight_SchoolHouse,B6,7,base,aux/bloque_038.aux,planned
R004075,GMD_1p2192m,1.2192,B6_FV15,FallaElevador1_PuntaEvans,B6,7,base,aux/bloque_038.aux,planned
R004076,GMD_1p2192m,1.2192,B6_FV15,FallaElevador2_PuntaEvans,B6,7,base,aux/bloque_038.aux,planned
R004077,GMD_1p2192m,1.2192,B6_FV15,FallaElevador3_PuntaEvans,B6,7,base,aux/bloque_038.aux,planned
R004078,GMD_1p2192m,1.2192,B6_FV15,FallaTrafo1_ElBight,B6,7,base,aux/bloque_038.aux,planned
R004079,GMD_1p2192m,1.2192,B6_FV15,FallaTrafo2_ElBight,B6,7,base,aux/bloque_038.aux,planned
R004080,GMD_1p2192m,1.2192,B6_FV15,FallaTrafo1_SchoolHouse,B6,7,base,aux/bloque_038.aux,planned
R004081,GMD_1p2192m,1.2192,B6_FV30,FallaLinea1_PuntaEvans_ElBight,B6,7,base,aux/bloque_038.aux,planned
R004082,GMD_1p2192m,1.2192,B6_FV30,FallaLinea2_PuntaEvans_ElBight,B6,7,base,aux/bloque_038.aux,planned
R004083,GMD_1p2192m,1.2192,B6_FV30,FallaLinea1_PuntaEvans_SchoolHouse,B6,7,base,aux/bloque_038.aux,planned
R004084,GMD_1p2192m,1.2192,B6_FV30,FallaLinea1_ElBight_SchoolHouse,B6,7,base,aux/bloque_038.aux,planned
R004085,GMD_1p2192m,1.2192,B6_FV30,FallaElevador1_PuntaEvans,B6,7,base,aux/bloque_038.aux,planned
R004086,GMD_1p2192m,1.2192,B6_FV30,FallaElevador2_PuntaEvans,B6,7,base,aux/bloque_038.aux,planned
R004087,GMD_1p2192m,1.2192,B6_FV30,FallaElevador3_PuntaEvans,B6,7,base,aux/bloque_038.aux,planned
R004088,GMD_1p2192m,1.2192,B6_FV30,FallaTrafo1_ElBight,B6,7,base,aux/bloque_038.aux,planned
R004089,GMD_1p2192m,1.2192,B6_FV30,FallaTrafo2_ElBight,B6,7,base,aux/bloque_038.aux,planned
R004090,GMD_1p2192m,1.2192,B6_FV30,FallaTrafo1_SchoolHouse,B6,7,base,aux/bloque_038.aux,planned
R004091,GMD_1p2192m,1.2192,B6_FV50,FallaLinea1_PuntaEvans_ElBight,B6,7,base,aux/bloque_038.aux,planned
R004092,GMD_1p2192m,1.2192,B6_FV50,FallaLinea2_PuntaEvans_ElBight,B6,7,base,aux/bloque_038.aux,planned
R004093,GMD_1p2192m,1.2192,B6_FV50,FallaLinea1_PuntaEvans_SchoolHouse,B6,7,base,aux/bloque_038.aux,planned
R004094,GMD_1p2192m,1.2192,B6_FV50,FallaLinea1_ElBight_SchoolHouse,B6,7,base,aux/bloque_038.aux,planned
R004095,GMD_1p2192m,1.2192,B6_FV50,FallaElevador1_PuntaEvans,B6,7,base,aux/bloque_038.aux,planned
R004096,GMD_1p2192m,1.2192,B6_FV50,FallaElevador2_PuntaEvans,B6,7,base,aux/bloque_038.aux,planned
R004097,GMD_1p2192m,1.2192,B6_FV50,FallaElevador3_PuntaEvans,B6,7,base,aux/bloque_038.aux,planned
R004098,GMD_1p2192m,1.2192,B6_FV50,FallaTrafo1_ElBight,B6,7,base,aux/bloque_038.aux,planned
R004099,GMD_1p2192m,1.2192,B6_FV50,FallaTrafo2_ElBight,B6,7,base,aux/bloque_038.aux,planned
R004100,GMD_1p2192m,1.2192,B6_FV50,FallaTrafo1_SchoolHouse,B6,7,base,aux/bloque_038.aux,planned
R004101,GMD_1p2192m,1.2192,BASE,FallaLinea1_PuntaEvans_ElBight,B6,8,base,aux/bloque_038.aux,planned
R004102,GMD_1p2192m,1.2192,BASE,FallaLinea2_PuntaEvans_ElBight,B6,8,base,aux/bloque_038.aux,planned
R004103,GMD_1p2192m,1.2192,BASE,FallaLinea1_PuntaEvans_SchoolHouse,B6,8,base,aux/bloque_038.aux,planned
R004104,GMD_1p2192m,1.2192,BASE,FallaLinea1_ElBight_SchoolHouse,B6,8,base,aux/bloque_038.aux,planned
R004105,GMD_1p2192m,1.2192,BASE,FallaElevador1_PuntaEvans,B6,8,base,aux/bloque_038.aux,planned
R004106,GMD_1p2192m,1.2192,BASE,FallaElevador2_PuntaEvans,B6,8,base,aux/bloque_038.aux,planned
R004107,GMD_1p2192m,1.2192,BASE,FallaElevador3_PuntaEvans,B6,8,base,aux/bloque_038.aux,planned
R004108,GMD_1p2192m,1.2192,BASE,FallaTrafo1_ElBight,B6,8,base,aux/bloque_038.aux,planned
R004109,GMD_1p2192m,1.2192,BASE,FallaTrafo2_ElBight,B6,8,base,aux/bloque_038.aux,planned
R004110,GMD_1p2192m,1.2192,BASE,FallaTrafo1_SchoolHouse,B6,8,base,aux/bloque_038.aux,planned
R004111,GMD_1p2192m,1.2192,B1_FV15,FallaLinea1_PuntaEvans_ElBight,B6,8,base,aux/bloque_038.aux,planned
R004112,GMD_1p2192m,1.2192,B1_FV15,FallaLinea2_PuntaEvans_ElBight,B6,8,base,aux/bloque_038.aux,planned
R004113,GMD_1p2192m,1.2192,B1_FV15,FallaLinea1_PuntaEvans_SchoolHouse,B6,8,base,aux/bloque_038.aux,planned
R004114,GMD_1p2192m,1.2192,B1_FV15,FallaLinea1_ElBight_SchoolHouse,B6,8,base,aux/bloque_038.aux,planned
R004115,GMD_1p2192m,1.2192,B1_FV15,FallaElevador1_PuntaEvans,B6,8,base,aux/bloque_038.aux,planned
R004116,GMD_1p2192m,1.2192,B1_FV15,FallaElevador2_PuntaEvans,B6,8,base,aux/bloque_038.aux,planned
R004117,GMD_1p2192m,1.2192,B1_FV15,FallaElevador3_PuntaEvans,B6,8,base,aux/bloque_038.aux,planned
R004118,GMD_1p2192m,1.2192,B1_FV15,FallaTrafo1_ElBight,B6,8,base,aux/bloque_038.aux,planned
R004119,GMD_1p2192m,1.2192,B1_FV15,FallaTrafo2_ElBight,B6,8,base,aux/bloque_038.aux,planned
R004120,GMD_1p2192m,1.2192,B1_FV15,FallaTrafo1_SchoolHouse,B6,8,base,aux/bloque_038.aux,planned
R004121,GMD_1p2192m,1.2192,B1_FV30,FallaLinea1_PuntaEvans_ElBight,B6,8,base,aux/bloque_038.aux,planned
R004122,GMD_1p2192m,1.2192,B1_FV30,FallaLinea2_PuntaEvans_ElBight,B6,8,base,aux/bloque_038.aux,planned
R004123,GMD_1p2192m,1.2192,B1_FV30,FallaLinea1_PuntaEvans_SchoolHouse,B6,8,base,aux/bloque_038.aux,planned
R004124,GMD_1p2192m,1.2192,B1_FV30,FallaLinea1_ElBight_SchoolHouse,B6,8,base,aux/bloque_038.aux,planned
R004125,GMD_1p2192m,1.2192,B1_FV30,FallaElevador1_PuntaEvans,B6,8,base,aux/bloque_038.aux,planned
R004126,GMD_1p2192m,1.2192,B1_FV30,FallaElevador2_PuntaEvans,B6,8,base,aux/bloque_038.aux,planned
R004127,GMD_1p2192m,1.2192,B1_FV30,FallaElevador3_PuntaEvans,B6,8,base,aux/bloque_038.aux,planned
R004128,GMD_1p2192m,1.2192,B1_FV30,FallaTrafo1_ElBight,B6,8,base,aux/bloque_038.aux,planned
R004129,GMD_1p2192m,1.2192,B1_FV30,FallaTrafo2_ElBight,B6,8,base,aux/bloque_038.aux,planned
R004130,GMD_1p2192m,1.2192,B1_FV30,FallaTrafo1_SchoolHouse,B6,8,base,aux/bloque_038.aux,planned
R004131,GMD_1p2192m,1.2192,B1_FV50,FallaLinea1_PuntaEvans_ElBight,B6,8,base,aux/bloque_038.aux,planned
R004132,GMD_1p2192m,1.2192,B1_FV50,FallaLinea2_PuntaEvans_ElBight,B6,8,base,aux/bloque_038.aux,planned
R004133,GMD_1p2192m,1.2192,B1_FV50,FallaLinea1_PuntaEvans_SchoolHouse,B6,8,base,aux/bloque_038.aux,planned
R004134,GMD_1p2192m,1.2192,B1_FV50,FallaLinea1_ElBight_SchoolHouse,B6,8,base,aux/bloque_038.aux,planned
R004135,GMD_1p2192m,1.2192,B1_FV50,FallaElevador1_PuntaEvans,B6,8,base,aux/bloque_038.aux,planned
R004136,GMD_1p2192m,1.2192,B1_FV50,FallaElevador2_PuntaEvans,B6,8,base,aux/bloque_038.aux,planned
R004137,GMD_1p2192m,1.2192,B1_FV50,FallaElevador3_PuntaEvans,B6,8,base,aux/bloque_038.aux,planned
R004138,GMD_1p2192m,1.2192,B1_FV50,FallaTrafo1_ElBight,B6,8,base,aux/bloque_038.aux,planned
R004139,GMD_1p2192m,1.2192,B1_FV50,FallaTrafo2_ElBight,B6,8,base,aux/bloque_038.aux,planned
R004140,GMD_1p2192m,1.2192,B1_FV50,FallaTrafo1_SchoolHouse,B6,8,base,aux/bloque_038.aux,planned
R004141,GMD_1p2192m,1.2192,B5_FV15,FallaLinea1_PuntaEvans_ElBight,B6,8,base,aux/bloque_038.aux,planned
R004142,GMD_1p2192m,1.2192,B5_FV15,FallaLinea2_PuntaEvans_ElBight,B6,8,base,aux/bloque_038.aux,planned
R004143,GMD_1p2192m,1.2192,B5_FV15,FallaLinea1_PuntaEvans_SchoolHouse,B6,8,base,aux/bloque_038.aux,planned
R004144,GMD_1p2192m,1.2192,B5_FV15,FallaLinea1_ElBight_SchoolHouse,B6,8,base,aux/bloque_038.aux,planned
R004145,GMD_1p2192m,1.2192,B5_FV15,FallaElevador1_PuntaEvans,B6,8,base,aux/bloque_038.aux,planned
R004146,GMD_1p2192m,1.2192,B5_FV15,FallaElevador2_PuntaEvans,B6,8,base,aux/bloque_038.aux,planned
R004147,GMD_1p2192m,1.2192,B5_FV15,FallaElevador3_PuntaEvans,B6,8,base,aux/bloque_038.aux,planned
R004148,GMD_1p2192m,1.2192,B5_FV15,FallaTrafo1_ElBight,B6,8,base,aux/bloque_038.aux,planned
R004149,GMD_1p2192m,1.2192,B5_FV15,FallaTrafo2_ElBight,B6,8,base,aux/bloque_038.aux,planned
R004150,GMD_1p2192m,1.2192,B5_FV15,FallaTrafo1_SchoolHouse,B6,8,base,aux/bloque_038.aux,planned
R004151,GMD_1p2192m,1.2192,B5_FV30,FallaLinea1_PuntaEvans_ElBight,B6,8,base,aux/bloque_038.aux,planned
R004152,GMD_1p2192m,1.2192,B5_FV30,FallaLinea2_PuntaEvans_ElBight,B6,8,base,aux/bloque_038.aux,planned
R004153,GMD_1p2192m,1.2192,B5_FV30,FallaLinea1_PuntaEvans_SchoolHouse,B6,8,base,aux/bloque_038.aux,planned
R004154,GMD_1p2192m,1.2192,B5_FV30,FallaLinea1_ElBight_SchoolHouse,B6,8,base,aux/bloque_038.aux,planned
R004155,GMD_1p2192m,1.2192,B5_FV30,FallaElevador1_PuntaEvans,B6,8,base,aux/bloque_038.aux,planned
R004156,GMD_1p2192m,1.2192,B5_FV30,FallaElevador2_PuntaEvans,B6,8,base,aux/bloque_038.aux,planned
R004157,GMD_1p2192m,1.2192,B5_FV30,FallaElevador3_PuntaEvans,B6,8,base,aux/bloque_038.aux,planned
R004158,GMD_1p2192m,1.2192,B5_FV30,FallaTrafo1_ElBight,B6,8,base,aux/bloque_038.aux,planned
R004159,GMD_1p2192m,1.2192,B5_FV30,FallaTrafo2_ElBight,B6,8,base,aux/bloque_038.aux,planned
R004160,GMD_1p2192m,1.2192,B5_FV30,FallaTrafo1_SchoolHouse,B6,8,base,aux/bloque_038.aux,planned
R004161,GMD_1p2192m,1.2192,B5_FV50,FallaLinea1_PuntaEvans_ElBight,B6,8,base,aux/bloque_038.aux,planned
R004162,GMD_1p2192m,1.2192,B5_FV50,FallaLinea2_PuntaEvans_ElBight,B6,8,base,aux/bloque_038.aux,planned
R004163,GMD_1p2192m,1.2192,B5_FV50,FallaLinea1_PuntaEvans_SchoolHouse,B6,8,base,aux/bloque_038.aux,planned
R004164,GMD_1p2192m,1.2192,B5_FV50,FallaLinea1_ElBight_SchoolHouse,B6,8,base,aux/bloque_038.aux,planned
R004165,GMD_1p2192m,1.2192,B5_FV50,FallaElevador1_PuntaEvans,B6,8,base,aux/bloque_038.aux,planned
R004166,GMD_1p2192m,1.2192,B5_FV50,FallaElevador2_PuntaEvans,B6,8,base,aux/bloque_038.aux,planned
R004167,GMD_1p2192m,1.2192,B5_FV50,FallaElevador3_PuntaEvans,B6,8,base,aux/bloque_038.aux,planned
R004168,GMD_1p2192m,1.2192,B5_FV50,FallaTrafo1_ElBight,B6,8,base,aux/bloque_038.aux,planned
R004169,GMD_1p2192m,1.2192,B5_FV50,FallaTrafo2_ElBight,B6,8,base,aux/bloque_038.aux,planned
R004170,GMD_1p2192m,1.2192,B5_FV50,FallaTrafo1_SchoolHouse,B6,8,base,aux/bloque_038.aux,planned
R004171,GMD_1p2192m,1.2192,B6_FV15,FallaLinea1_PuntaEvans_ElBight,B6,8,base,aux/bloque_038.aux,planned
R004172,GMD_1p2192m,1.2192,B6_FV15,FallaLinea2_PuntaEvans_ElBight,B6,8,base,aux/bloque_038.aux,planned
R004173,GMD_1p2192m,1.2192,B6_FV15,FallaLinea1_PuntaEvans_SchoolHouse,B6,8,base,aux/bloque_038.aux,planned
R004174,GMD_1p2192m,1.2192,B6_FV15,FallaLinea1_ElBight_SchoolHouse,B6,8,base,aux/bloque_038.aux,planned
R004175,GMD_1p2192m,1.2192,B6_FV15,FallaElevador1_PuntaEvans,B6,8,base,aux/bloque_038.aux,planned
R004176,GMD_1p2192m,1.2192,B6_FV15,FallaElevador2_PuntaEvans,B6,8,base,aux/bloque_038.aux,planned
R004177,GMD_1p2192m,1.2192,B6_FV15,FallaElevador3_PuntaEvans,B6,8,base,aux/bloque_038.aux,planned
R004178,GMD_1p2192m,1.2192,B6_FV15,FallaTrafo1_ElBight,B6,8,base,aux/bloque_038.aux,planned
R004179,GMD_1p2192m,1.2192,B6_FV15,FallaTrafo2_ElBight,B6,8,base,aux/bloque_038.aux,planned
R004180,GMD_1p2192m,1.2192,B6_FV15,FallaTrafo1_SchoolHouse,B6,8,base,aux/bloque_038.aux,planned
R004181,GMD_1p2192m,1.2192,B6_FV30,FallaLinea1_PuntaEvans_ElBight,B6,8,base,aux/bloque_039.aux,planned
R004182,GMD_1p2192m,1.2192,B6_FV30,FallaLinea2_PuntaEvans_ElBight,B6,8,base,aux/bloque_039.aux,planned
R004183,GMD_1p2192m,1.2192,B6_FV30,FallaLinea1_PuntaEvans_SchoolHouse,B6,8,base,aux/bloque_039.aux,planned
R004184,GMD_1p2192m,1.2192,B6_FV30,FallaLinea1_ElBight_SchoolHouse,B6,8,base,aux/bloque_039.aux,planned
R004185,GMD_1p2192m,1.2192,B6_FV30,FallaElevador1_PuntaEvans,B6,8,base,aux/bloque_039.aux,planned
R004186,GMD_1p2192m,1.2192,B6_FV30,FallaElevador2_PuntaEvans,B6,8,base,aux/bloque_039.aux,planned
R004187,GMD_1p2192m,1.2192,B6_FV30,FallaElevador3_PuntaEvans,B6,8,base,aux/bloque_039.aux,planned
R004188,GMD_1p2192m,1.2192,B6_FV30,FallaTrafo1_ElBight,B6,8,base,aux/bloque_039.aux,planned
R004189,GMD_1p2192m,1.2192,B6_FV30,FallaTrafo2_ElBight,B6,8,base,aux/bloque_039.aux,planned
R004190,GMD_1p2192m,1.2192,B6_FV30,FallaTrafo1_SchoolHouse,B6,8,base,aux/bloque_039.aux,planned
R004191,GMD_1p2192m,1.2192,B6_FV50,FallaLinea1_PuntaEvans_ElBight,B6,8,base,aux/bloque_039.aux,planned
R004192,GMD_1p2192m,1.2192,B6_FV50,FallaLinea2_PuntaEvans_ElBight,B6,8,base,aux/bloque_039.aux,planned
R004193,GMD_1p2192m,1.2192,B6_FV50,FallaLinea1_PuntaEvans_SchoolHouse,B6,8,base,aux/bloque_039.aux,planned
R004194,GMD_1p2192m,1.2192,B6_FV50,FallaLinea1_ElBight_SchoolHouse,B6,8,base,aux/bloque_039.aux,planned
R004195,GMD_1p2192m,1.2192,B6_FV50,FallaElevador1_PuntaEvans,B6,8,base,aux/bloque_039.aux,planned
R004196,GMD_1p2192m,1.2192,B6_FV50,FallaElevador2_PuntaEvans,B6,8,base,aux/bloque_039.aux,planned
R004197,GMD_1p2192m,1.2192,B6_FV50,FallaElevador3_PuntaEvans,B6,8,base,aux/bloque_039.aux,planned
R004198,GMD_1p2192m,1.2192,B6_FV50,FallaTrafo1_ElBight,B6,8,base,aux/bloque_039.aux,planned
R004199,GMD_1p2192m,1.2192,B6_FV50,FallaTrafo2_ElBight,B6,8,base,aux/bloque_039.aux,planned
R004200,GMD_1p2192m,1.2192,B6_FV50,FallaTrafo1_SchoolHouse,B6,8,base,aux/bloque_039.aux,planned
R004201,GMD_1p2192m,1.2192,BASE,FallaLinea1_PuntaEvans_ElBight,B6,9,base,aux/bloque_039.aux,planned
R004202,GMD_1p2192m,1.2192,BASE,FallaLinea2_PuntaEvans_ElBight,B6,9,base,aux/bloque_039.aux,planned
R004203,GMD_1p2192m,1.2192,BASE,FallaLinea1_PuntaEvans_SchoolHouse,B6,9,base,aux/bloque_039.aux,planned
R004204,GMD_1p2192m,1.2192,BASE,FallaLinea1_ElBight_SchoolHouse,B6,9,base,aux/bloque_039.aux,planned
R004205,GMD_1p2192m,1.2192,BASE,FallaElevador1_PuntaEvans,B6,9,base,aux/bloque_039.aux,planned
R004206,GMD_1p2192m,1.2192,BASE,FallaElevador2_PuntaEvans,B6,9,base,aux/bloque_039.aux,planned
R004207,GMD_1p2192m,1.2192,BASE,FallaElevador3_PuntaEvans,B6,9,base,aux/bloque_039.aux,planned
R004208,GMD_1p2192m,1.2192,BASE,FallaTrafo1_ElBight,B6,9,base,aux/bloque_039.aux,planned
R004209,GMD_1p2192m,1.2192,BASE,FallaTrafo2_ElBight,B6,9,base,aux/bloque_039.aux,planned
R004210,GMD_1p2192m,1.2192,BASE,FallaTrafo1_SchoolHouse,B6,9,base,aux/bloque_039.aux,planned
R004211,GMD_1p2192m,1.2192,B1_FV15,FallaLinea1_PuntaEvans_ElBight,B6,9,base,aux/bloque_039.aux,planned
R004212,GMD_1p2192m,1.2192,B1_FV15,FallaLinea2_PuntaEvans_ElBight,B6,9,base,aux/bloque_039.aux,planned
R004213,GMD_1p2192m,1.2192,B1_FV15,FallaLinea1_PuntaEvans_SchoolHouse,B6,9,base,aux/bloque_039.aux,planned
R004214,GMD_1p2192m,1.2192,B1_FV15,FallaLinea1_ElBight_SchoolHouse,B6,9,base,aux/bloque_039.aux,planned
R004215,GMD_1p2192m,1.2192,B1_FV15,FallaElevador1_PuntaEvans,B6,9,base,aux/bloque_039.aux,planned
R004216,GMD_1p2192m,1.2192,B1_FV15,FallaElevador2_PuntaEvans,B6,9,base,aux/bloque_039.aux,planned
R004217,GMD_1p2192m,1.2192,B1_FV15,FallaElevador3_PuntaEvans,B6,9,base,aux/bloque_039.aux,planned
R004218,GMD_1p2192m,1.2192,B1_FV15,FallaTrafo1_ElBight,B6,9,base,aux/bloque_039.aux,planned
R004219,GMD_1p2192m,1.2192,B1_FV15,FallaTrafo2_ElBight,B6,9,base,aux/bloque_039.aux,planned
R004220,GMD_1p2192m,1.2192,B1_FV15,FallaTrafo1_SchoolHouse,B6,9,base,aux/bloque_039.aux,planned
R004221,GMD_1p2192m,1.2192,B1_FV30,FallaLinea1_PuntaEvans_ElBight,B6,9,base,aux/bloque_039.aux,planned
R004222,GMD_1p2192m,1.2192,B1_FV30,FallaLinea2_PuntaEvans_ElBight,B6,9,base,aux/bloque_039.aux,planned
R004223,GMD_1p2192m,1.2192,B1_FV30,FallaLinea1_PuntaEvans_SchoolHouse,B6,9,base,aux/bloque_039.aux,planned
R004224,GMD_1p2192m,1.2192,B1_FV30,FallaLinea1_ElBight_SchoolHouse,B6,9,base,aux/bloque_039.aux,planned
R004225,GMD_1p2192m,1.2192,B1_FV30,FallaElevador1_PuntaEvans,B6,9,base,aux/bloque_039.aux,planned
R004226,GMD_1p2192m,1.2192,B1_FV30,FallaElevador2_PuntaEvans,B6,9,base,aux/bloque_039.aux,planned
R004227,GMD_1p2192m,1.2192,B1_FV30,FallaElevador3_PuntaEvans,B6,9,base,aux/bloque_039.aux,planned
R004228,GMD_1p2192m,1.2192,B1_FV30,FallaTrafo1_ElBight,B6,9,base,aux/bloque_039.aux,planned
R004229,GMD_1p2192m,1.2192,B1_FV30,FallaTrafo2_ElBight,B6,9,base,aux/bloque_039.aux,planned
R004230,GMD_1p2192m,1.2192,B1_FV30,FallaTrafo1_SchoolHouse,B6,9,base,aux/bloque_039.aux,planned
R004231,GMD_1p2192m,1.2192,B1_FV50,FallaLinea1_PuntaEvans_ElBight,B6,9,base,aux/bloque_039.aux,planned
R004232,GMD_1p2192m,1.2192,B1_FV50,FallaLinea2_PuntaEvans_ElBight,B6,9,base,aux/bloque_039.aux,planned
R004233,GMD_1p2192m,1.2192,B1_FV50,FallaLinea1_PuntaEvans_SchoolHouse,B6,9,base,aux/bloque_039.aux,planned
R004234,GMD_1p2192m,1.2192,B1_FV50,FallaLinea1_ElBight_SchoolHouse,B6,9,base,aux/bloque_039.aux,planned
R004235,GMD_1p2192m,1.2192,B1_FV50,FallaElevador1_PuntaEvans,B6,9,base,aux/bloque_039.aux,planned
R004236,GMD_1p2192m,1.2192,B1_FV50,FallaElevador2_PuntaEvans,B6,9,base,aux/bloque_039.aux,planned
R004237,GMD_1p2192m,1.2192,B1_FV50,FallaElevador3_PuntaEvans,B6,9,base,aux/bloque_039.aux,planned
R004238,GMD_1p2192m,1.2192,B1_FV50,FallaTrafo1_ElBight,B6,9,base,aux/bloque_039.aux,planned
R004239,GMD_1p2192m,1.2192,B1_FV50,FallaTrafo2_ElBight,B6,9,base,aux/bloque_039.aux,planned
R004240,GMD_1p2192m,1.2192,B1_FV50,FallaTrafo1_SchoolHouse,B6,9,base,aux/bloque_039.aux,planned
R004241,GMD_1p2192m,1.2192,B5_FV15,FallaLinea1_PuntaEvans_ElBight,B6,9,base,aux/bloque_039.aux,planned
R004242,GMD_1p2192m,1.2192,B5_FV15,FallaLinea2_PuntaEvans_ElBight,B6,9,base,aux/bloque_039.aux,planned
R004243,GMD_1p2192m,1.2192,B5_FV15,FallaLinea1_PuntaEvans_SchoolHouse,B6,9,base,aux/bloque_039.aux,planned
R004244,GMD_1p2192m,1.2192,B5_FV15,FallaLinea1_ElBight_SchoolHouse,B6,9,base,aux/bloque_039.aux,planned
R004245,GMD_1p2192m,1.2192,B5_FV15,FallaElevador1_PuntaEvans,B6,9,base,aux/bloque_039.aux,planned
R004246,GMD_1p2192m,1.2192,B5_FV15,FallaElevador2_PuntaEvans,B6,9,base,aux/bloque_039.aux,planned
R004247,GMD_1p2192m,1.2192,B5_FV15,FallaElevador3_PuntaEvans,B6,9,base,aux/bloque_039.aux,planned
R004248,GMD_1p2192m,1.2192,B5_FV15,FallaTrafo1_ElBight,B6,9,base,aux/bloque_039.aux,planned
R004249,GMD_1p2192m,1.2192,B5_FV15,FallaTrafo2_ElBight,B6,9,base,aux/bloque_039.aux,planned
R004250,GMD_1p2192m,1.2192,B5_FV15,FallaTrafo1_SchoolHouse,B6,9,base,aux/bloque_039.aux,planned
R004251,GMD_1p2192m,1.2192,B5_FV30,FallaLinea1_PuntaEvans_ElBight,B6,9,base,aux/bloque_039.aux,planned
R004252,GMD_1p2192m,1.2192,B5_FV30,FallaLinea2_PuntaEvans_ElBight,B6,9,base,aux/bloque_039.aux,planned
R004253,GMD_1p2192m,1.2192,B5_FV30,FallaLinea1_PuntaEvans_SchoolHouse,B6,9,base,aux/bloque_039.aux,planned
R004254,GMD_1p2192m,1.2192,B5_FV30,FallaLinea1_ElBight_SchoolHouse,B6,9,base,aux/bloque_039.aux,planned
R004255,GMD_1p2192m,1.2192,B5_FV30,FallaElevador1_PuntaEvans,B6,9,base,aux/bloque_039.aux,planned
R004256,GMD_1p2192m,1.2192,B5_FV30,FallaElevador2_PuntaEvans,B6,9,base,aux/bloque_039.aux,planned
R004257,GMD_1p2192m,1.2192,B5_FV30,FallaElevador3_PuntaEvans,B6,9,base,aux/bloque_039.aux,planned
R004258,GMD_1p2192m,1.2192,B5_FV30,FallaTrafo1_ElBight,B6,9,base,aux/bloque_039.aux,planned
R004259,GMD_1p2192m,1.2192,B5_FV30,FallaTrafo2_ElBight,B6,9,base,aux/bloque_039.aux,planned
R004260,GMD_1p2192m,1.2192,B5_FV30,FallaTrafo1_SchoolHouse,B6,9,base,aux/bloque_039.aux,planned
R004261,GMD_1p2192m,1.2192,B5_FV50,FallaLinea1_PuntaEvans_ElBight,B6,9,base,aux/bloque_039.aux,planned
R004262,GMD_1p2192m,1.2192,B5_FV50,FallaLinea2_PuntaEvans_ElBight,B6,9,base,aux/bloque_039.aux,planned
R004263,GMD_1p2192m,1.2192,B5_FV50,FallaLinea1_PuntaEvans_SchoolHouse,B6,9,base,aux/bloque_039.aux,planned
R004264,GMD_1p2192m,1.2192,B5_FV50,FallaLinea1_ElBight_SchoolHouse,B6,9,base,aux/bloque_039.aux,planned
R004265,GMD_1p2192m,1.2192,B5_FV50,FallaElevador1_PuntaEvans,B6,9,base,aux/bloque_039.aux,planned
R004266,GMD_1p2192m,1.2192,B5_FV50,FallaElevador2_PuntaEvans,B6,9,base,aux/bloque_039.aux,planned
R004267,GMD_1p2192m,1.2192,B5_FV50,FallaElevador3_PuntaEvans,B6,9,base,aux/bloque_039.aux,planned
R004268,GMD_1p2192m,1.2192,B5_FV50,FallaTrafo1_ElBight,B6,9,base,aux/bloque_039.aux,planned
R004269,GMD_1p2192m,1.2192,B5_FV50,FallaTrafo2_ElBight,B6,9,base,aux/bloque_039.aux,planned
R004270,GMD_1p2192m,1.2192,B5_FV50,FallaTrafo1_SchoolHouse,B6,9,base,aux/bloque_039.aux,planned
R004271,GMD_1p2192m,1.2192,B6_FV15,FallaLinea1_PuntaEvans_ElBight,B6,9,base,aux/bloque_039.aux,planned
R004272,GMD_1p2192m,1.2192,B6_FV15,FallaLinea2_PuntaEvans_ElBight,B6,9,base,aux/bloque_039.aux,planned
R004273,GMD_1p2192m,1.2192,B6_FV15,FallaLinea1_PuntaEvans_SchoolHouse,B6,9,base,aux/bloque_039.aux,planned
R004274,GMD_1p2192m,1.2192,B6_FV15,FallaLinea1_ElBight_SchoolHouse,B6,9,base,aux/bloque_039.aux,planned
R004275,GMD_1p2192m,1.2192,B6_FV15,FallaElevador1_PuntaEvans,B6,9,base,aux/bloque_039.aux,planned
R004276,GMD_1p2192m,1.2192,B6_FV15,FallaElevador2_PuntaEvans,B6,9,base,aux/bloque_039.aux,planned
R004277,GMD_1p2192m,1.2192,B6_FV15,FallaElevador3_PuntaEvans,B6,9,base,aux/bloque_039.aux,planned
R004278,GMD_1p2192m,1.2192,B6_FV15,FallaTrafo1_ElBight,B6,9,base,aux/bloque_039.aux,planned
R004279,GMD_1p2192m,1.2192,B6_FV15,FallaTrafo2_ElBight,B6,9,base,aux/bloque_039.aux,planned
R004280,GMD_1p2192m,1.2192,B6_FV15,FallaTrafo1_SchoolHouse,B6,9,base,aux/bloque_039.aux,planned
R004281,GMD_1p2192m,1.2192,B6_FV30,FallaLinea1_PuntaEvans_ElBight,B6,9,base,aux/bloque_039.aux,planned
R004282,GMD_1p2192m,1.2192,B6_FV30,FallaLinea2_PuntaEvans_ElBight,B6,9,base,aux/bloque_039.aux,planned
R004283,GMD_1p2192m,1.2192,B6_FV30,FallaLinea1_PuntaEvans_SchoolHouse,B6,9,base,aux/bloque_039.aux,planned
R004284,GMD_1p2192m,1.2192,B6_FV30,FallaLinea1_ElBight_SchoolHouse,B6,9,base,aux/bloque_039.aux,planned
R004285,GMD_1p2192m,1.2192,B6_FV30,FallaElevador1_PuntaEvans,B6,9,base,aux/bloque_039.aux,planned
R004286,GMD_1p2192m,1.2192,B6_FV30,FallaElevador2_PuntaEvans,B6,9,base,aux/bloque_039.aux,planned
R004287,GMD_1p2192m,1.2192,B6_FV30,FallaElevador3_PuntaEvans,B6,9,base,aux/bloque_039.aux,planned
R004288,GMD_1p2192m,1.2192,B6_FV30,FallaTrafo1_ElBight,B6,9,base,aux/bloque_039.aux,planned
R004289,GMD_1p2192m,1.2192,B6_FV30,FallaTrafo2_ElBight,B6,9,base,aux/bloque_039.aux,planned
R004290,GMD_1p2192m,1.2192,B6_FV30,FallaTrafo1_SchoolHouse,B6,9,base,aux/bloque_039.aux,planned
R004291,GMD_1p2192m,1.2192,B6_FV50,FallaLinea1_PuntaEvans_ElBight,B6,9,base,aux/bloque_040.aux,planned
R004292,GMD_1p2192m,1.2192,B6_FV50,FallaLinea2_PuntaEvans_ElBight,B6,9,base,aux/bloque_040.aux,planned
R004293,GMD_1p2192m,1.2192,B6_FV50,FallaLinea1_PuntaEvans_SchoolHouse,B6,9,base,aux/bloque_040.aux,planned
R004294,GMD_1p2192m,1.2192,B6_FV50,FallaLinea1_ElBight_SchoolHouse,B6,9,base,aux/bloque_040.aux,planned
R004295,GMD_1p2192m,1.2192,B6_FV50,FallaElevador1_PuntaEvans,B6,9,base,aux/bloque_040.aux,planned
R004296,GMD_1p2192m,1.2192,B6_FV50,FallaElevador2_PuntaEvans,B6,9,base,aux/bloque_040.aux,planned
R004297,GMD_1p2192m,1.2192,B6_FV50,FallaElevador3_PuntaEvans,B6,9,base,aux/bloque_040.aux,planned
R004298,GMD_1p2192m,1.2192,B6_FV50,FallaTrafo1_ElBight,B6,9,base,aux/bloque_040.aux,planned
R004299,GMD_1p2192m,1.2192,B6_FV50,FallaTrafo2_ElBight,B6,9,base,aux/bloque_040.aux,planned
R004300,GMD_1p2192m,1.2192,B6_FV50,FallaTrafo1_SchoolHouse,B6,9,base,aux/bloque_040.aux,planned
R004301,GMD_1p2192m,1.2192,BASE,FallaLinea1_PuntaEvans_ElBight,B6,10,base,aux/bloque_040.aux,planned
R004302,GMD_1p2192m,1.2192,BASE,FallaLinea2_PuntaEvans_ElBight,B6,10,base,aux/bloque_040.aux,planned
R004303,GMD_1p2192m,1.2192,BASE,FallaLinea1_PuntaEvans_SchoolHouse,B6,10,base,aux/bloque_040.aux,planned
R004304,GMD_1p2192m,1.2192,BASE,FallaLinea1_ElBight_SchoolHouse,B6,10,base,aux/bloque_040.aux,planned
R004305,GMD_1p2192m,1.2192,BASE,FallaElevador1_PuntaEvans,B6,10,base,aux/bloque_040.aux,planned
R004306,GMD_1p2192m,1.2192,BASE,FallaElevador2_PuntaEvans,B6,10,base,aux/bloque_040.aux,planned
R004307,GMD_1p2192m,1.2192,BASE,FallaElevador3_PuntaEvans,B6,10,base,aux/bloque_040.aux,planned
R004308,GMD_1p2192m,1.2192,BASE,FallaTrafo1_ElBight,B6,10,base,aux/bloque_040.aux,planned
R004309,GMD_1p2192m,1.2192,BASE,FallaTrafo2_ElBight,B6,10,base,aux/bloque_040.aux,planned
R004310,GMD_1p2192m,1.2192,BASE,FallaTrafo1_SchoolHouse,B6,10,base,aux/bloque_040.aux,planned
R004311,GMD_1p2192m,1.2192,B1_FV15,FallaLinea1_PuntaEvans_ElBight,B6,10,base,aux/bloque_040.aux,planned
R004312,GMD_1p2192m,1.2192,B1_FV15,FallaLinea2_PuntaEvans_ElBight,B6,10,base,aux/bloque_040.aux,planned
R004313,GMD_1p2192m,1.2192,B1_FV15,FallaLinea1_PuntaEvans_SchoolHouse,B6,10,base,aux/bloque_040.aux,planned
R004314,GMD_1p2192m,1.2192,B1_FV15,FallaLinea1_ElBight_SchoolHouse,B6,10,base,aux/bloque_040.aux,planned
R004315,GMD_1p2192m,1.2192,B1_FV15,FallaElevador1_PuntaEvans,B6,10,base,aux/bloque_040.aux,planned
R004316,GMD_1p2192m,1.2192,B1_FV15,FallaElevador2_PuntaEvans,B6,10,base,aux/bloque_040.aux,planned
R004317,GMD_1p2192m,1.2192,B1_FV15,FallaElevador3_PuntaEvans,B6,10,base,aux/bloque_040.aux,planned
R004318,GMD_1p2192m,1.2192,B1_FV15,FallaTrafo1_ElBight,B6,10,base,aux/bloque_040.aux,planned
R004319,GMD_1p2192m,1.2192,B1_FV15,FallaTrafo2_ElBight,B6,10,base,aux/bloque_040.aux,planned
R004320,GMD_1p2192m,1.2192,B1_FV15,FallaTrafo1_SchoolHouse,B6,10,base,aux/bloque_040.aux,planned
R004321,GMD_1p2192m,1.2192,B1_FV30,FallaLinea1_PuntaEvans_ElBight,B6,10,base,aux/bloque_040.aux,planned
R004322,GMD_1p2192m,1.2192,B1_FV30,FallaLinea2_PuntaEvans_ElBight,B6,10,base,aux/bloque_040.aux,planned
R004323,GMD_1p2192m,1.2192,B1_FV30,FallaLinea1_PuntaEvans_SchoolHouse,B6,10,base,aux/bloque_040.aux,planned
R004324,GMD_1p2192m,1.2192,B1_FV30,FallaLinea1_ElBight_SchoolHouse,B6,10,base,aux/bloque_040.aux,planned
R004325,GMD_1p2192m,1.2192,B1_FV30,FallaElevador1_PuntaEvans,B6,10,base,aux/bloque_040.aux,planned
R004326,GMD_1p2192m,1.2192,B1_FV30,FallaElevador2_PuntaEvans,B6,10,base,aux/bloque_040.aux,planned
R004327,GMD_1p2192m,1.2192,B1_FV30,FallaElevador3_PuntaEvans,B6,10,base,aux/bloque_040.aux,planned
R004328,GMD_1p2192m,1.2192,B1_FV30,FallaTrafo1_ElBight,B6,10,base,aux/bloque_040.aux,planned
R004329,GMD_1p2192m,1.2192,B1_FV30,FallaTrafo2_ElBight,B6,10,base,aux/bloque_040.aux,planned
R004330,GMD_1p2192m,1.2192,B1_FV30,FallaTrafo1_SchoolHouse,B6,10,base,aux/bloque_040.aux,planned
R004331,GMD_1p2192m,1.2192,B1_FV50,FallaLinea1_PuntaEvans_ElBight,B6,10,base,aux/bloque_040.aux,planned
R004332,GMD_1p2192m,1.2192,B1_FV50,FallaLinea2_PuntaEvans_ElBight,B6,10,base,aux/bloque_040.aux,planned
R004333,GMD_1p2192m,1.2192,B1_FV50,FallaLinea1_PuntaEvans_SchoolHouse,B6,10,base,aux/bloque_040.aux,planned
R004334,GMD_1p2192m,1.2192,B1_FV50,FallaLinea1_ElBight_SchoolHouse,B6,10,base,aux/bloque_040.aux,planned
R004335,GMD_1p2192m,1.2192,B1_FV50,FallaElevador1_PuntaEvans,B6,10,base,aux/bloque_040.aux,planned
R004336,GMD_1p2192m,1.2192,B1_FV50,FallaElevador2_PuntaEvans,B6,10,base,aux/bloque_040.aux,planned
R004337,GMD_1p2192m,1.2192,B1_FV50,FallaElevador3_PuntaEvans,B6,10,base,aux/bloque_040.aux,planned
R004338,GMD_1p2192m,1.2192,B1_FV50,FallaTrafo1_ElBight,B6,10,base,aux/bloque_040.aux,planned
R004339,GMD_1p2192m,1.2192,B1_FV50,FallaTrafo2_ElBight,B6,10,base,aux/bloque_040.aux,planned
R004340,GMD_1p2192m,1.2192,B1_FV50,FallaTrafo1_SchoolHouse,B6,10,base,aux/bloque_040.aux,planned
R004341,GMD_1p2192m,1.2192,B5_FV15,FallaLinea1_PuntaEvans_ElBight,B6,10,base,aux/bloque_040.aux,planned
R004342,GMD_1p2192m,1.2192,B5_FV15,FallaLinea2_PuntaEvans_ElBight,B6,10,base,aux/bloque_040.aux,planned
R004343,GMD_1p2192m,1.2192,B5_FV15,FallaLinea1_PuntaEvans_SchoolHouse,B6,10,base,aux/bloque_040.aux,planned
R004344,GMD_1p2192m,1.2192,B5_FV15,FallaLinea1_ElBight_SchoolHouse,B6,10,base,aux/bloque_040.aux,planned
R004345,GMD_1p2192m,1.2192,B5_FV15,FallaElevador1_PuntaEvans,B6,10,base,aux/bloque_040.aux,planned
R004346,GMD_1p2192m,1.2192,B5_FV15,FallaElevador2_PuntaEvans,B6,10,base,aux/bloque_040.aux,planned
R004347,GMD_1p2192m,1.2192,B5_FV15,FallaElevador3_PuntaEvans,B6,10,base,aux/bloque_040.aux,planned
R004348,GMD_1p2192m,1.2192,B5_FV15,FallaTrafo1_ElBight,B6,10,base,aux/bloque_040.aux,planned
R004349,GMD_1p2192m,1.2192,B5_FV15,FallaTrafo2_ElBight,B6,10,base,aux/bloque_040.aux,planned
R004350,GMD_1p2192m,1.2192,B5_FV15,FallaTrafo1_SchoolHouse,B6,10,base,aux/bloque_040.aux,planned
R004351,GMD_1p2192m,1.2192,B5_FV30,FallaLinea1_PuntaEvans_ElBight,B6,10,base,aux/bloque_040.aux,planned
R004352,GMD_1p2192m,1.2192,B5_FV30,FallaLinea2_PuntaEvans_ElBight,B6,10,base,aux/bloque_040.aux,planned
R004353,GMD_1p2192m,1.2192,B5_FV30,FallaLinea1_PuntaEvans_SchoolHouse,B6,10,base,aux/bloque_040.aux,planned
R004354,GMD_1p2192m,1.2192,B5_FV30,FallaLinea1_ElBight_SchoolHouse,B6,10,base,aux/bloque_040.aux,planned
R004355,GMD_1p2192m,1.2192,B5_FV30,FallaElevador1_PuntaEvans,B6,10,base,aux/bloque_040.aux,planned
R004356,GMD_1p2192m,1.2192,B5_FV30,FallaElevador2_PuntaEvans,B6,10,base,aux/bloque_040.aux,planned
R004357,GMD_1p2192m,1.2192,B5_FV30,FallaElevador3_PuntaEvans,B6,10,base,aux/bloque_040.aux,planned
R004358,GMD_1p2192m,1.2192,B5_FV30,FallaTrafo1_ElBight,B6,10,base,aux/bloque_040.aux,planned
R004359,GMD_1p2192m,1.2192,B5_FV30,FallaTrafo2_ElBight,B6,10,base,aux/bloque_040.aux,planned
R004360,GMD_1p2192m,1.2192,B5_FV30,FallaTrafo1_SchoolHouse,B6,10,base,aux/bloque_040.aux,planned
R004361,GMD_1p2192m,1.2192,B5_FV50,FallaLinea1_PuntaEvans_ElBight,B6,10,base,aux/bloque_040.aux,planned
R004362,GMD_1p2192m,1.2192,B5_FV50,FallaLinea2_PuntaEvans_ElBight,B6,10,base,aux/bloque_040.aux,planned
R004363,GMD_1p2192m,1.2192,B5_FV50,FallaLinea1_PuntaEvans_SchoolHouse,B6,10,base,aux/bloque_040.aux,planned
R004364,GMD_1p2192m,1.2192,B5_FV50,FallaLinea1_ElBight_SchoolHouse,B6,10,base,aux/bloque_040.aux,planned
R004365,GMD_1p2192m,1.2192,B5_FV50,FallaElevador1_PuntaEvans,B6,10,base,aux/bloque_040.aux,planned
R004366,GMD_1p2192m,1.2192,B5_FV50,FallaElevador2_PuntaEvans,B6,10,base,aux/bloque_040.aux,planned
R004367,GMD_1p2192m,1.2192,B5_FV50,FallaElevador3_PuntaEvans,B6,10,base,aux/bloque_040.aux,planned
R004368,GMD_1p2192m,1.2192,B5_FV50,FallaTrafo1_ElBight,B6,10,base,aux/bloque_040.aux,planned
R004369,GMD_1p2192m,1.2192,B5_FV50,FallaTrafo2_ElBight,B6,10,base,aux/bloque_040.aux,planned
R004370,GMD_1p2192m,1.2192,B5_FV50,FallaTrafo1_SchoolHouse,B6,10,base,aux/bloque_040.aux,planned
R004371,GMD_1p2192m,1.2192,B6_FV15,FallaLinea1_PuntaEvans_ElBight,B6,10,base,aux/bloque_040.aux,planned
R004372,GMD_1p2192m,1.2192,B6_FV15,FallaLinea2_PuntaEvans_ElBight,B6,10,base,aux/bloque_040.aux,planned
R004373,GMD_1p2192m,1.2192,B6_FV15,FallaLinea1_PuntaEvans_SchoolHouse,B6,10,base,aux/bloque_040.aux,planned
R004374,GMD_1p2192m,1.2192,B6_FV15,FallaLinea1_ElBight_SchoolHouse,B6,10,base,aux/bloque_040.aux,planned
R004375,GMD_1p2192m,1.2192,B6_FV15,FallaElevador1_PuntaEvans,B6,10,base,aux/bloque_040.aux,planned
R004376,GMD_1p2192m,1.2192,B6_FV15,FallaElevador2_PuntaEvans,B6,10,base,aux/bloque_040.aux,planned
R004377,GMD_1p2192m,1.2192,B6_FV15,FallaElevador3_PuntaEvans,B6,10,base,aux/bloque_040.aux,planned
R004378,GMD_1p2192m,1.2192,B6_FV15,FallaTrafo1_ElBight,B6,10,base,aux/bloque_040.aux,planned
R004379,GMD_1p2192m,1.2192,B6_FV15,FallaTrafo2_ElBight,B6,10,base,aux/bloque_040.aux,planned
R004380,GMD_1p2192m,1.2192,B6_FV15,FallaTrafo1_SchoolHouse,B6,10,base,aux/bloque_040.aux,planned
R004381,GMD_1p2192m,1.2192,B6_FV30,FallaLinea1_PuntaEvans_ElBight,B6,10,base,aux/bloque_040.aux,planned
R004382,GMD_1p2192m,1.2192,B6_FV30,FallaLinea2_PuntaEvans_ElBight,B6,10,base,aux/bloque_040.aux,planned
R004383,GMD_1p2192m,1.2192,B6_FV30,FallaLinea1_PuntaEvans_SchoolHouse,B6,10,base,aux/bloque_040.aux,planned
R004384,GMD_1p2192m,1.2192,B6_FV30,FallaLinea1_ElBight_SchoolHouse,B6,10,base,aux/bloque_040.aux,planned
R004385,GMD_1p2192m,1.2192,B6_FV30,FallaElevador1_PuntaEvans,B6,10,base,aux/bloque_040.aux,planned
R004386,GMD_1p2192m,1.2192,B6_FV30,FallaElevador2_PuntaEvans,B6,10,base,aux/bloque_040.aux,planned
R004387,GMD_1p2192m,1.2192,B6_FV30,FallaElevador3_PuntaEvans,B6,10,base,aux/bloque_040.aux,planned
R004388,GMD_1p2192m,1.2192,B6_FV30,FallaTrafo1_ElBight,B6,10,base,aux/bloque_040.aux,planned
R004389,GMD_1p2192m,1.2192,B6_FV30,FallaTrafo2_ElBight,B6,10,base,aux/bloque_040.aux,planned
R004390,GMD_1p2192m,1.2192,B6_FV30,FallaTrafo1_SchoolHouse,B6,10,base,aux/bloque_040.aux,planned
R004391,GMD_1p2192m,1.2192,B6_FV50,FallaLinea1_PuntaEvans_ElBight,B6,10,base,aux/bloque_040.aux,planned
R004392,GMD_1p2192m,1.2192,B6_FV50,FallaLinea2_PuntaEvans_ElBight,B6,10,base,aux/bloque_040.aux,planned
R004393,GMD_1p2192m,1.2192,B6_FV50,FallaLinea1_PuntaEvans_SchoolHouse,B6,10,base,aux/bloque_040.aux,planned
R004394,GMD_1p2192m,1.2192,B6_FV50,FallaLinea1_ElBight_SchoolHouse,B6,10,base,aux/bloque_040.aux,planned
R004395,GMD_1p2192m,1.2192,B6_FV50,FallaElevador1_PuntaEvans,B6,10,base,aux/bloque_040.aux,planned
R004396,GMD_1p2192m,1.2192,B6_FV50,FallaElevador2_PuntaEvans,B6,10,base,aux/bloque_040.aux,planned
R004397,GMD_1p2192m,1.2192,B6_FV50,FallaElevador3_PuntaEvans,B6,10,base,aux/bloque_040.aux,planned
R004398,GMD_1p2192m,1.2192,B6_FV50,FallaTrafo1_ElBight,B6,10,base,aux/bloque_040.aux,planned
R004399,GMD_1p2192m,1.2192,B6_FV50,FallaTrafo2_ElBight,B6,10,base,aux/bloque_040.aux,planned
R004400,GMD_1p2192m,1.2192,B6_FV50,FallaTrafo1_SchoolHouse,B6,10,base,aux/bloque_040.aux,planned
